cefr_a,cefr_b,level_distance,level_dist_weight,threshold_used,needs_screening,source_a,source_b,text_a,text_b,similarity,score,avg_word_len_delta,ttr_delta,num_words_delta
A1,B2,3,1.4,0.55,ok,UniversalCEFR/cefr_sp_en,UniversalCEFR/cefr_sp_en,"Winters died on 23 April 2019 , at the age of 80 .","Winters died on 23 April 2019 at the age of 80 , from congestive heart failure .",0.9371,1.312,1.0,0.0,4.0
B1,C2,3,1.4,0.75,ok,UniversalCEFR/cefr_sp_en,UniversalCEFR/cefr_sp_en,Sexual reproduction first appeared about a billion years ago .,Sexual reproduction first probably evolved about a billion years ago within ancestral single -celled eukaryotes .,0.8772,1.228,0.622,0.0,6.0
A1,B2,3,1.4,0.55,ok,UniversalCEFR/cefr_sp_en,UniversalCEFR/cefr_sp_en,"Stubing died on 3 July 2017 in Rome , age 76 .",Stubing died on 3 July 2017 at her home in Rome from multiple myeloma at the age of 76 .,0.8592,1.2029,0.098,0.062,9.0
B1,C2,3,1.4,0.75,ok,UniversalCEFR/cefr_sp_en,UniversalCEFR/cefr_sp_en,Some fish change sex over the course of their life .,"Many fish change sex over the course of their lifespan , a phenomenon called sequential hermaphroditism .",0.8442,1.1819,1.7,0.0,5.0
A2,C1,3,1.4,0.75,ok,UniversalCEFR/cefr_sp_en,UniversalCEFR/cefr_sp_en,The oldest parts of the building date from 1094 .,The oldest parts of the building have been dated by dendrochronology to 1094 .,0.8375,1.1725,0.625,0.042,4.0
A2,B2,2,1.2,0.75,ok,UniversalCEFR/cefr_sp_en,UniversalCEFR/cefr_sp_en,The province is divided into 6 districts and 12 municipalities .,The province has 6 districts and 12 municipalities .,0.9686,1.1623,0.417,0.0,2.0
A1,C1,4,1.6,0.55,ok,UniversalCEFR/cefr_sp_en,UniversalCEFR/cefr_sp_en,"He died , aged 80 on 23 July , 2014 .","He died on June 21 , 2014 from acute respiratory failure after being hospitalized with pneumonia , aged 88 .",0.725,1.1599,2.371,0.0,9.0
B1,C1,2,1.2,0.75,similar_complexity,UniversalCEFR/cefr_sp_en,UniversalCEFR/cefr_sp_en,The traditional food is famous for many vegetables and greens used seasonally in the dishes .,The traditional cuisine is famous for an abundance of vegetables and greens used seasonally in the dishes .,0.9631,1.1557,0.102,0.008,2.0
A2,C1,3,1.4,0.75,ok,UniversalCEFR/cefr_sp_en,UniversalCEFR/cefr_sp_en,They feed on insects and fruit .,"They feed on insects and fruit , and their broad bills and weak legs reflect their diet and arboreal habits .",0.8246,1.1544,0.412,0.211,13.0
A1,C1,4,1.6,0.55,ok,UniversalCEFR/cefr_sp_en,UniversalCEFR/cefr_sp_en,"He died , aged 80 , on 22 July 2014 .","He died on June 21 , 2014 from acute respiratory failure after being hospitalized with pneumonia , aged 88 .",0.7192,1.1507,2.371,0.0,9.0
B1,C1,2,1.2,0.75,ok,UniversalCEFR/cefr_sp_en,UniversalCEFR/cefr_sp_en,Building construction is the process of adding structure to real property .,Building construction is the process of adding structure to real property or construction of buildings .,0.9567,1.148,0.139,0.133,4.0
B1,C1,2,1.2,0.75,ok,UniversalCEFR/cefr_sp_en,UniversalCEFR/cefr_sp_en,"Kodkods are active during the day and night , but they only go into open ground under the cover of darkness .","Kodkods are equally active during the day and during the night , although they only venture into open terrain under the cover of darkness .",0.9559,1.1471,0.613,0.08,3.0
B1,C1,2,1.2,0.75,ok,UniversalCEFR/cefr_sp_en,UniversalCEFR/cefr_sp_en,"During December to March , the lake turns to a vibrant cobalt blue color .","During December to March , the lake turns to a vibrant cobalt blue color , returning to a colder steel grey color for April to November .",0.954,1.1448,0.038,0.131,11.0
A2,B2,2,1.2,0.75,ok,UniversalCEFR/cefr_sp_en,UniversalCEFR/cefr_sp_en,"The island 's animals are mainly birds , although rabbits are long established here .","The island 's animals are mainly of the avian variety , although rabbits are long established here .",0.9516,1.1419,0.231,0.048,3.0
A2,B2,2,1.2,0.75,ok,UniversalCEFR/readme_en,UniversalCEFR/cefr_sp_en,"Psychology is the scientific study of behavior, cognition, and emotion","Psychology is the scientific study of human behavior , mental functioning , and experience .",0.9504,1.1405,0.35,0.0,2.0
A1,B1,2,1.2,0.6,ok,UniversalCEFR/cefr_sp_en,UniversalCEFR/cefr_sp_en,Alsop died on 12 May 2018 at the age of 70 .,Alsop died after a short illness on 12 May 2018 at the age of 70 .,0.9493,1.1392,0.5,0.0,4.0
B1,C1,2,1.2,0.75,ok,UniversalCEFR/cefr_sp_en,UniversalCEFR/cefr_sp_en,Twenty - eight merchant ships with more than 34000 ST of cargo were sunk or destroyed .,Twenty - eight merchant ships laden with more than 34000 ST of cargo were sunk or destroyed ; three ships carrying a further 7500 ST were later salvaged .,0.9358,1.1229,0.179,0.125,10.0
B1,C1,2,1.2,0.75,ok,UniversalCEFR/cefr_sp_en,UniversalCEFR/cefr_sp_en,In 1839 smallpox killed many of the people who lived in the area .,There was a smallpox epidemic in 1839 that killed a large part of the population of the area .,0.9348,1.1217,0.176,0.01,5.0
B1,C1,2,1.2,0.75,similar_complexity,UniversalCEFR/cefr_sp_en,UniversalCEFR/cefr_sp_en,"A lot of classical guitar music is in E minor , because this key is very suited for the instrument .","Much of the classical guitar repertoire is in E minor , as this is a very natural key for the instrument .",0.934,1.1208,0.045,0.047,1.0
A1,C1,4,1.6,0.55,ok,UniversalCEFR/cefr_sp_en,UniversalCEFR/cefr_sp_en,"He died , aged 80 on 23 July , 2014 .",He died on 21 June 2014 from acute respiratory failure after being hospitalized with pneumonia .,0.7003,1.1205,2.492,0.0,8.0
A2,B2,2,1.2,0.75,ok,UniversalCEFR/cefr_sp_en,UniversalCEFR/cefr_sp_en,"Currently , the Philippines is divided into 17 regions .",The Philippines has 17 administrative regions .,0.9335,1.1202,1.457,0.0,2.0
B2,C2,2,1.2,0.75,ok,UniversalCEFR/cefr_sp_en,UniversalCEFR/cefr_sp_en,Some enzymes need several cofactors .,Some enzymes or enzyme complexes require several cofactors .,0.9333,1.12,0.175,0.0,3.0
A1,C1,4,1.6,0.55,ok,UniversalCEFR/cefr_sp_en,UniversalCEFR/cefr_sp_en,He died on 18 October 2017 .,"He died on 17 January 2018 from hypothermia , four days after his 52nd birthday .",0.6963,1.1141,1.159,0.0,7.0
A1,C1,4,1.6,0.55,ok,UniversalCEFR/cefr_sp_en,UniversalCEFR/cefr_sp_en,"He died , aged 80 , on 22 July 2014 .",He died on 21 June 2014 from acute respiratory failure after being hospitalized with pneumonia .,0.696,1.1135,2.492,0.0,8.0
A1,C1,4,1.6,0.55,ok,UniversalCEFR/cefr_sp_en,UniversalCEFR/cefr_sp_en,"He died on 3 May 2015 , aged 84 , after a long illness .","He died on June 21 , 2014 from acute respiratory failure after being hospitalized with pneumonia , aged 88 .",0.6954,1.1126,2.016,0.0,5.0
A1,B1,2,1.2,0.6,ok,UniversalCEFR/cefr_sp_en,UniversalCEFR/cefr_sp_en,"Moody died in hospital on 11 June 2015 , aged 91 .","Moody died of natural causes whilst in a London hospital on 11 June 2015 , aged 91 .",0.9213,1.1056,0.242,0.0,6.0
B1,C1,2,1.2,0.75,ok,UniversalCEFR/cefr_sp_en,UniversalCEFR/cefr_sp_en,"In 2010 , he came out as homosexual .","In 2010 , he came out as homosexual , after previously describing himself as bisexual .",0.9211,1.1053,1.583,0.083,6.0
B2,C2,2,1.2,0.75,ok,UniversalCEFR/cefr_sp_en,UniversalCEFR/cefr_sp_en,"In the past , non-photosynthetic plants were thought to get food by breaking down organic matter like fungi do .","In the past , non-photosynthetic plants were mistakenly thought to get food by breaking down organic matter in a manner similar to saprotrophic fungi .",0.9174,1.1008,0.43,0.083,5.0
A2,B2,2,1.2,0.75,ok,UniversalCEFR/cefr_sp_en,UniversalCEFR/cefr_sp_en,"At first , during the 1820s and 1830s , she just wrote for piano .","At first , during the 1820s and 1830s , she composed exclusively for the piano .",0.9156,1.0987,0.827,0.091,1.0
A2,B2,2,1.2,0.75,ok,UniversalCEFR/cefr_sp_en,UniversalCEFR/cefr_sp_en,Up to five players can play at a time .,Up to five players can play simultaneously .,0.9155,1.0986,1.921,0.0,2.0
B1,C1,2,1.2,0.75,ok,UniversalCEFR/cefr_sp_en,UniversalCEFR/cefr_sp_en,Eucalypts draw a very large amount of water from the soil .,Eucalypts draw a tremendous amount of water from the soil through the process of transpiration .,0.9126,1.0951,1.061,0.133,4.0
B1,C1,2,1.2,0.75,ok,UniversalCEFR/cefr_sp_en,UniversalCEFR/cefr_sp_en,"The Red Crown is often shown in texts , wall carvings and statues .",The Red Crown frequently is mentioned in texts and depicted in reliefs and statues .,0.9099,1.0919,0.595,0.143,2.0
B2,C2,2,1.2,0.75,ok,UniversalCEFR/cefr_sp_en,UniversalCEFR/cefr_sp_en,"Since hummingbirds are specialized nectar-eaters , they are tied to the bird- flowers they feed upon .",Hummingbirds are specialized nectarivores and are tied to the ornithophilous flowers upon which they feed .,0.9055,1.0866,0.942,0.058,1.0
B1,C1,2,1.2,0.75,ok,UniversalCEFR/cefr_sp_en,UniversalCEFR/cefr_sp_en,The main entrance to the castle is through the western barbican .,"The main entrance to the castle is through the western barbican , an exterior defence in front of the main gate .",0.9034,1.084,0.318,0.018,9.0
A1,C1,4,1.6,0.55,ok,UniversalCEFR/cefr_sp_en,UniversalCEFR/cefr_sp_en,"He died on 6 January 2015 , aged 82 .","He died on June 21 , 2014 from acute respiratory failure after being hospitalized with pneumonia , aged 88 .",0.6773,1.0837,1.771,0.0,9.0
A1,B1,2,1.2,0.6,ok,UniversalCEFR/cefr_sp_en,UniversalCEFR/cefr_sp_en,Pius V died on 1 May 1572 .,Pius V died on 1 May 1572 of what is believed to be cancer .,0.9025,1.083,0.533,0.0,7.0
B1,C1,2,1.2,0.75,ok,UniversalCEFR/cefr_sp_en,UniversalCEFR/cefr_sp_en,Messier 49 has the radio emission of a normal galaxy .,"As an elliptical galaxy , Messier 49 has the physical form of a radio galaxy , but it only has the radio emission of a normal galaxy .",0.901,1.0812,0.306,0.292,15.0
B1,C1,2,1.2,0.75,ok,UniversalCEFR/cefr_sp_en,UniversalCEFR/cefr_sp_en,Geordi was born blind and must wear a VISOR to help him see .,"In the series , we learn that Geordi was born blind and wears a VISOR , an arc-shaped prosthetic attached at the temples that provides him with vision .",0.8948,1.0737,0.829,0.074,14.0
B1,C1,2,1.2,0.75,ok,UniversalCEFR/cefr_sp_en,UniversalCEFR/cefr_sp_en,"In order to make it possible for all the Form 3 students to study as Form 4 in the school , the school changed the class structure .","In order to enable the promotion of all Form 3 students to Form 4 in the school , the school altered the class structure to a symmetrical one .",0.8934,1.072,0.232,0.028,1.0
A1,B1,2,1.2,0.6,ok,UniversalCEFR/cefr_sp_en,UniversalCEFR/cefr_sp_en,He has many works .,His works are numerous .,0.8924,1.0708,1.25,0.0,0.0
B1,C1,2,1.2,0.75,ok,UniversalCEFR/cefr_sp_en,UniversalCEFR/cefr_sp_en,"The failure rate of a system usually depends on time , with the rate varying over the life cycle of the system .","Failure rate is usually time dependent , and an intuitive corollary is that the rate changes over time versus the expected life cycle of a system .",0.8867,1.0641,0.57,0.126,4.0
A1,C1,4,1.6,0.55,ok,UniversalCEFR/cefr_sp_en,UniversalCEFR/cefr_sp_en,"She died on June 9 , 2014 , at the age of 103 .","She died of esophageal cancer in Tokyo on 11 January 2014 , aged 80 .",0.6645,1.0632,1.625,0.0,2.0
B1,C1,2,1.2,0.75,ok,UniversalCEFR/cefr_sp_en,UniversalCEFR/cefr_sp_en,There are various factors that can make a seller more or less willing to produce and sell a good .,Innumerable factors and circumstances could affect a seller 's willingness or ability to produce and sell a good .,0.885,1.062,1.117,0.058,1.0
A2,B2,2,1.2,0.75,ok,UniversalCEFR/cefr_sp_en,UniversalCEFR/cefr_sp_en,Worldwide production of apples in 2013 was 90.8 million tonnes .,"Worldwide production of apples in 2017 was 83.1 million tonnes , with China accounting for half of the total .",0.8846,1.0615,0.562,0.062,8.0
A1,C1,4,1.6,0.55,ok,UniversalCEFR/cefr_sp_en,UniversalCEFR/cefr_sp_en,"He died on 6 January 2015 , aged 82 .","He died on 17 January 2018 from hypothermia , four days after his 52nd birthday .",0.6628,1.0604,1.109,0.0,6.0
A2,B2,2,1.2,0.75,ok,UniversalCEFR/cefr_sp_en,UniversalCEFR/cefr_sp_en,"Tickets went on sale to the public on November 3 , 2007 .","Tickets for the event commenced sale to the public on November 3 , 2007 .",0.8827,1.0592,0.505,0.02,2.0
B1,C1,2,1.2,0.75,ok,UniversalCEFR/cefr_sp_en,UniversalCEFR/cefr_sp_en,The shell color keeps the animal hidden in the water .,The shell colouration also keeps the animal cryptic in the water .,0.882,1.0584,0.609,0.018,1.0
A2,B2,2,1.2,0.75,ok,UniversalCEFR/cefr_sp_en,UniversalCEFR/cefr_sp_en,"Grosics died on 13 June 2014 , aged 88 .",Grosics died on 13 June 2014 after suffering from cardiac and lung problems .,0.8818,1.0582,0.982,0.0,6.0
A2,B2,2,1.2,0.75,ok,UniversalCEFR/cefr_sp_en,UniversalCEFR/cefr_sp_en,"In 2015 , the aquarium had 2.02 million visitors .",The aquarium has 2 million annual visitors .,0.8808,1.057,0.667,0.0,0.0
A1,C1,4,1.6,0.55,ok,UniversalCEFR/cefr_sp_en,UniversalCEFR/cefr_sp_en,He died on 12 May 2019 at the age of 80 .,"He died on 17 January 2018 from hypothermia , four days after his 52nd birthday .",0.6606,1.0569,2.284,0.0,3.0
A1,C2,5,1.8,0.5,low_sim_for_dist,UniversalCEFR/cefr_sp_en,UniversalCEFR/elg_cefr_en,We have so many good things to eat for dinner .,"Food

There is something very elemental and satisfying about our relationship with food. I know
I may be preaching to the converted, because presumably people keen on cooking buy cookery books like this one, but so often we imagine that, unless it is some special occasion or an especially elaborate dish, it is hardly worth attempting. Not so. Just by throwing a few roughly chopped carrots, a leek, some celery and a few herbs into water you will get the most delicious soup. This is much more satisfying than buying a packet or opening a tin. Instead of buying an over-sweet chocolate mousse full of preservatives, emulsifiers and additives, in five minutes you can turn out the most delicious confection that both grown-ups and children will love.
Cooking is also an offering, and it is a gesture of care and love to bring once own creation, however humble or simple, to the table. Sharing food is so rich in symbolism, of our deepest human needs, that it is hardly surprising all our festivities and celebrations take place around tables, be they birthdays, anniversaries, engagements or whatever! No one would have a takeaway for a wedding or anniversary party! Nor would many people wish to have a business deal discussed over tinned soup.

In the Elevator

This morning, Alistair had made a stab at straightening up his office, but correspondence still littered every surface. Quarterly tax forms, state and federal, bulged out of desk drawers and cardboard boxes, all waiting on a day when he was in the filing mode. And then there was all the added paperwork that went along with owning an apartment building. The hundred-odd books and a few years’ worth of journals were only in proximity to the new bookshelves.
As the elevator bore him closer to his floor, he knew that Mallory would be on time for their appointment. She would be knocking on the door of his empty office on the hour, not a second before or after. She was as compulsive about time as she was about neatness.
How would she react to the mess? She might assume he’d been vandalised. He could walk in behind her and feign shock.
Mrs Wilson, his cleaning woman, had arrived while he was scrambling around on the floor, trying desperately to clear a few square feet of the carpet. Putting his head out of the office door as she was turning her key in the lock of his apartment, he had smiled at her, his eyes filled with hope. Her own eyes had turned hard. Fat chance I’m going in there, said the back of her head as she had disappeared into his residence, which was her territory and all that she might be held accountable for.
He knew Mrs Wilson believed him to be a visitor from somewhere else, perhaps some point straight up, miles out, but nowhere on the surface of her own earth, which was square and shaped by the streets of Brooklyn.

KAREN

It was a simple desire - not to be like her mother - that led Karen to create her own story, her own mythology, a mythology of difference and strength. Tn the tale that she constructed for herself, there were significant moments in her progress; such as the day she was twelve years old and her brother quick-swung a golf club behind him and hit her full in the eye. At the first moment of impact, she was convinced of immediate blindness. But the bone hod protected her, as the doctor from the high-walled house later assured her. The golf club had clean missed the eye and she was left with only a few stitches that healed to a pole drawing of past suffering. When she opened her eyes in the doctor’s white-walled consulting room, overlooking the tennis courts, ond saw her mother clear before her, muttering predictably and paradoxically about both miracles and small mercies, she knew that she was saved for some purpose.

Miss Fogerty

Miss Fogerty, returning briskly to her duties across the wet grass of the village green, was both excited and saddened by the scene she had just witnessed. It is always exhilarating to be the first to know something of note, particularly in a small community, and Miss Fogerty’s quiet life held little excitement. On the other hand, her grief for Dr Bailey’s condition was overwhelming. He has attended her for many years and she remembered with gratitude his concern for her annual bouts of laryngitis which were, fortunately, about the only troubles for which she had to consult him.
His most valuable quality, Miss Fogerty considered, was his making one feel that there was always plenty of time, and that he truly wished to hear about his patients’ fears and perplexities. It was this quality, above all others, which had so endeared the good doctor to the village and its environs. He had always been prepared to give — of his time, of his knowledge, and of his humour. His reward had been outstanding loyalty and affection.",0.5863,1.0553,0.896,0.513,842.0
A2,C1,3,1.4,0.75,ok,UniversalCEFR/cefr_sp_en,UniversalCEFR/cefr_sp_en,"He died on 12 July 2019 , four days before his 85th birthday .","He died on 17 January 2018 from hypothermia , four days after his 52nd birthday .",0.7537,1.0551,0.798,0.0,2.0
B1,C1,2,1.2,0.75,similar_complexity,UniversalCEFR/cefr_sp_en,UniversalCEFR/cefr_sp_en,"Swift died at home on 1 February 2019 , following a short illness , eight days before his 83rd birthday .","Swift died at home in London from respiratory failure on 1 February 2019 , aged 82 .",0.8793,1.0551,0.05,0.0,3.0
A1,B1,2,1.2,0.6,ok,UniversalCEFR/cefr_sp_en,UniversalCEFR/cefr_sp_en,"Bopp died on January 6 , 2018 at the age of 68 .","Bopp died of liver failure on January 5 , 2018 , at the age of 68 .",0.8784,1.0541,0.352,0.091,3.0
A2,B2,2,1.2,0.75,ok,UniversalCEFR/cefr_sp_en,UniversalCEFR/cefr_sp_en,"Usually , the female builds the nest , and the male helps her .","After mating , the male shows the female all the potential nest sites , and lets the female choose one and build the nest .",0.8754,1.0504,0.091,0.136,11.0
B1,C1,2,1.2,0.75,ok,UniversalCEFR/cefr_sp_en,UniversalCEFR/cefr_sp_en,The upper side of the wings is a dark reddish - brown color .,The upperside of the wings is dark reddish brown with the forewing sometimes having white submarginal spots .,0.872,1.0464,1.52,0.034,5.0
B1,C1,2,1.2,0.75,ok,UniversalCEFR/cefr_sp_en,UniversalCEFR/cefr_sp_en,Modern ketchup emerged in the early years of the 20th century .,"Modern ketchup emerged in the early years of the 20th century , out of a debate over the use of sodium benzoate as a preservative in condiments .",0.8701,1.0441,0.22,0.14,15.0
A2,B2,2,1.2,0.75,ok,UniversalCEFR/cefr_sp_en,UniversalCEFR/cefr_sp_en,"Pannella died on 19 May 2016 of lung and liver cancer in Rome , aged 86 .","Pannella died on 19 May 2016 of cancer , after agreeing to be sedated .",0.8699,1.0438,0.538,0.0,1.0
A1,C1,4,1.6,0.55,ok,UniversalCEFR/cefr_sp_en,UniversalCEFR/cefr_sp_en,He died on 12 May 2019 at the age of 80 .,"He died on June 21 , 2014 from acute respiratory failure after being hospitalized with pneumonia , aged 88 .",0.6521,1.0434,2.946,0.0,6.0
B1,C1,2,1.2,0.75,ok,UniversalCEFR/cefr_sp_en,UniversalCEFR/cefr_sp_en,Modern Japan is divided into 47 prefectures .,"Japan is divided into 47 prefectures , each overseen by an elected governor , legislature and administrative bureaucracy .",0.868,1.0416,0.767,0.0,9.0
A2,B2,2,1.2,0.75,ok,UniversalCEFR/cefr_sp_en,UniversalCEFR/cefr_sp_en,The President is limited to a single five -year term .,"Under the 1992 constitution , the President is limited to a single five -year term .",0.8679,1.0415,0.569,0.077,3.0
B1,C1,2,1.2,0.75,similar_complexity,UniversalCEFR/cefr_sp_en,UniversalCEFR/cefr_sp_en,There are few characteristics common to all blues .,"There are few characteristics common to all blues , as the genre takes its shape from the peculiarities of each individual performance .",0.8672,1.0406,0.083,0.048,13.0
A1,C1,4,1.6,0.55,low_sim_for_dist,UniversalCEFR/cefr_sp_en,UniversalCEFR/cefr_sp_en,"She died on 12 February 2019 , at the age of 79 .","She died of esophageal cancer in Tokyo on 11 January 2014 , aged 80 .",0.6479,1.0366,1.125,0.0,2.0
B1,C1,2,1.2,0.75,ok,UniversalCEFR/cefr_sp_en,UniversalCEFR/cefr_sp_en,Holland died of a heart attack on 24 December 2017 in New York City at the age of 89 .,"Holland died of complications of cardiovascular disease on December 24 , 2017 , at the age of 89 .",0.8624,1.0349,1.683,0.091,3.0
B1,C1,2,1.2,0.75,ok,UniversalCEFR/cefr_sp_en,UniversalCEFR/cefr_sp_en,Over the years she has worked in various styles including jazz and art song .,"Over the years she has worked in various genres including jazz and art song , but generally with a sparse and somber tone to it .",0.8614,1.0337,0.179,0.042,10.0
B1,C1,2,1.2,0.75,ok,UniversalCEFR/cefr_sp_en,UniversalCEFR/cefr_sp_en,A serf had some freedom .,"Within his constraints , a serf had some freedoms .",0.8593,1.0312,1.2,0.0,3.0
A1,B2,3,1.4,0.55,ok,UniversalCEFR/cefr_sp_en,UniversalCEFR/cefr_sp_en,"He died on 6 January 2015 , aged 82 .",He died on 11 May 2018 at the age of 52 from cardiac arrest .,0.7342,1.0278,0.345,0.0,6.0
A1,B2,3,1.4,0.55,ok,UniversalCEFR/cefr_sp_en,UniversalCEFR/cefr_sp_en,"She died on 12 February 2019 , at the age of 79 .",She died on 13 February 2019 in Rome from lymphoma at the age of 79 .,0.7338,1.0273,0.375,0.0,4.0
B1,C1,2,1.2,0.75,ok,UniversalCEFR/cefr_sp_en,UniversalCEFR/cefr_sp_en,"As an architectural ornament , spires are most often found on Christian churches .","As an architectural ornament , spires are most consistently found on Christian churches , where they replace the steeple .",0.8559,1.0271,0.299,0.0,5.0
B1,C1,2,1.2,0.75,ok,UniversalCEFR/cefr_sp_en,UniversalCEFR/cefr_sp_en,Oxygen is the most common element by mass on Earth .,"Oxygen is the most abundant chemical element by mass in the Earth 's biosphere , air , sea and land .",0.8557,1.0268,0.178,0.056,8.0
A2,B2,2,1.2,0.75,similar_complexity,UniversalCEFR/cefr_sp_en,UniversalCEFR/cefr_sp_en,"Usually , the female builds the nest , and the male helps her .","The male then leads the female to potential nest sites , and the female will choose one .",0.8537,1.0244,0.102,0.006,5.0
B1,C1,2,1.2,0.75,ok,UniversalCEFR/cefr_sp_en,UniversalCEFR/cefr_sp_en,"The bones were those of a very short man , just over four feet tall .","The bones were those of a very short man , little over four feet tall , who may have suffered from a form of congenital dwarfism .",0.853,1.0236,0.494,0.083,10.0
A1,B2,3,1.4,0.55,ok,UniversalCEFR/cefr_sp_en,UniversalCEFR/cefr_sp_en,He died on 18 October 2017 .,He died on 11 May 2018 at the age of 52 from cardiac arrest .,0.7303,1.0224,0.295,0.0,7.0
A1,B2,3,1.4,0.55,ok,UniversalCEFR/cefr_sp_en,UniversalCEFR/cefr_sp_en,"English died on November 16 , 2018 in London at the age of 81 .","He died in England on November 16 , 2018 at the age of 81 , due to complications of hip surgery .",0.7292,1.0209,0.163,0.062,6.0
B1,C1,2,1.2,0.75,ok,UniversalCEFR/cefr_sp_en,UniversalCEFR/cefr_sp_en,"Although American units were usually able to get new troops quickly , the replacements rarely had enough training .","Although American units were usually able to replenish their numbers quickly , the replacements rarely had sufficient tactical training .",0.8507,1.0209,0.856,0.0,1.0
A1,C1,4,1.6,0.55,low_sim_for_dist,UniversalCEFR/cefr_sp_en,UniversalCEFR/cefr_sp_en,He died on 4 August 2018 .,"He died on 17 January 2018 from hypothermia , four days after his 52nd birthday .",0.6366,1.0185,1.409,0.0,7.0
A2,B2,2,1.2,0.75,ok,UniversalCEFR/cefr_sp_en,UniversalCEFR/cefr_sp_en,"However , several fishermen died since the 1980s .",Controversy surrounds the death of several fishermen since the 1980s .,0.8485,1.0182,0.167,0.111,3.0
B1,C1,2,1.2,0.75,ok,UniversalCEFR/cefr_sp_en,UniversalCEFR/cefr_sp_en,"Usually , sex is determined by an organism 's genes .","In genetic sex-determination systems , an organism 's sex is determined by the genome it inherits .",0.8485,1.0182,0.493,0.062,7.0
A2,B2,2,1.2,0.75,ok,UniversalCEFR/cefr_sp_en,UniversalCEFR/cefr_sp_en,The port of the mosque measures 27 meters high .,"The port of the mosque measures 27 m high , crowned with two minarets 42 m tall .",0.8485,1.0181,0.357,0.018,6.0
A1,B1,2,1.2,0.6,ok,UniversalCEFR/cefr_sp_en,UniversalCEFR/cefr_sp_en,Lamarck died in Paris in 1829 .,Lamarck gradually turned blind ; he died in Paris on 18 December 1829 .,0.8453,1.0143,1.0,0.2,5.0
B1,C1,2,1.2,0.75,ok,UniversalCEFR/cefr_sp_en,UniversalCEFR/cefr_sp_en,"The 1880 census found the population of the United States to be 50,189,209 .","The 1880 census determined the resident population of the United States to be 50,189,209 , an increase of 30.2 percent over the 38,555,983 persons enumerated during the 1870 Census .",0.8447,1.0137,0.81,0.079,12.0
A2,B2,2,1.2,0.75,ok,UniversalCEFR/cefr_sp_en,UniversalCEFR/cefr_sp_en,"As an example , see the picture below : As one song ends , the next song begins .","As an example , see the following graphic : As song one begins to fade out the next song begins .",0.842,1.0104,0.178,0.022,3.0
A1,C1,4,1.6,0.55,low_sim_for_dist,UniversalCEFR/cefr_sp_en,UniversalCEFR/cefr_sp_en,"He died on 3 May 2015 , aged 84 , after a long illness .","He died on 17 January 2018 from hypothermia , four days after his 52nd birthday .",0.631,1.0096,1.354,0.0,2.0
A2,B2,2,1.2,0.75,ok,UniversalCEFR/cefr_sp_en,UniversalCEFR/cefr_sp_en,"Sometimes , voice- tracking is done so that people can do other jobs .","In some cases , voice- tracking is done in order to give station employees the flexibility to carry out other responsibilities .",0.8408,1.0089,0.7,0.1,8.0
A1,C1,4,1.6,0.55,low_sim_for_dist,UniversalCEFR/cefr_sp_en,UniversalCEFR/cefr_sp_en,"He died on 3 May 2015 , aged 84 , after a long illness .",He died on 21 June 2014 from acute respiratory failure after being hospitalized with pneumonia .,0.6303,1.0085,2.137,0.0,4.0
A2,B2,2,1.2,0.75,ok,UniversalCEFR/cefr_sp_en,UniversalCEFR/cefr_sp_en,A small number of missing person cases are not solved for many years .,"By contrast , some missing person cases remain unresolved for many years .",0.8403,1.0083,1.147,0.0,2.0
A2,B2,2,1.2,0.75,ok,UniversalCEFR/cefr_sp_en,UniversalCEFR/cefr_sp_en,"On 9 December , it was confirmed that at least 80 foreign heads of state and government would travel to South Africa to attend events .",On 9 December the government confirmed that about 90 foreign heads of state and government and 15 former leaders would travel to South Africa to attend funeral events .,0.8376,1.0052,0.587,0.075,3.0
A1,C1,4,1.6,0.55,low_sim_for_dist,UniversalCEFR/cefr_sp_en,UniversalCEFR/cefr_sp_en,"He died , aged 80 on 23 July , 2014 .","He died on 17 January 2018 from hypothermia , four days after his 52nd birthday .",0.6276,1.0042,1.709,0.0,6.0
A1,B2,3,1.4,0.55,ok,UniversalCEFR/readme_en,UniversalCEFR/readme_en,"And the little prince went away, puzzled.","This was a very short visit, but it plunged the little prince into deep dejection.",0.7143,1.0001,0.314,0.0,8.0
A1,B2,3,1.4,0.55,ok,UniversalCEFR/cefr_sp_en,UniversalCEFR/cefr_sp_en,"He died on 6 January 2015 , aged 82 .","He died in England on November 16 , 2018 at the age of 81 , due to complications of hip surgery .",0.713,0.9982,0.263,0.062,11.0
A1,B2,3,1.4,0.55,ok,UniversalCEFR/cefr_sp_en,UniversalCEFR/cefr_sp_en,He died on 12 May 2019 at the age of 80 .,He died on 11 May 2018 at the age of 52 from cardiac arrest .,0.713,0.9981,0.83,0.0,3.0
A1,C1,4,1.6,0.55,low_sim_for_dist,UniversalCEFR/cefr_sp_en,UniversalCEFR/cefr_sp_en,"Long died on January 15 , 2017 , at the age of 63 .","He died on 17 January 2018 from hypothermia , four days after his 52nd birthday .",0.6237,0.998,1.534,0.0,3.0
B1,C1,2,1.2,0.75,ok,UniversalCEFR/cefr_sp_en,UniversalCEFR/cefr_sp_en,"In Finland , peace and quiet in isolation is often the object of the pastime .","In Finland , solitary and contemplative isolation is often the object of the pastime .",0.8294,0.9953,1.027,0.066,1.0
B1,C1,2,1.2,0.75,ok,UniversalCEFR/cefr_sp_en,UniversalCEFR/cefr_sp_en,Adults fly in the late morning and early afternoon .,"Adults are strictly diurnal , flying preferentially in the late morning and early afternoon .",0.8283,0.994,1.256,0.0,4.0
A1,C1,4,1.6,0.55,low_sim_for_dist,UniversalCEFR/cefr_sp_en,UniversalCEFR/cefr_sp_en,He died on 9 May 2019 at the age of 93 .,"He died on 17 January 2018 from hypothermia , four days after his 52nd birthday .",0.6205,0.9929,2.284,0.0,3.0
A2,B2,2,1.2,0.75,similar_complexity,UniversalCEFR/cefr_sp_en,UniversalCEFR/cefr_sp_en,Corals can be found all over the island .,Washed up corals can be found on the island 's beaches .,0.8273,0.9927,0.091,0.0,3.0
A1,C1,4,1.6,0.55,low_sim_for_dist,UniversalCEFR/cefr_sp_en,UniversalCEFR/cefr_sp_en,He died on 26 September 2017 in Paris at the age of 91 .,"He died on 17 January 2018 from hypothermia , four days after his 52nd birthday .",0.6192,0.9907,1.509,0.0,1.0
B1,C1,2,1.2,0.75,similar_complexity,UniversalCEFR/cefr_sp_en,UniversalCEFR/cefr_sp_en,The upperside of the wings is black .,"The upperside of the wings is black , without a band and with one row of red crescents along the hindwing margin .",0.825,0.99,0.143,0.0,14.0
B1,C1,2,1.2,0.75,ok,UniversalCEFR/cefr_sp_en,UniversalCEFR/cefr_sp_en,Female pandas may give birth to two young .,Giant pandas give birth to twins in about half of pregnancies .,0.8239,0.9887,0.386,0.0,3.0
A1,B2,3,1.4,0.55,ok,UniversalCEFR/cefr_sp_en,UniversalCEFR/cefr_sp_en,He died on 12 May 2019 at the age of 80 .,"He died in England on November 16 , 2018 at the age of 81 , due to complications of hip surgery .",0.7058,0.9882,1.438,0.062,8.0
A2,B2,2,1.2,0.75,ok,UniversalCEFR/cefr_sp_en,UniversalCEFR/cefr_sp_en,"On August 10 , a day of memorials began peacefully .","On August 10 , a day of memorials began peacefully , but some people became outspoken after an evening candlelight vigil .",0.8232,0.9878,0.583,0.0,10.0
A1,B2,3,1.4,0.55,ok,UniversalCEFR/elg_cefr_en,UniversalCEFR/elg_cefr_en," Tom and Huck watched. Then they went away quickly because they were afraid. They went to Tom's yard. Huck said, ""We can't talk about this. Injun Joe can find us and kill us, too.""
""That's right,"" Tom said. ""We can't talk about it."" Tom went in his bedroom window. He went to bed, but he didn't sleep well. Tom and Huck didn't talk to their friends or Aunt Polly about that night because they were afraid of Injun Joe. Later, some men went to Muff Potter and said, ""You're a bad man. 
You killed the doctor."" Becky was sick and didn't go to school for many days. Tom was very sad. One morning, he said to Aunt Polly, ""I'm very sick, and I want to stay home from school."" Aunt Polly said, ""Here's some medicine. Take this and you can get well quickly."" But Tom didn't like the medicine. Peter, the cat, came into the room and looked at Tom. ""Peter!"" Tom said. ""Have some medicine!"" 
Peter had some medicine. He didn't like it! He went quickly out the open window and into the yard. Aunt Polly watched Peter. ""Why did you do that, Tom?"" she asked angrily. ""You're a very bad boy! Go to school now."" Tom arrived at school early and he waited for Becky at the school fence. She arrived early, too, but she didn't look at Tom. She went into school. Tom walked away.
He didn't want to go to school now. He was very sad. 
","Ma's breath caught in her throat. Pa said softly, ""Did you kill him?""
""I don't know,"" Tom said. ""I hope so."" 
""Tom!"" Ma said.
""Oh, you have to know. Casy came out here with other fellows to get five cents. But then they changed it to two and a half cents.""
""A fellow can't eat on that.""
""And then the pickers went on strike. And now the cops killed Casy.""
""Well, we need to get to work."" Ma looked sadly at Tom. ""Rosasharn will stay with you. We'll tell them that you're sick today.""
The family went to work. Tom finally fell asleep. His sister watched him and the door.
As the sun began to set, Ma came back to the house. She carefully built a fire in one end of the stove and filled a pot with water and put it over the flame.
""How was picking today?"" Tom asked.
Ma took a cup of dried corn pieces out of a bag. ""I don't want to talk about it,"" she said.
Pa and Al and Uncle John and the children came into the house. Al looked at Ma and said, ""Is that all we get after working until dark?""
""Al, you know we have to go. It will take all of the money we have for gas.""
""But, Ma, a fellow needs meat if he's going to work.""
""Just sit,"" she said.
They all sat down to their small dinners and coffee. Pa said, ""They dropped the price like you said, Tom. Two and a half cents.""
Uncle John said, ""They say there are two hundred more men coming tonight."" 
",0.7028,0.984,0.288,0.117,21.0
B1,C1,2,1.2,0.75,ok,UniversalCEFR/cefr_sp_en,UniversalCEFR/cefr_sp_en,"However , during the 20th century the river got worse .","However , during the 20th century the river deteriorated due to pollution .",0.82,0.984,0.825,0.025,2.0
B1,C1,2,1.2,0.75,ok,UniversalCEFR/cefr_sp_en,UniversalCEFR/cefr_sp_en,POTS can be caused by many different things .,The symptoms of POTS can be caused by several distinct pathophysiological mechanisms .,0.8193,0.9831,1.583,0.0,4.0
A2,B2,2,1.2,0.75,ok,UniversalCEFR/cefr_sp_en,UniversalCEFR/cefr_sp_en,Large died on 3 November 2018 from a heart attack at the age of 75 .,"Large died on 3 November 2018 from an abdominal aortic aneurysm , at the age of 75 .",0.8186,0.9823,0.712,0.0,1.0
B1,C1,2,1.2,0.75,ok,UniversalCEFR/cefr_sp_en,UniversalCEFR/cefr_sp_en,Modern dry cleaning 's use of non-water - based solvents to remove soil and stains from clothes was reported as early as 1855 .,Modern dry cleaning uses solvents that do not use water to remove dirt and stains from clothing .,0.8186,0.9823,0.283,0.045,5.0
B1,C1,2,1.2,0.75,ok,UniversalCEFR/cefr_sp_en,UniversalCEFR/cefr_sp_en,The specimen was probably not fully grown at the time of its death .,The holotype specimen was likely not fully grown when it died .,0.8182,0.9818,0.483,0.077,2.0
B1,C1,2,1.2,0.75,ok,UniversalCEFR/cefr_sp_en,UniversalCEFR/cefr_sp_en,Competition occurs when organisms or species need or use the same resources .,Intraspecific competition occurs when members of the same species compete for the same resources in an ecosystem .,0.8178,0.9813,0.314,0.034,5.0
B1,C1,2,1.2,0.75,ok,UniversalCEFR/cefr_sp_en,UniversalCEFR/cefr_sp_en,The upper side of the wings is black .,"The upperside of the wings is black , without a band and with one row of red crescents along the hindwing margin .",0.8165,0.9798,0.661,0.018,13.0
A1,C1,4,1.6,0.55,low_sim_for_dist,UniversalCEFR/cefr_sp_en,UniversalCEFR/cefr_sp_en,Earth is very old .,The average age of Earth 's continental crust is about 2.0 billion years .,0.6112,0.9779,1.167,0.0,8.0
A2,B2,2,1.2,0.75,ok,UniversalCEFR/cefr_sp_en,UniversalCEFR/cefr_sp_en,"In 1972 , video recording industry in Japan started to lose money .","In early 1972 , the commercial video recording industry in Japan took a financial hit .",0.813,0.9756,0.177,0.023,3.0
A2,B2,2,1.2,0.75,ok,UniversalCEFR/cefr_sp_en,UniversalCEFR/cefr_sp_en,"The restaurant closed down on September 9 , 2000 .","The restaurant reopened five months after the massacre , but closed permanently on September 9 , 2000 .",0.8128,0.9753,0.333,0.077,7.0
A1,C1,4,1.6,0.55,low_sim_for_dist,UniversalCEFR/cefr_sp_en,UniversalCEFR/cefr_sp_en,"He died , aged 80 , on 22 July 2014 .","He died on 17 January 2018 from hypothermia , four days after his 52nd birthday .",0.6088,0.974,1.709,0.0,6.0
B1,C1,2,1.2,0.75,ok,UniversalCEFR/cefr_sp_en,UniversalCEFR/cefr_sp_en,The Eta Carinae star system is currently one of the most massive that can be studied in great detail .,This stellar system is currently one of the most massive that can be studied in detail .,0.8113,0.9736,0.122,0.053,3.0
A2,B2,2,1.2,0.75,ok,UniversalCEFR/cefr_sp_en,UniversalCEFR/cefr_sp_en,"In the late 19th century , Westerners knew little about Japan .","In the late 19th century , Japan was still largely unknown and exotic to Westerners .",0.811,0.9732,0.188,0.0,4.0
B1,B2,1,1.0,0.75,ok,UniversalCEFR/cefr_sp_en,UniversalCEFR/cefr_sp_en,"After leaving the station , the train enters the launch area .","After it leaves the station , the train enters the launch area .",0.9699,0.9699,0.355,0.018,1.0
B1,B2,1,1.0,0.75,ok,UniversalCEFR/cefr_sp_en,UniversalCEFR/cefr_sp_en,737s are not equipped with fuel dump systems .,737s do not have fuel dump systems .,0.9699,0.9699,0.714,0.0,1.0
B1,B2,1,1.0,0.75,similar_complexity,UniversalCEFR/cefr_sp_en,UniversalCEFR/cefr_sp_en,"The judges have a 12 - year term , but they must retire when reaching the age of 68 .","The judges are elected for a 12 - year term , but they must retire upon reaching the age of 68 .",0.9698,0.9698,0.067,0.008,2.0
C1,C2,1,1.0,0.75,ok,UniversalCEFR/cefr_sp_en,UniversalCEFR/cefr_sp_en,"Researchers in molecular biology use specific techniques that are typical for molecular biology , but they combine these with techniques and ideas from genetics and biochemistry .",Researchers in molecular biology use specific techniques native to molecular biology but increasingly combine these with techniques and ideas from genetics and biochemistry .,0.9696,0.9696,0.482,0.014,2.0
B1,B2,1,1.0,0.75,ok,UniversalCEFR/cefr_sp_en,UniversalCEFR/cefr_sp_en,Attempts have been made to raise sheep there .,Attempts have been periodically made to raise sheep there .,0.9694,0.9694,0.819,0.0,1.0
B2,C1,1,1.0,0.75,ok,UniversalCEFR/cefr_sp_en,UniversalCEFR/cefr_sp_en,"An epigenetic contribution to heterosis has been established in plants , and it has also been reported in animals .","An epigenetic effect heterosis has been found in plants , and also in animals .",0.9694,0.9694,0.376,0.09,5.0
B1,C1,2,1.2,0.75,ok,UniversalCEFR/cefr_sp_en,UniversalCEFR/cefr_sp_en,"Porcelain originated in China , and ' china ' is the common name of the product .","Porcelain originated in China , and it took a long time to reach the modern material .",0.8077,0.9692,0.159,0.154,2.0
B2,C1,1,1.0,0.75,ok,UniversalCEFR/cefr_sp_en,UniversalCEFR/cefr_sp_en,"The work is anonymous , and there is speculation about the author 's identity .","The work is anonymous , although there has been extensive speculation on the author 's identity .",0.9689,0.9689,0.431,0.087,2.0
B2,C1,1,1.0,0.75,ok,UniversalCEFR/cefr_sp_en,UniversalCEFR/cefr_sp_en,"In some non-mammal species , including fish and birds , the tectum is one of the largest components of the brain .","In some vertebrates , including fish and birds , the tectum is one of the largest components of the brain .",0.9688,0.9688,0.217,0.017,2.0
B2,C1,1,1.0,0.75,ok,UniversalCEFR/cefr_sp_en,UniversalCEFR/cefr_sp_en,"There is a battle between the wilds and the pets , with the Pet Paradiso security focused on tranquilizing the wilds .","A battle between the wilds and pets ensues , with the Pet Paradiso security focused on tranquilizing the wilds .",0.9684,0.9684,0.306,0.033,2.0
B2,C1,1,1.0,0.75,ok,UniversalCEFR/cefr_sp_en,UniversalCEFR/cefr_sp_en,A stream cipher makes use of a much smaller and more convenient key such as 128 bits .,"A stream cipher makes use of a much smaller and more convenient cryptographic key , for example 128 bits keys .",0.9684,0.9684,0.715,0.007,2.0
A2,B2,2,1.2,0.75,ok,UniversalCEFR/cefr_sp_en,UniversalCEFR/cefr_sp_en,The other giant panda has dark brown and light brown fur .,The giant panda has luxuriant black - and - white fur .,0.8069,0.9683,0.374,0.091,2.0
B2,C1,1,1.0,0.75,ok,UniversalCEFR/cefr_sp_en,UniversalCEFR/cefr_sp_en,Plants in wildfire - prone ecosystems often have adaptations to their local conditions .,Plants in wildfire - prone ecosystems often survive through adaptations to their local fire regime .,0.9683,0.9683,0.155,0.0,2.0
B2,C1,1,1.0,0.75,ok,UniversalCEFR/cefr_sp_en,UniversalCEFR/cefr_sp_en,Many accidents and catastrophes have resulted from microsleep episodes in these circumstances .,"Historically , many accidents and catastrophes have resulted from microsleep episodes in these circumstances .",0.9681,0.9681,0.397,0.0,1.0
B1,B2,1,1.0,0.75,similar_complexity,UniversalCEFR/cefr_sp_en,UniversalCEFR/cefr_sp_en,"While there are many alternative treatments used for the common cold , there is not enough scientific evidence to support the use of most treatments .","While there are many alternative treatments used for the common cold , there is insufficient scientific evidence to support the use of most .",0.9681,0.9681,0.148,0.034,2.0
B1,B2,1,1.0,0.75,ok,UniversalCEFR/cefr_sp_en,UniversalCEFR/cefr_sp_en,Female trees bear their fruit only every few years .,"Female trees bear their fruit irregularly , only every few years .",0.9677,0.9677,0.633,0.0,1.0
A2,B1,1,1.0,0.75,ok,UniversalCEFR/cefr_sp_en,UniversalCEFR/cefr_sp_en,The movie received mixed reviews .,The film received mixed reviews .,0.9676,0.9676,0.2,0.0,0.0
B2,C1,1,1.0,0.75,ok,UniversalCEFR/cefr_sp_en,UniversalCEFR/cefr_sp_en,"Traditional wood joinery techniques use the distinctive material properties of wood , often without mechanical fasteners .","Many traditional wood joinery techniques use the distinctive material properties of wood , often without resorting to mechanical fasteners or adhesives .",0.9676,0.9676,0.433,0.017,5.0
C1,C2,1,1.0,0.75,ok,UniversalCEFR/cefr_sp_en,UniversalCEFR/cefr_sp_en,"Differential cryptanalysis is usually a chosen plaintext attack , meaning that the attacker must be able to obtain ciphertexts for some set of plaintexts of their choosing .","Differential cryptanalysis attacks are usually chosen plaintext attacks , meaning that the attacker must be able to obtain encrypted ciphertexts for some set of plaintexts of his choosing .",0.9675,0.9675,0.35,0.036,1.0
B1,B2,1,1.0,0.75,ok,UniversalCEFR/cefr_sp_en,UniversalCEFR/cefr_sp_en,Self - assumption of a title is not necessarily illegal .,Self - assumption of a title is not necessarily illegal : it depends on the law of the place where the title is used .,0.9673,0.9673,0.864,0.227,13.0
B2,C1,1,1.0,0.75,ok,UniversalCEFR/cefr_sp_en,UniversalCEFR/cefr_sp_en,The use of complementary colors is an important aspect of art and graphic design .,The use of complementary colors is an important aspect of aesthetically pleasing art and graphic design .,0.9673,0.9673,0.714,0.009,2.0
B2,C1,1,1.0,0.75,ok,UniversalCEFR/cefr_sp_en,UniversalCEFR/cefr_sp_en,In prehistoric times montane forest occupied covered one third of the land of present- day Rwanda .,In prehistoric times montane forest occupied one - third of the territory of present- day Rwanda .,0.967,0.967,0.204,0.004,1.0
B1,B2,1,1.0,0.75,similar_complexity,UniversalCEFR/cefr_sp_en,UniversalCEFR/cefr_sp_en,Insect respiration happens without lungs .,Insect respiration is accomplished without lungs .,0.9668,0.9668,0.033,0.0,1.0
A2,B1,1,1.0,0.75,ok,UniversalCEFR/cefr_sp_en,UniversalCEFR/cefr_sp_en,"The building was completed in 1941 , after the start of World War II .","The building was completed in 1941 , after the outbreak of World War II .",0.9668,0.9668,0.25,0.0,0.0
B2,C1,1,1.0,0.75,ok,UniversalCEFR/cefr_sp_en,UniversalCEFR/cefr_sp_en,Metics shared the burdens of citizenship without any of its privileges .,Metics typically shared the burdens of citizenship without any of its privileges .,0.9668,0.9668,0.295,0.008,1.0
B2,C1,1,1.0,0.75,similar_complexity,UniversalCEFR/cefr_sp_en,UniversalCEFR/cefr_sp_en,"The water , having been separated from the air , leaves the camera aeolis at the same rate as it enters .","The water , having been separated from the air , leaves the camera aeolis at the same speed as it enters .",0.9666,0.9666,0.053,0.0,0.0
C1,C2,1,1.0,0.75,ok,UniversalCEFR/cefr_sp_en,UniversalCEFR/cefr_sp_en,"Mycorrhizal plants are often more resistant to diseases , such as those caused by microbial soil- borne pathogens , and are also more resistant to the effects of drought .","Mycorrhizal plants are often more resistant to diseases , such as those caused by microbial soil- borne pathogens .",0.9662,0.9662,0.418,0.148,10.0
A1,B1,2,1.2,0.6,ok,UniversalCEFR/cefr_sp_en,UniversalCEFR/cefr_sp_en,"She died on 12 February 2019 , at the age of 79 .","She died in her sleep on 6 March 2018 , from natural causes at the age of 88 .",0.805,0.9661,0.268,0.0,6.0
B2,C1,1,1.0,0.75,ok,UniversalCEFR/cefr_sp_en,UniversalCEFR/cefr_sp_en,"It has often been noted for its complex lightcurves , which made determination of its shape and rotation somewhat difficult .","It has often been noted for its complex lightcurves , which made finding its shape and rotation somewhat hard .",0.9658,0.9658,0.421,0.003,1.0
B2,C1,1,1.0,0.75,ok,UniversalCEFR/cefr_sp_en,UniversalCEFR/cefr_sp_en,"There are approximately 2,600 cases of bacterial meningitis per year in the United States , and on average 333,000 cases in developing countries .","There are over 2,600 cases of bacterial meningitis in the United States per year .",0.9658,0.9658,0.681,0.1,7.0
B2,C1,1,1.0,0.75,ok,UniversalCEFR/cefr_sp_en,UniversalCEFR/cefr_sp_en,Renewable energy projects in many developing countries contribute to poverty alleviation by providing the energy needed for creating businesses and employment .,Renewable energy projects in many developing countries have demonstrated that renewable energy can directly contribute to poverty alleviation by providing the energy needed for creating businesses and employment .,0.9657,0.9657,0.0,0.06,7.0
B1,B2,1,1.0,0.75,ok,UniversalCEFR/cefr_sp_en,UniversalCEFR/cefr_sp_en,"Conversion from Julian or Gregorian calendar years to the Human Era can be achieved by adding 10,000 to the AD / CE year .","Conversion to the Human Era from Julian or Gregorian AD years can be achieved by adding 10,000 .",0.9654,0.9654,0.167,0.095,5.0
B1,B2,1,1.0,0.75,ok,UniversalCEFR/cefr_sp_en,UniversalCEFR/cefr_sp_en,Historians believe that Washington 's death helped change the way people view lynching .,Historians have noted that Washington 's death helped alter the way lynching was viewed .,0.9653,0.9653,0.401,0.0,1.0
B2,C1,1,1.0,0.75,ok,UniversalCEFR/cefr_sp_en,UniversalCEFR/cefr_sp_en,"Plant breeding started with the domestication of the first agricultural plants , a practice dates back 9,000 to 11,000 years .","Plant breeding started with sedentary agriculture and particularly the domestication of the first agricultural plants , a practice which is estimated to date back 9,000 to 11,000 years .",0.9652,0.9652,0.329,0.021,8.0
C1,C2,1,1.0,0.75,ok,UniversalCEFR/cefr_sp_en,UniversalCEFR/cefr_sp_en,Subfamily Nymphicinae Subfamily Calyptorhynchinae : The black cockatoos Subfamily Cacatuinae,Subfamily Nymphicinae Subfamily Calyptorhynchinae : The black cockatoos,0.9649,0.9649,0.111,0.079,2.0
B1,B2,1,1.0,0.75,ok,UniversalCEFR/cefr_sp_en,UniversalCEFR/cefr_sp_en,The hard palate forms before birth .,The hard palate is formed before birth .,0.9646,0.9646,0.262,0.0,1.0
A2,B1,1,1.0,0.75,ok,UniversalCEFR/cefr_sp_en,UniversalCEFR/cefr_sp_en,"Until the mid-19th century , Mexico was the biggest producer of vanilla .","Until the mid-19th century , Mexico was the chief producer of vanilla .",0.9645,0.9645,0.182,0.0,0.0
B2,C1,1,1.0,0.75,ok,UniversalCEFR/cefr_sp_en,UniversalCEFR/cefr_sp_en,A volcanologist is a person who studies volcanoes and their eruptions .,"A volcanologist is a geologist who studies the eruptive activity and formation of volcanoes , and their current and historic eruptions .",0.9644,0.9644,0.286,0.059,9.0
B2,C1,1,1.0,0.75,ok,UniversalCEFR/cefr_sp_en,UniversalCEFR/cefr_sp_en,"Web browsers and web proxy servers use caches to store previous responses from web servers , such as web pages .","Web browsers and web proxy servers employ web caches to store previous responses from web servers , such as web pages and images .",0.9642,0.9642,0.036,0.062,3.0
C1,C2,1,1.0,0.75,ok,UniversalCEFR/cefr_sp_en,UniversalCEFR/cefr_sp_en,"Pyxicephalidae has two subfamilies , with a total of 13 genera .","The Pyxicephalidae contain two subfamilies , with a total of 12 genera .",0.964,0.964,0.156,0.0,1.0
B1,C1,2,1.2,0.75,ok,UniversalCEFR/cefr_sp_en,UniversalCEFR/cefr_sp_en,These concerns have gotten larger because of the actions of China .,"These concerns have intensified due to the actions of China , the predominant supplier .",0.8033,0.964,0.538,0.014,2.0
B1,B2,1,1.0,0.75,ok,UniversalCEFR/cefr_sp_en,UniversalCEFR/cefr_sp_en,"The median income for a household in the county was $ 36,363 , and the median income for a family was $ 41,381 .","According to the 2010 census , the median income for a household in the county was $ 36,363 , and the median income for a family was $ 41,381 .",0.9639,0.9639,0.172,0.025,4.0
B2,C1,1,1.0,0.75,similar_complexity,UniversalCEFR/cefr_sp_en,UniversalCEFR/cefr_sp_en,"No firm dates can be assigned to this Emperor 's life or reign , but he is conventionally considered to have reigned from 498 to 506 .","No firm dates can be assigned to this Emperor 's life or reign , but he is conventionally considered to have reigned from 507 to 531 .",0.9639,0.9639,0.0,0.0,0.0
B1,B2,1,1.0,0.75,similar_complexity,UniversalCEFR/cefr_sp_en,UniversalCEFR/cefr_sp_en,"These observances are regulated by the government , but are not observed as holidays .","These observances are controlled by the government , but are not observed as holidays .",0.9637,0.9637,0.077,0.0,0.0
B1,B2,1,1.0,0.75,ok,UniversalCEFR/cefr_sp_en,UniversalCEFR/cefr_sp_en,The province is a popular tourist destination with its beaches and resorts .,The province is a popular place among tourists because of its beaches and resorts .,0.9632,0.9632,0.393,0.0,2.0
B1,B2,1,1.0,0.75,ok,UniversalCEFR/cefr_sp_en,UniversalCEFR/cefr_sp_en,"Usually , people wear sandals in warmer climates or during warmer parts of the year in order to keep their feet cool and dry .","Usually , sandals are worn in warmer climates or during warmer parts of the year , because feet stay cool and dry .",0.9629,0.9629,0.152,0.037,3.0
B1,B2,1,1.0,0.75,ok,UniversalCEFR/cefr_sp_en,UniversalCEFR/cefr_sp_en,On the 29 August 2010 trail bike riders discovered another human skeleton in the forest .,"On 29 August 2010 , trail bike riders discovered a human skeleton in the forest .",0.9627,0.9627,0.321,0.077,1.0
B2,C1,1,1.0,0.75,ok,UniversalCEFR/cefr_sp_en,UniversalCEFR/cefr_sp_en,Dredge nets have a coarse mesh in order to let organisms smaller than the target species through .,Dredge nets have a gross mesh in order to let organisms smaller than the target organisms through .,0.9625,0.9625,0.059,0.059,0.0
B2,C1,1,1.0,0.75,ok,UniversalCEFR/cefr_sp_en,UniversalCEFR/cefr_sp_en,Most present- day coral reefs were formed after the last ice age when melting ice caused the sea level to rise and flood the continental shelves .,Most coral reefs were formed after the last glacial period when melting ice caused sea level to rise and flood continental shelves .,0.9625,0.9625,0.416,0.115,4.0
B2,C1,1,1.0,0.75,ok,UniversalCEFR/cefr_sp_en,UniversalCEFR/cefr_sp_en,Biophysical chemists employ various techniques used in physical chemistry to probe the structure of biological systems .,Biophysical chemists employ various tools used in physical chemistry to probe the structure of biological systems .,0.9624,0.9624,0.312,0.0,0.0
A2,B2,2,1.2,0.75,ok,UniversalCEFR/cefr_sp_en,UniversalCEFR/cefr_sp_en,"In addition , he was worried about the Ruhr .","In addition , there was the matter of the Ruhr .",0.8019,0.9623,0.25,0.111,1.0
B1,B2,1,1.0,0.75,ok,UniversalCEFR/cefr_sp_en,UniversalCEFR/cefr_sp_en,"On poor , dry soils there are tropical heathlands .","On poor , dry soils tropical heathlands can be found .",0.9622,0.9622,0.333,0.0,1.0
A2,B1,1,1.0,0.75,ok,UniversalCEFR/cefr_sp_en,UniversalCEFR/cefr_sp_en,These camps were closed by October 1942 .,These six camps were closed by October 1942 .,0.9622,0.9622,0.262,0.0,1.0
B2,C1,1,1.0,0.75,ok,UniversalCEFR/cefr_sp_en,UniversalCEFR/cefr_sp_en,"Both of these industrial quarters were almost entirely destroyed by air raids during World War II , with the bombings of a single night from February 3 , 1945 .","Both of these industrial quarters were almost entirely destroyed during World War II , with the bombings of a single night from 3 February 1945 .",0.962,0.962,0.216,0.005,3.0
B2,C1,1,1.0,0.75,ok,UniversalCEFR/cefr_sp_en,UniversalCEFR/cefr_sp_en,A key idea of NMR is that the resonance frequency of a particular substance is directly proportional to the strength of the applied magnetic field .,A key feature of NMR is that the resonance frequency of a particular simple substance is usually directly proportional to the strength of the applied magnetic field .,0.962,0.962,0.231,0.018,2.0
A2,B2,2,1.2,0.75,ok,UniversalCEFR/cefr_sp_en,UniversalCEFR/cefr_sp_en,"The election results of September 18 , 2005 were surprising .",The election results of 18 September were surprising because they differed widely from the polls of the previous weeks .,0.8015,0.9618,0.698,0.167,11.0
B2,C1,1,1.0,0.75,ok,UniversalCEFR/cefr_sp_en,UniversalCEFR/cefr_sp_en,"The fact that living things inherit traits from their parents has been known since prehistoric times , and used to improve crop plants and animals through selective breeding .",The observation that living things inherit traits from their parents has been used since prehistoric times to improve crop plants and animals through selective breeding .,0.9617,0.9617,0.39,0.037,2.0
C1,C2,1,1.0,0.75,ok,UniversalCEFR/cefr_sp_en,UniversalCEFR/cefr_sp_en,"Some obligate anaerobes use fermentation , while others use anaerobic respiration .",Obligate anaerobes may use fermentation or anaerobic respiration .,0.9615,0.9615,0.125,0.1,2.0
A2,B1,1,1.0,0.75,ok,UniversalCEFR/cefr_sp_en,UniversalCEFR/cefr_sp_en,"There are also journals , online articles and blogs available .","There are also numerous journals , on - line articles and blogs available .",0.9615,0.9615,0.303,0.0,2.0
B2,C1,1,1.0,0.75,ok,UniversalCEFR/cefr_sp_en,UniversalCEFR/cefr_sp_en,Alternation of generations between a multicellular diploid and a multicellular haploid generation does not exist in animals .,Alternation between a multicellular diploid and a multicellular haploid generation is never encountered in animals .,0.9608,0.9608,0.373,0.016,2.0
C1,C2,1,1.0,0.75,ok,UniversalCEFR/cefr_sp_en,UniversalCEFR/cefr_sp_en,"Arachnids produce digestive juices in their stomachs , and use their pedipalps and chelicerae to pour them over their dead prey .",Arachnids pour digestive juices produced in their stomachs over their prey after killing it with their pedipalps and chelicerae .,0.9607,0.9607,0.437,0.045,1.0
B2,C1,1,1.0,0.75,ok,UniversalCEFR/cefr_sp_en,UniversalCEFR/cefr_sp_en,"The dusty halo seen in pictures is big , being around 2000 km in lengthwise extent .","The dusty halo seen in images is sizeable , being around 2000 km in lengthwise extent .",0.9607,0.9607,0.214,0.0,0.0
B1,B2,1,1.0,0.75,similar_complexity,UniversalCEFR/cefr_sp_en,UniversalCEFR/cefr_sp_en,"The 2016 census found that 51.3 % of residents spoke English , and 21.3 % spoke French , as their main language .","The 2016 census found that 51.3 % of residents spoke English , and 21.3 % spoke French , as their first language .",0.9606,0.9606,0.067,0.0,0.0
B1,B2,1,1.0,0.75,similar_complexity,UniversalCEFR/cefr_sp_en,UniversalCEFR/cefr_sp_en,Western modern historical linguistics dates from the late 18th century .,Modern historical linguistics dates from the late 18th century .,0.9605,0.9605,0.083,0.0,1.0
B1,B2,1,1.0,0.75,ok,UniversalCEFR/cefr_sp_en,UniversalCEFR/cefr_sp_en,A winger or wide player refer to a non-defender who plays on the left or right sides of the pitch .,"In modern football , the terms winger or wide player refer to a non-defender who plays on the left or right sides of the pitch .",0.9605,0.9605,0.333,0.023,4.0
B2,C1,1,1.0,0.75,ok,UniversalCEFR/cefr_sp_en,UniversalCEFR/cefr_sp_en,Radiation therapy is commonly applied to the cancerous tumor because of its ability to control cell growth .,Radiation therapy is used on tumors because of its ability to control cell growth .,0.9601,0.9601,0.437,0.059,3.0
B2,C1,1,1.0,0.75,ok,UniversalCEFR/cefr_sp_en,UniversalCEFR/cefr_sp_en,Growing Opium poppy and drug trafficking are important to the political and economic situation of Afghanistan .,Opium poppy cultivation and drug trafficking have important role in the political and economic situation of Afghanistan for last twenty - five years .,0.9599,0.9599,0.193,0.017,6.0
A2,B1,1,1.0,0.75,ok,UniversalCEFR/cefr_sp_en,UniversalCEFR/cefr_sp_en,"On April 15 , 2013 , a fire began in the library .","On April 15 , 2013 , a fire occurred in the library .",0.9598,0.9598,0.375,0.0,0.0
B1,B2,1,1.0,0.75,ok,UniversalCEFR/cefr_sp_en,UniversalCEFR/cefr_sp_en,"At the 2001 Census , the population of the civil parish was 20,309 .","At the 2001 Census , the population of the civil parish was 20,309 , remaining similar at the 2011 Census .",0.9598,0.9598,0.367,0.133,5.0
B1,B2,1,1.0,0.75,ok,UniversalCEFR/cefr_sp_en,UniversalCEFR/cefr_sp_en,The parachute drop was a complete failure .,The parachute drop was a failure .,0.9596,0.9596,0.5,0.0,1.0
B1,B2,1,1.0,0.75,ok,UniversalCEFR/cefr_sp_en,UniversalCEFR/cefr_sp_en,The curtain rises on a warm evening in India a long time ago .,"The curtain rises on a warm evening in India , centuries in the past .",0.9593,0.9593,0.462,0.077,0.0
B1,B2,1,1.0,0.75,ok,UniversalCEFR/cefr_sp_en,UniversalCEFR/cefr_sp_en,Jainism teaches that time has no beginning or end .,Jainism postulates that time has no beginning or end .,0.9591,0.9591,0.333,0.0,0.0
A1,A2,1,1.0,0.6,ok,UniversalCEFR/readme_en,UniversalCEFR/readme_en,Set alarm for 8 pm tonight,set alarm for 8:45am tomorrow,0.9589,0.9589,0.75,0.0,1.0
B1,B2,1,1.0,0.75,ok,UniversalCEFR/cefr_sp_en,UniversalCEFR/cefr_sp_en,"On 25 September 2017 , he was admitted to a hospital due to liver failure .","On 25 September 2017 , he was hospitalized due to liver failure .",0.9588,0.9588,0.667,0.083,3.0
B2,C1,1,1.0,0.75,ok,UniversalCEFR/cefr_sp_en,UniversalCEFR/cefr_sp_en,"Under some conditions , such as extremely low temperature , some ceramics exhibit high- temperature superconductivity .","Under some conditions , such as extremely low temperature , some ceramics show superconductivity .",0.9587,0.9587,0.321,0.06,2.0
A1,A2,1,1.0,0.6,ok,UniversalCEFR/cefr_sp_en,UniversalCEFR/cefr_sp_en,"Thomas died on April 30 , 2016 , at the age of 91 .","Thomas died on April 30 , 2016 of natural causes at the age of 91 .",0.9587,0.9587,0.443,0.091,3.0
B2,C1,1,1.0,0.75,ok,UniversalCEFR/cefr_sp_en,UniversalCEFR/cefr_sp_en,"The parish is rural in character , the northeast being moorland and the southwest lower lying farmland .","The parish is entirely rural in character , the northeast being moorland and the southwest lower lying farmland .",0.9586,0.9586,0.158,0.007,1.0
B1,B2,1,1.0,0.75,ok,UniversalCEFR/cefr_sp_en,UniversalCEFR/cefr_sp_en,Gifted and talented education has a long history of thousands of years .,Gifted and talented education dates back thousands of years .,0.9586,0.9586,0.75,0.083,3.0
A1,B2,3,1.4,0.55,ok,UniversalCEFR/cefr_sp_en,UniversalCEFR/cefr_sp_en,"He died on 3 May 2015 , aged 84 , after a long illness .","He died in England on November 16 , 2018 at the age of 81 , due to complications of hip surgery .",0.6845,0.9583,0.507,0.062,7.0
B2,C1,1,1.0,0.75,ok,UniversalCEFR/cefr_sp_en,UniversalCEFR/cefr_sp_en,Limited omnibus editions have 24 issues in a slipcase with several extras .,Limited omnibus editions collect roughly 24 issues in a slipcase with several extras .,0.9583,0.9583,0.379,0.0,1.0
B1,B2,1,1.0,0.75,ok,UniversalCEFR/cefr_sp_en,UniversalCEFR/cefr_sp_en,"Following its discovery , Cupid was given the designation S / 2003 U 2 .","Following its discovery , Cupid was given the temporary designation S / 2003 U 2 .",0.958,0.958,0.364,0.0,1.0
A2,B1,1,1.0,0.75,ok,UniversalCEFR/cefr_sp_en,UniversalCEFR/cefr_sp_en,The French press has different names around the world .,The French press goes by various names around the world .,0.9579,0.9579,0.4,0.011,1.0
B1,B2,1,1.0,0.75,ok,UniversalCEFR/cefr_sp_en,UniversalCEFR/cefr_sp_en,Different forms of competition can be called a championship .,Various forms of competition can be referred to by the term championship .,0.9578,0.9578,0.583,0.0,3.0
B2,C1,1,1.0,0.75,ok,UniversalCEFR/cefr_sp_en,UniversalCEFR/cefr_sp_en,Researchers have also found illusory superiority in relationship satisfaction .,Researchers have also found the effects of illusory superiority in studies into relationship satisfaction .,0.9576,0.9576,1.095,0.0,5.0
A2,B1,1,1.0,0.75,ok,UniversalCEFR/cefr_sp_en,UniversalCEFR/cefr_sp_en,"The university has approximately 27,700 students and employs around 6,000 people .","Currently the university has about 27,000 students and employs about 4,600 people .",0.9575,0.9575,0.656,0.1,1.0
B2,C1,1,1.0,0.75,ok,UniversalCEFR/cefr_sp_en,UniversalCEFR/cefr_sp_en,The flattened bodies of stingrays allow them to hide themselves .,The flattened bodies of stingrays allow them to effectively conceal themselves in their environments .,0.9566,0.9566,0.814,0.0,4.0
A2,B1,1,1.0,0.75,ok,UniversalCEFR/cefr_sp_en,UniversalCEFR/cefr_sp_en,Football is the most popular sport in Costa Rica .,Association football is the most popular sport in Costa Rica .,0.9563,0.9563,0.656,0.0,1.0
B1,B2,1,1.0,0.75,similar_complexity,UniversalCEFR/cefr_sp_en,UniversalCEFR/cefr_sp_en,"A number of cities hosted walk - in voting centers , and an official list of locations and open hours were made available as of February 6 .","A number of cities will host walk - in Voting Centers , and an official list of locations and open hours are available as of February 6 .",0.9559,0.9559,0.125,0.0,0.0
B1,B2,1,1.0,0.75,similar_complexity,UniversalCEFR/cefr_sp_en,UniversalCEFR/cefr_sp_en,A geologic section has to follow the rules to be adapted as a GSSP by the ICS .,A geologic section has to fulfill a set of criteria to be adapted as a GSSP by the ICS .,0.9557,0.9557,0.009,0.019,2.0
B1,B2,1,1.0,0.75,ok,UniversalCEFR/cefr_sp_en,UniversalCEFR/cefr_sp_en,Early photographers used it in flash powder .,Early photographers used it as a component of flash powder .,0.9553,0.9553,0.386,0.0,3.0
B2,C1,1,1.0,0.75,ok,UniversalCEFR/cefr_sp_en,UniversalCEFR/cefr_sp_en,No globes of the Earth from Antiquity or the Middle Ages have survived .,No terrestrial globes from Antiquity or the Middle Ages have survived .,0.9549,0.9549,0.902,0.077,2.0
C1,C2,1,1.0,0.75,ok,UniversalCEFR/cefr_sp_en,UniversalCEFR/cefr_sp_en,"Eunomia appears to be a stretched but fairly round body , with what appear to be four sides of differing curvature and noticeably different average compositions .","Eunomia appears to be an elongated but fairly regularly shaped body , with what appear to be four sides of differing curvature and noticeably different average compositions .",0.9546,0.9546,0.217,0.003,1.0
C1,C2,1,1.0,0.75,ok,UniversalCEFR/cefr_sp_en,UniversalCEFR/cefr_sp_en,"Later during the 20th century , the concept of pteridosperms was expanded to include various Mesozoic groups of seed plants with fern-like fronds .","During the 20th century the concept of pteridosperms was expanded to include various Mesozoic groups of seed plants with fern-like fronds , such as the Corystospermaceae .",0.9544,0.9544,0.202,0.029,3.0
A2,B1,1,1.0,0.75,ok,UniversalCEFR/cefr_sp_en,UniversalCEFR/cefr_sp_en,The winning team gets 3 points .,A team gets 3 points for a win .,0.9544,0.9544,1.657,0.143,2.0
A1,A2,1,1.0,0.6,ok,UniversalCEFR/readme_en,UniversalCEFR/readme_en,set alarm every 5 minutes for 15 minutes,set alarm every 15 minutes for one hour,0.9544,0.9544,0.714,0.167,1.0
B2,C1,1,1.0,0.75,ok,UniversalCEFR/cefr_sp_en,UniversalCEFR/cefr_sp_en,Viral infections in animals trigger an immune response which usually kills the infecting virus .,Viral infections in animals provoke an immune response that usually eliminates the infecting virus .,0.9543,0.9543,0.286,0.0,0.0
B2,C1,1,1.0,0.75,similar_complexity,UniversalCEFR/cefr_sp_en,UniversalCEFR/cefr_sp_en,Cenotes are surface connections to underground water bodies .,Cenotes are surface connections to subterranean water bodies .,0.9541,0.9541,0.125,0.0,0.0
A2,B1,1,1.0,0.75,ok,UniversalCEFR/cefr_sp_en,UniversalCEFR/cefr_sp_en,The speech lasted 43 minutes and 2 seconds and had 4931 words .,The speech lasted 40 minutes and 14 seconds and contained 5154 words .,0.954,0.954,0.667,0.0,0.0
B2,C1,1,1.0,0.75,similar_complexity,UniversalCEFR/cefr_sp_en,UniversalCEFR/cefr_sp_en,"No firm dates can be assigned to this Emperor 's life or reign , but he is conventionally considered to have reigned from 485 to 487 .","No firm dates can be assigned to this Emperor 's life or reign , but he is conventionally considered to have reigned from 507 to 531 .",0.9538,0.9538,0.0,0.0,0.0
B2,C1,1,1.0,0.75,ok,UniversalCEFR/cefr_sp_en,UniversalCEFR/cefr_sp_en,Leaf insects use camouflage to take on the appearance of a leaf .,Leaf insects are camouflaged taking on the appearance of leaves .,0.9536,0.9536,1.067,0.083,2.0
A2,B1,1,1.0,0.75,ok,UniversalCEFR/cefr_sp_en,UniversalCEFR/cefr_sp_en,"In the United States and Canada , digital clocks and computers usually show 12 a. m. right at midnight .","In the United States and Canada , digital clocks and computers commonly display 12 a. m at midnight .",0.9534,0.9534,0.228,0.004,1.0
B1,B2,1,1.0,0.75,ok,UniversalCEFR/cefr_sp_en,UniversalCEFR/cefr_sp_en,Black tea is often blended with other black tea or various other plants .,Black tea is often blended and mixed with various other plants in order to obtain a beverage .,0.9533,0.9533,0.068,0.231,4.0
B1,B2,1,1.0,0.75,ok,UniversalCEFR/cefr_sp_en,UniversalCEFR/cefr_sp_en,"A second , slightly revised edition was published in 1958 .","A second , slightly revised edition was republished in 1958 .",0.9531,0.9531,0.25,0.0,0.0
B1,B2,1,1.0,0.75,ok,UniversalCEFR/cefr_sp_en,UniversalCEFR/cefr_sp_en,Amusement park go-karts can be powered by 4 - stroke engines or electric motors .,"Amusement park go-karts can be powered by four-stroke engines or electric motors , while racing karts use small two -stroke or four-stroke engines .",0.9529,0.9529,0.086,0.24,12.0
B2,C1,1,1.0,0.75,ok,UniversalCEFR/cefr_sp_en,UniversalCEFR/cefr_sp_en,There are 12 described genera and 43 described species of erinaceid .,There are 10 genera and 24 species of erinaceid .,0.9528,0.9528,0.889,0.111,2.0
B1,B2,1,1.0,0.75,ok,UniversalCEFR/cefr_sp_en,UniversalCEFR/cefr_sp_en,"This changed how dinosaurs are depicted by both professional dinosaur illustrators , and in the public eye .","This changed how dinosaurs are seen by both professional dinosaur illustrators , and by the public .",0.9527,0.9527,0.096,0.067,1.0
B2,C1,1,1.0,0.75,ok,UniversalCEFR/cefr_sp_en,UniversalCEFR/cefr_sp_en,"A flounder 's diet consists mainly of fish spawn , crustaceans , polychaetes and small fish .","A flounder 's food is mainly fish spawn , crustaceans , polychaetes and small fish .",0.9525,0.9525,0.214,0.005,1.0
B1,B2,1,1.0,0.75,ok,UniversalCEFR/cefr_sp_en,UniversalCEFR/cefr_sp_en,"Businesses usually have some kind of fax system , but the technology has faced increasing competition from Internet - based methods .","Although businesses usually maintain some kind of fax capability , the technology has faced increasing competition from Internet - based alternatives .",0.9523,0.9523,0.947,0.0,0.0
B1,B2,1,1.0,0.75,similar_complexity,UniversalCEFR/cefr_sp_en,UniversalCEFR/cefr_sp_en,"The median income for a household in the city was $ 28,542 , and the median income for a family was $ 27,500 .","The median income for a household in the city as of the 2000 census was $ 62,550 , while the median income for a family was $ 67,500 .",0.952,0.952,0.035,0.025,4.0
B2,C1,1,1.0,0.75,ok,UniversalCEFR/cefr_sp_en,UniversalCEFR/cefr_sp_en,Healthy gums usually have no reaction to normal disturbance such as brushing .,Healthy gums usually have no reaction to normal disturbance such as brushing or periodontal probing .,0.9518,0.9518,0.25,0.0,3.0
C1,C2,1,1.0,0.75,similar_complexity,UniversalCEFR/cefr_sp_en,UniversalCEFR/cefr_sp_en,"At the base of the bacterial flagellum , where it enters the cell membrane , a motor protein acts as a rotary engine .","At the bottom of the bacterial flagellum , where it meets the cell membrane , a motor protein acts as an engine .",0.9518,0.9518,0.019,0.043,1.0
B1,B2,1,1.0,0.75,ok,UniversalCEFR/cefr_sp_en,UniversalCEFR/cefr_sp_en,"The city has a number of sports teams , both professional and amateur , and a number of venues across the city .","The city has both professional and amateur sports teams , and a number of venues where they are based .",0.9515,0.9515,0.206,0.244,2.0
B1,B2,1,1.0,0.75,similar_complexity,UniversalCEFR/cefr_sp_en,UniversalCEFR/cefr_sp_en,The mountain was first surveyed by a European team in 1856 .,The mountain was first surveyed by a European survey team in 1856 .,0.9513,0.9513,0.145,0.0,1.0
B2,C1,1,1.0,0.75,ok,UniversalCEFR/cefr_sp_en,UniversalCEFR/cefr_sp_en,"Since metals are good conductors of electricity , they are valuable in electrical tools and for carrying an electric current over long distances with little energy loss .","Because metals are good conductors of electricity , they are valuable in electrical appliances and for carrying an electric current over long distances with little energy loss or dissipation .",0.9513,0.9513,0.327,0.003,2.0
B2,C1,1,1.0,0.75,similar_complexity,UniversalCEFR/cefr_sp_en,UniversalCEFR/cefr_sp_en,Tandem repeat describes a pattern that helps determine an individual 's inherited traits .,A tandem repeat pattern helps determine an individual 's inherited traits .,0.9511,0.9511,0.133,0.0,2.0
A2,B2,2,1.2,0.75,ok,UniversalCEFR/cefr_sp_en,UniversalCEFR/cefr_sp_en,The movie received mixed reviews .,The movie gained mixed reviews from critics and holds a 50 % rating on Rotten Tomatoes .,0.7925,0.951,0.743,0.0,9.0
B2,C1,1,1.0,0.75,similar_complexity,UniversalCEFR/cefr_sp_en,UniversalCEFR/cefr_sp_en,"In his first form , Frieza is a relatively short humanoid , albeit with a large chestnut - shaped skull with two horns .","In his weakest form , Frieza is a relatively short humanoid with a large chestnut - shaped skull and two horns .",0.951,0.951,0.018,0.047,1.0
B2,C1,1,1.0,0.75,ok,UniversalCEFR/cefr_sp_en,UniversalCEFR/cefr_sp_en,"In reality , cats can turn themselves right side up in mid-air if they should fall upside-down .","In reality , cats possess the ability to turn themselves right side up in mid-air if they should fall upside-down , known as the cat righting reflex .",0.9508,0.9508,0.204,0.019,9.0
B1,C1,2,1.2,0.75,ok,UniversalCEFR/cefr_sp_en,UniversalCEFR/cefr_sp_en,"He died of pneumonia and heart failure on 7 January 2018 , aged 61 .","He died on June 21 , 2014 from acute respiratory failure after being hospitalized with pneumonia , aged 88 .",0.7923,0.9508,1.071,0.0,4.0
B1,B2,1,1.0,0.75,ok,UniversalCEFR/cefr_sp_en,UniversalCEFR/cefr_sp_en,Languages such as Tcl and Lua were made from the start to be general - purpose scripting languages that could be put into any application .,Languages such as Tcl and Lua were specifically designed as general - purpose scripting languages that could be embedded in any application .,0.9507,0.9507,0.905,0.012,3.0
A2,B1,1,1.0,0.75,similar_complexity,UniversalCEFR/cefr_sp_en,UniversalCEFR/cefr_sp_en,"At the beginning of the 19th century , the building was used as a restaurant .",At the beginning of the 19th century the building was sold and partly used as a restaurant .,0.9507,0.9507,0.01,0.029,3.0
B2,C1,1,1.0,0.75,ok,UniversalCEFR/cefr_sp_en,UniversalCEFR/cefr_sp_en,"The region has steep , glacier - carved mountains , valleys and interspersed plains .","The region has steep , glacier - carved mountains , glens and interspersed plains .",0.9506,0.9506,0.182,0.0,0.0
B1,B2,1,1.0,0.75,similar_complexity,UniversalCEFR/cefr_sp_en,UniversalCEFR/cefr_sp_en,"For road bicycle racing enthusiasts , the mountain can be climbed by three roads .","For road bicycle racing enthusiasts , the mountain can be climbed by three routes .",0.9501,0.9501,0.077,0.0,0.0
B1,B2,1,1.0,0.75,ok,UniversalCEFR/cefr_sp_en,UniversalCEFR/cefr_sp_en,All nine of the Grenfell brothers were accomplished polo players .,All nine of the Grenfell brothers were expert polo players .,0.9496,0.9496,0.6,0.0,0.0
B2,C1,1,1.0,0.75,ok,UniversalCEFR/cefr_sp_en,UniversalCEFR/cefr_sp_en,The disease was first reported in January 2007 in some New York caves .,"The disease was first reported in January 2007 in New York caves , although it was retrospectively detected in a photograph taken in early 2006 .",0.9491,0.9491,0.583,0.098,10.0
C1,C2,1,1.0,0.75,ok,UniversalCEFR/cefr_sp_en,UniversalCEFR/cefr_sp_en,Wood is a natural composite of cellulose fibres in a matrix of lignin .,Wood is a naturally occurring composite comprising cellulose fibres in a lignin and hemicellulose matrix .,0.9491,0.9491,1.615,0.087,2.0
B2,C1,1,1.0,0.75,ok,UniversalCEFR/cefr_sp_en,UniversalCEFR/cefr_sp_en,Blobfish are often caught as bycatch in bottom trawling nets .,Blobfish are often caught accidentally in bottom trawling nets .,0.9491,0.9491,0.9,0.0,1.0
B1,B2,1,1.0,0.75,ok,UniversalCEFR/cefr_sp_en,UniversalCEFR/cefr_sp_en,"Since the 1970s , sports clubs are organized separately by each language community .","Since the 1970s , sports clubs and federations are organized separately within each language community .",0.949,0.949,0.49,0.0,2.0
A2,B2,2,1.2,0.75,ok,UniversalCEFR/readme_en,UniversalCEFR/readme_en,"Psychology is the scientific study of behavior, cognition, and emotion","Cognitive psychology  is the psychological science which studies cognition, the mental processes   that are hypothesised to underlie behavior.",0.7905,0.9486,0.767,0.056,8.0
B1,B2,1,1.0,0.75,ok,UniversalCEFR/cefr_sp_en,UniversalCEFR/cefr_sp_en,As a former President of Ireland he was given a state funeral .,As a former President of Ireland he was accorded a state funeral .,0.9485,0.9485,0.25,0.0,0.0
B2,C1,1,1.0,0.75,ok,UniversalCEFR/cefr_sp_en,UniversalCEFR/cefr_sp_en,"In some places , schools have to have tornado drills , but usually not as often as fire drills .","In some jurisdictions , schools are required to conduct regular tornado drills , though generally less frequently than fire drills .",0.9485,0.9485,1.703,0.121,1.0
B1,B2,1,1.0,0.75,ok,UniversalCEFR/cefr_sp_en,UniversalCEFR/cefr_sp_en,The train may sometimes experience a rollback after it is launched .,A train may occasionally experience a rollback following a launch .,0.9485,0.9485,0.509,0.2,1.0
B1,B2,1,1.0,0.75,similar_complexity,UniversalCEFR/cefr_sp_en,UniversalCEFR/cefr_sp_en,"The great white shark has no known natural predators other than , on very rare occasions , the killer whale .",The great white shark has no natural predators other than the killer whale .,0.9483,0.9483,0.009,0.021,5.0
B2,C1,1,1.0,0.75,ok,UniversalCEFR/cefr_sp_en,UniversalCEFR/cefr_sp_en,"Some moths , particularly their caterpillars , can be major agricultural pests in many parts of the world .","Moths , usually their caterpillars , are a major farm pest in many parts of the world .",0.9481,0.9481,0.908,0.0,1.0
B1,B2,1,1.0,0.75,ok,UniversalCEFR/cefr_sp_en,UniversalCEFR/cefr_sp_en,"In modern times , 70 % to 90 % of the waters is used for human purposes and the flow is much smaller .","In modern times , the waters are 70 % to 90 % used for human purposes and the flow is greatly reduced .",0.948,0.948,0.35,0.052,1.0
B2,C1,1,1.0,0.75,ok,UniversalCEFR/cefr_sp_en,UniversalCEFR/cefr_sp_en,Radiometric dating methods are used to establish the geological time scale .,"Together with stratigraphic principles , radiometric dating methods are used in geochronology to establish the geologic time scale .",0.948,0.948,0.77,0.0,6.0
A2,B1,1,1.0,0.75,ok,UniversalCEFR/cefr_sp_en,UniversalCEFR/cefr_sp_en,Her career started in 1950 .,Her career started in 1950 and continues to this day .,0.9478,0.9478,0.167,0.0,5.0
B2,C1,1,1.0,0.75,ok,UniversalCEFR/cefr_sp_en,UniversalCEFR/cefr_sp_en,The material scientist / engineer also deals with the extraction of materials and their conversion into useful forms .,"Besides material characterization , the material scientist or engineer also deals with extracting materials and converting them into useful forms .",0.9474,0.9474,0.814,0.006,2.0
B2,C1,1,1.0,0.75,similar_complexity,UniversalCEFR/cefr_sp_en,UniversalCEFR/cefr_sp_en,This list is in chronological order across the table by genus .,This list is in chronological order by genus .,0.9474,0.9474,0.011,0.0,3.0
B1,B2,1,1.0,0.75,ok,UniversalCEFR/cefr_sp_en,UniversalCEFR/cefr_sp_en,"From this beginning , in the 1950s , a good-sized theory has been built up .","From this beginning in the 1950s , a substantial theory has been built up .",0.9474,0.9474,0.5,0.0,1.0
B2,C1,1,1.0,0.75,ok,UniversalCEFR/cefr_sp_en,UniversalCEFR/cefr_sp_en,"Many foods can trigger anaphylaxis , even when the food is eaten for the first time .",Many foods can trigger anaphylaxis ; this may occur upon the first known ingestion .,0.9474,0.9474,0.764,0.067,2.0
B1,B2,1,1.0,0.75,ok,UniversalCEFR/cefr_sp_en,UniversalCEFR/cefr_sp_en,Production and use of energy resources is important to the economy of the world .,Production and consumption of energy resources is very important to the global economy .,0.9473,0.9473,0.978,0.143,1.0
B1,B2,1,1.0,0.75,similar_complexity,UniversalCEFR/cefr_sp_en,UniversalCEFR/cefr_sp_en,On pictures he was usually drawn with a black and a yellow stripe painted across his face .,When depicted he was usually drawn with a black and a yellow stripe painted across his face .,0.9468,0.9468,0.118,0.0,0.0
B1,B2,1,1.0,0.75,similar_complexity,UniversalCEFR/cefr_sp_en,UniversalCEFR/cefr_sp_en,"The median income for a household in the city was $ 39,375 , and the median income for a family was $ 48,250 .","The median income for a household in the city as of the 2000 census was $ 62,550 , while the median income for a family was $ 67,500 .",0.9464,0.9464,0.035,0.025,4.0
A1,A2,1,1.0,0.6,very_short_text,UniversalCEFR/readme_en,UniversalCEFR/readme_en,Slice 2 bananas.,Slice remaining 2 bananas.,0.9462,0.9462,1.0,0.0,1.0
B1,B2,1,1.0,0.75,similar_complexity,UniversalCEFR/cefr_sp_en,UniversalCEFR/cefr_sp_en,In January 2013 Jenneke was ranked tenth on AskMen. com 's 99 Most Desirable Women 2013 .,In January 2013 Jenneke was tenth on AskMen. com 's 99 Most Desirable Women 2013 .,0.9462,0.9462,0.115,0.0,1.0
B2,C1,1,1.0,0.75,similar_complexity,UniversalCEFR/cefr_sp_en,UniversalCEFR/cefr_sp_en,Spontaneous abortion occurs in various animals .,Spontaneous abortions occur in various mammals .,0.9461,0.9461,0.0,0.0,0.0
B1,B2,1,1.0,0.75,similar_complexity,UniversalCEFR/cefr_sp_en,UniversalCEFR/cefr_sp_en,"The readout can be analog or digital , and modern instruments have communications with a computer or network .","The readout can be analog or digital , and modern instruments offer serial communications with a host computer or network .",0.9461,0.9461,0.022,0.006,2.0
B1,B2,1,1.0,0.75,ok,UniversalCEFR/cefr_sp_en,UniversalCEFR/cefr_sp_en,"From this , we now can evaluate the integral .","From knowing this , we can now evaluate the integral .",0.9461,0.9461,0.292,0.0,1.0
A2,B2,2,1.2,0.75,similar_complexity,UniversalCEFR/cefr_sp_en,UniversalCEFR/cefr_sp_en,"At the beginning of the 19th century , the building was used as a restaurant .","From the 19th century , the building was used as a ballroom , a restaurant and even a bowling alley .",0.7883,0.946,0.032,0.023,4.0
C1,C2,1,1.0,0.75,ok,UniversalCEFR/cefr_sp_en,UniversalCEFR/cefr_sp_en,The bacteria that cause urinary tract infections usually go into the bladder from the uretha .,The bacteria that cause urinary tract infections typically enter the bladder via the urethra .,0.9459,0.9459,0.443,0.01,1.0
C1,C2,1,1.0,0.75,ok,UniversalCEFR/cefr_sp_en,UniversalCEFR/cefr_sp_en,"The skin is covered in controllable chromatophores of different colors , enabling the squid to match its coloration to its surroundings .","The skin is covered in chromatophores , which enable the squid to change color to suit its surroundings , making it effectively camouflaged .",0.9459,0.9459,0.224,0.055,1.0
A1,A2,1,1.0,0.6,ok,UniversalCEFR/cefr_sp_en,UniversalCEFR/cefr_sp_en,"The DVD was released on October 10 , 2006 .","The movie 's DVD was released on October 10 , 2006 .",0.9458,0.9458,0.333,0.0,2.0
B1,B2,1,1.0,0.75,ok,UniversalCEFR/cefr_sp_en,UniversalCEFR/cefr_sp_en,Engineers in the nineteenth century knew that a bridge which was built across multiple supports would distribute the loads among them .,Engineers in the nineteenth century understood that a bridge that was continuous across multiple supports would distribute the loads among them .,0.9457,0.9457,0.476,0.048,0.0
B1,B2,1,1.0,0.75,ok,UniversalCEFR/cefr_sp_en,UniversalCEFR/cefr_sp_en,Fish are in danger of being eaten if they are separated from the school .,It is commonly observed that schooling fish are particularly in danger of being eaten if they are separated from the school .,0.9456,0.9456,0.762,0.024,7.0
A2,B1,1,1.0,0.75,ok,UniversalCEFR/cefr_sp_en,UniversalCEFR/cefr_sp_en,Ana wakes up three days later in the hospital with Christian at her side .,Ana awakens three days later in the hospital with Christian at her side .,0.9456,0.9456,0.324,0.0,1.0
B1,B2,1,1.0,0.75,similar_complexity,UniversalCEFR/cefr_sp_en,UniversalCEFR/cefr_sp_en,Sixth is the roof escape opening that is in place on all Funny Cars since the division was made in the early 1970s .,Sixth is the roof escape hatch that is in place on all Funny Cars since the founding of the division in the early 1970s .,0.9454,0.9454,0.002,0.036,1.0
B2,C1,1,1.0,0.75,ok,UniversalCEFR/cefr_sp_en,UniversalCEFR/cefr_sp_en,Igneous rocks can be classified according to their chemistry .,Igneous rocks can be classified according to chemical or mineralogical parameters .,0.9451,0.9451,0.677,0.0,2.0
B1,B2,1,1.0,0.75,ok,UniversalCEFR/cefr_sp_en,UniversalCEFR/cefr_sp_en,"A three - hour special marking the end of the show aired on November 16 , 2008 .","A three - hour special that was aired on November 16 , 2008 marked the end of the show .",0.9448,0.9448,0.154,0.01,2.0
B2,C1,1,1.0,0.75,similar_complexity,UniversalCEFR/cefr_sp_en,UniversalCEFR/cefr_sp_en,This is thought to be one of the most important battles for the control of the Indian subcontinent by the colonial powers .,This is judged to be one of the pivotal battles in the control of Indian subcontinent by the colonial powers .,0.9448,0.9448,0.095,0.032,2.0
B2,C1,1,1.0,0.75,similar_complexity,UniversalCEFR/cefr_sp_en,UniversalCEFR/cefr_sp_en,It is held in many mental health circles that masturbation can relieve depression and lead to a higher sense of self-esteem .,"It is held in many mental health circles that masturbation can relieve depression , stress and lead to a higher sense of self-worth .",0.9447,0.9447,0.016,0.0,1.0
B1,B2,1,1.0,0.75,similar_complexity,UniversalCEFR/cefr_sp_en,UniversalCEFR/cefr_sp_en,"As of 2010 , the municipality had a total population of 8,343 , up from 7,172 as of 2005 .","As of 2010 , the municipality had a total population of 8,441 , up from 7,233 as of 2005 .",0.9446,0.9446,0.0,0.0,0.0
B2,C1,1,1.0,0.75,ok,UniversalCEFR/cefr_sp_en,UniversalCEFR/cefr_sp_en,"Garnica started in athletics after his eyesight got really bad , and is a T12 long distance track and field races .","Garnica started in athletics after his vision severely deteriorated , and is a T12 long distance track and field events .",0.9441,0.9441,0.649,0.003,1.0
B1,B2,1,1.0,0.75,ok,UniversalCEFR/cefr_sp_en,UniversalCEFR/cefr_sp_en,"In October 2015 , the districts were abolished .",The districts were abolished per 3 October 2015 .,0.9439,0.9439,0.167,0.0,0.0
A2,B1,1,1.0,0.75,similar_complexity,UniversalCEFR/cefr_sp_en,UniversalCEFR/cefr_sp_en,The movie received mixed reviews .,The movie received mixed reviews from critics .,0.9439,0.9439,0.029,0.0,2.0
B1,B2,1,1.0,0.75,ok,UniversalCEFR/cefr_sp_en,UniversalCEFR/cefr_sp_en,These plants are very simple : They lack an obvious stem or leaves .,"These plants have a simple structure , lacking an obvious stem or leaves .",0.9437,0.9437,0.5,0.0,0.0
B1,B2,1,1.0,0.75,ok,UniversalCEFR/cefr_sp_en,UniversalCEFR/cefr_sp_en,"In cricket , a batsman 's average is the total number of runs he has scored divided by the number of times he has been got out .","In cricket , a player 's batting average is the total number of runs they have scored divided by the number of times they have been out .",0.9435,0.9435,0.346,0.0,0.0
B1,B2,1,1.0,0.75,ok,UniversalCEFR/cefr_sp_en,UniversalCEFR/cefr_sp_en,Many electronic paper technologies hold static text and images indefinitely without electricity .,Many electronic paper technologies keep the same text and images indefinitely without electricity .,0.9432,0.9432,0.462,0.0,1.0
B1,B2,1,1.0,0.75,similar_complexity,UniversalCEFR/cefr_sp_en,UniversalCEFR/cefr_sp_en,"Actors working in theater , film , and television have to learn different skills .","Actors working in theater , film , television and radio have to learn specific skills .",0.9432,0.9432,0.109,0.0,1.0
B2,C1,1,1.0,0.75,ok,UniversalCEFR/cefr_sp_en,UniversalCEFR/cefr_sp_en,"For wheels without joints , climbing obstacles will cause the body of the vehicle to tilt .","With unarticulated wheels , climbing obstacles will cause the body of a vehicle to tilt .",0.943,0.943,0.276,0.067,1.0
A2,B1,1,1.0,0.75,ok,UniversalCEFR/cefr_sp_en,UniversalCEFR/cefr_sp_en,"In the late 1950s , he studied filmmaking in France .","In the late 1950s , he studied cinema in France .",0.9427,0.9427,0.5,0.0,0.0
B2,C1,1,1.0,0.75,similar_complexity,UniversalCEFR/cefr_sp_en,UniversalCEFR/cefr_sp_en,"For many years , efforts to discover brown dwarfs were fruitless .","For many years , efforts to discover brown dwarves were fruitless .",0.9424,0.9424,0.1,0.0,0.0
A2,B1,1,1.0,0.75,ok,UniversalCEFR/cefr_sp_en,UniversalCEFR/cefr_sp_en,The following table gives a summary of the different schedules .,This table gives a summary of the differences between the different Schedules .,0.9424,0.9424,0.2,0.017,2.0
C1,C2,1,1.0,0.75,ok,UniversalCEFR/cefr_sp_en,UniversalCEFR/cefr_sp_en,These enzymes are found in bacteria and archaea and provide a defence mechanism against invading viruses .,"These enzymes are found in bacteria and archaea and defend them against invading viruses , which are bacteriophages .",0.9421,0.9421,0.143,0.055,1.0
B1,B2,1,1.0,0.75,similar_complexity,UniversalCEFR/cefr_sp_en,UniversalCEFR/cefr_sp_en,"The average income for a household in the city was $ 32,588 , and the average income for a family was $ 36,165 .","The median income for a household in the city was $ 32,588 , and the median income for a family was $ 36,165 .",0.9421,0.9421,0.111,0.0,0.0
B2,C1,1,1.0,0.75,ok,UniversalCEFR/cefr_sp_en,UniversalCEFR/cefr_sp_en,"In the 1930 season , the league changed the passing rules , effectively eliminating offsides .","In the 1930 season , the league considerably liberalized the passing rules , effectively eliminating offsides .",0.9418,0.9418,0.769,0.013,1.0
B1,B2,1,1.0,0.75,ok,UniversalCEFR/cefr_sp_en,UniversalCEFR/cefr_sp_en,The court has ruled that the $ 2.7 billion in school funding was not good enough and was given out unfairly .,The court has ruled that the $ 2.7 billion in school funding was inadequate and distributed unfairly .,0.9418,0.9418,0.965,0.039,4.0
B1,C1,2,1.2,0.75,ok,UniversalCEFR/cefr_sp_en,UniversalCEFR/cefr_sp_en,The structure of mauveine was not fully identified until 1994 .,"The molecular structure of mauveine proved difficult to determine , finally being identified in 1994 .",0.7846,0.9416,0.897,0.0,4.0
B2,C1,1,1.0,0.75,ok,UniversalCEFR/cefr_sp_en,UniversalCEFR/cefr_sp_en,"The botanical exhibits are placed according to their start in free-air or climate controlled greenhouses , which also contain many tropical and subtropical plants .","The botanical exhibits are organized according to their origin in free-air or climatized greenhouses , which also contain numerous tropical and subtropical plants .",0.9415,0.9415,0.292,0.0,1.0
B1,B2,1,1.0,0.75,ok,UniversalCEFR/cefr_sp_en,UniversalCEFR/cefr_sp_en,"The mouth is just behind the head , on the underside of the body .","The mouth is located just behind the head , after a rostrum , on the underside of the body .",0.941,0.941,0.271,0.054,4.0
B2,C1,1,1.0,0.75,ok,UniversalCEFR/cefr_sp_en,UniversalCEFR/cefr_sp_en,"A few block ciphers , such as RC5 , support a variable block size .","Many block ciphers , such as RC5 , support a variable block size .",0.941,0.941,0.427,0.082,1.0
B1,B2,1,1.0,0.75,ok,UniversalCEFR/cefr_sp_en,UniversalCEFR/cefr_sp_en,The leopard cat is the most widely distributed Asian small wild cat .,Leopard cats are the most widely distributed Asian small cats .,0.9407,0.9407,0.533,0.067,2.0
B2,C1,1,1.0,0.75,ok,UniversalCEFR/cefr_sp_en,UniversalCEFR/cefr_sp_en,"The song gained popularity in September 2016 , when the first remix was uploaded onto the YouTube channel SiIvaGunner .","The song gained popularity in September 2016 , when a remix was uploaded onto the YouTube channel SiIvaGunner , where many memes and parody videos have been uploaded since .",0.9407,0.9407,0.26,0.041,9.0
A2,B2,2,1.2,0.75,ok,UniversalCEFR/cefr_sp_en,UniversalCEFR/cefr_sp_en,Most sharks are not dangerous .,"Despite its size , the whale shark does not pose any danger to humans .",0.7838,0.9405,0.769,0.0,8.0
B2,C1,1,1.0,0.75,ok,UniversalCEFR/cefr_sp_en,UniversalCEFR/cefr_sp_en,"Tonic immobility has been hypothesized to occur in humans undergoing intense trauma , including sexual assault .","Tonic immobility has also been said to occur in humans that are subject to intense trauma , such as rape or sexual assault .",0.9405,0.9405,1.767,0.045,7.0
A1,C2,5,1.8,0.5,low_sim_for_dist,UniversalCEFR/elg_cefr_en,UniversalCEFR/elg_cefr_en,"Donna was there with her family, at a table under some trees. Her eyes were on the dancers . . . but she didn't see them; the music was in her ears . . . but she didn't hear it. She didn't want to look or listen or dance; she didn't want to be there. She only wanted to see the lovely, shy boy from the boat, perhaps to dance with him. 
First Mr and Mrs Webb wanted to go to a little place near the beach where they always had good fish. They wanted to have a good time on their first evening in Spain, and later there was the disco in the square at Comilla's . . . Mark didn't want to go. 
He didn't want to eat or dance or talk or laugh. He wanted to sit quietly and think about the good-looking girl on the boat. Where was she now? But Dave and Harry and Nick and Sue all wanted him to go . . . Later that evening he walked into the square at Comilla's with his friends. 
They found a table at one of the cafes and they all sat down. Mark looked slowly at the people at the tables near them . . . Donna looked sadly at the people dancing and standing in the square . . . then their eyes met. 
Time stopped. He was here! She was here! He smiled at her with his nice blue eyes. She smiled back at him with her dark brown eyes. Suddenly he wasn't shy.  
","REMOVAL DAY

With her children now grown, widowed Susan faces leaving the family home.

The van said, Susan noticed, ‘Removers of Distinction’, and indeed, every distinguishing feature of the house was being removed. Everything which made it particular was being wrapped in newspaper and packed in boxes by Fred the removal man, his enormous fingers like sausages tenderly handling all the breakables, and his team of helpers, not so gentle.
It was a lovely house that she was leaving, an elegant four-storeyed building overlooking a tiny harbour. The years she had spent there, the years of the children growing up and leaving, hung around in the air, faintly present like agitated dust. 
When told that they had bought this house, Robert, then five, had asked thoughtfully, ‘Mum, when you buy a house, how d’you get it home?’ You could miss a little boy in the physical presence of the adult he had become; Robert was here, helping, and in particular making sure she didn’t let on about the piano. Francesca was here too, also helping, in her bossy way, stubbornly certain that nobody but she, the family daughter, would be careful enough over a fine instrument like a Steinway piano.
‘She doesn’t look like she’s going to cry on us,’ observed Fred. ‘That’s something.’ ‘Do people cry?’ Susan asked, intrigued. ‘You'd be surprised,’ said Fred. ‘They go around merry as magpies helping out till its all in the van, then you look round and there they are, crying in the middle of an empty room. They're fine when we get to the new place, mind. It's just seeing everything taken apart that upsets them.’
She could easily imagine.
Left to herself, Susan would have warned the removers about the piano before accepting the estimate. Robert had said sternly that it was their business to see the problem, and their bad luck if they didn’t. The piano now stood in solitary glory in the upstairs sitting room, the best room in the house. They would leave it till last, naturally. Sitting on the bottom stair, for all the chairs were gone now, she remembered the time they had arrived.
The day she was living through now was like that day filmed and run backwards - the piano had been carried in first. And it had got stuck on the stairs. For nearly two hours the team of removal men struggled manfully with it, until it seemed they would simply have to give up.
They brought it up to the turn of the stairs, and down again, and cut out banister rails, and got it jammed anyway, while little Robert looked on enthralled, and young Francesca wailed, ‘We can’t live in a house without a piano! We can’t! I’d rather die!’ And of course they couldn’t, not with a musical daughter destined to be a concert pianist. They had to find a way to get it in, and a way had been found.
Peter, her late husband, had come home to the crisis and had resolved it. The piano had been left in the garden while the other furniture was brought in - there was much less of it then, they had been relatively young and hard up. And next day, to everyone’s surprise, a builder had been engaged to take out the first floor window.
Then, from the quay below the house, where fish were unloaded from the inshore boats, a little crane was borrowed, and dragged up the hill by means of the local farmer’s tractor. Finally, the piano was wrapped in blankets, hooked to the crane and gently swung safely through the gaping window, while the entranced children danced with joy at the sight of it.
However, the whole process had cost so much it was months before they could afford to have the piano professionally tuned. ‘That’s that,’ Peter had said. ‘That’s there for ever.’ But for ever is a long time.
The children were increasingly too busy to come home at weekends, and Susan was no longer so mobile in the house, and puffing as she climbed the stairs. The thought of the stairs interrupted her daydream. The banister rails were still not quite parallel, they had not been put back perfectly all that time ago. She ought to have warned the removers, surely she ought. But now it was too late. Any moment now they would find it. She looked around, dazed and panic-stricken.
‘Are you all right, love?’ Fred was saying. ‘Mind yourself, it’s just the piano to come now, and then we’ll be on our way.’ She moved from the bottom stair, heart beating. Robert and Francesca had both appeared, standing in the back of the hallway to watch. ‘No tears then?' Fred said, conversationally.
Truth to tell she was just on the edge of them. How odd that simply moving things made them matter. Chairs and cups and things, hundreds of things, that one never noticed or gave a moment’s thought to while they stayed put, now they were displaced, were full of pathos, crying out to be cared about - and she would have cried, in a moment, surely she would.
Only just then the piano appeared, lurching at the top of the stairs, with Fred backing down in front of it and one of the others behind. It tipped slightly. ‘Easy does it!’ cried Fred, and they carried smoothly down the stairs and out of the front door, and put it down behind the removal van on the road.
It was Robert who laughed first, but then they couldn't stop laughing, relieved that it was all over. All three of them, helplessly, leaning against each other, gasping for breath and laughing more. ‘What’s the joke, then?’ asked Fred, but he merely started them off again. So that, as they went, the three of them, arm in arm down the path for the last time, the only tears she shed were tears of laughter.",0.5224,0.9404,0.401,0.06,765.0
A1,C1,4,1.6,0.55,low_sim_for_dist,UniversalCEFR/cefr_sp_en,UniversalCEFR/cefr_sp_en,"He died on 6 January 2015 , aged 82 .",He died on 21 June 2014 from acute respiratory failure after being hospitalized with pneumonia .,0.5876,0.9401,1.892,0.0,8.0
B2,C1,1,1.0,0.75,ok,UniversalCEFR/cefr_sp_en,UniversalCEFR/cefr_sp_en,"Although its surface circulation had dissipated , its upper circulation remained unbroken and created a burst of rainfall early on August 20 .","Although its surface circulation had dissipated , its circulation aloft remained intact and led to a burst of rainfall early on August 20 .",0.9399,0.9399,0.467,0.005,1.0
A1,B2,3,1.4,0.55,ok,UniversalCEFR/cefr_sp_en,UniversalCEFR/cefr_sp_en,"He died , aged 80 on 23 July , 2014 .","He died in England on November 16 , 2018 at the age of 81 , due to complications of hip surgery .",0.6713,0.9398,0.862,0.062,11.0
B2,C1,1,1.0,0.75,ok,UniversalCEFR/cefr_sp_en,UniversalCEFR/cefr_sp_en,Green manures are crops grown for the express purpose of plowing them under .,"Green manures are crops grown for the express purpose of plowing them in , thus increasing fertility through the incorporation of nutrients and organic matter into the soil .",0.9397,0.9397,0.487,0.111,14.0
B1,C1,2,1.2,0.75,ok,UniversalCEFR/cefr_sp_en,UniversalCEFR/cefr_sp_en,There are no specific treatments for dengue fever .,"There are no specific antiviral drugs for dengue ; however , maintaining proper fluid balance is important .",0.7831,0.9397,0.617,0.0,7.0
B2,C1,1,1.0,0.75,ok,UniversalCEFR/cefr_sp_en,UniversalCEFR/cefr_sp_en,A person with astraphobia often feels fear during a thunderstorm even if there is a low chance that they will be hurt during the storm .,A person with astraphobia will often feel anxious during a thunderstorm even when they understand that the threat to them is minimal .,0.9396,0.9396,0.645,0.075,3.0
A1,B2,3,1.4,0.55,ok,UniversalCEFR/cefr_sp_en,UniversalCEFR/cefr_sp_en,"He died , aged 80 on 23 July , 2014 .",He died on 11 May 2018 at the age of 52 from cardiac arrest .,0.6711,0.9396,0.255,0.0,6.0
A1,B2,3,1.4,0.55,ok,UniversalCEFR/cefr_sp_en,UniversalCEFR/cefr_sp_en,He died on 18 October 2017 .,"He died in England on November 16 , 2018 at the age of 81 , due to complications of hip surgery .",0.6709,0.9393,0.312,0.062,12.0
B2,C1,1,1.0,0.75,ok,UniversalCEFR/cefr_sp_en,UniversalCEFR/cefr_sp_en,France is a secular country and the constitution guarantees freedom of religion .,"France is a secular country , and freedom of religion is a constitutional right .",0.9389,0.9389,0.667,0.154,1.0
B2,C1,1,1.0,0.75,ok,UniversalCEFR/cefr_sp_en,UniversalCEFR/cefr_sp_en,Intellectual property laws have the effect of converting some goods to scarce goods by law .,Intellectual property laws such as copyrights and patents have the effect of converting some intangible goods to scarce goods .,0.9389,0.9389,0.565,0.014,4.0
B2,C1,1,1.0,0.75,ok,UniversalCEFR/cefr_sp_en,UniversalCEFR/cefr_sp_en,"The Murids are classified in four subfamilies , and about 140 genera .","The murids are classified in five subfamilies , around 150 genera and about 710 species .",0.9389,0.9389,0.2,0.0,2.0
B2,C1,1,1.0,0.75,ok,UniversalCEFR/cefr_sp_en,UniversalCEFR/cefr_sp_en,Adult and larval leaf beetles feed on all sorts of plant tissue .,"Adult and larval leaf beetles feed on all sorts of plant tissue , and all species are fully herbivorous .",0.9388,0.9388,0.333,0.111,6.0
B2,C1,1,1.0,0.75,ok,UniversalCEFR/cefr_sp_en,UniversalCEFR/cefr_sp_en,"Bat : The bat used by the offense can be made out of wood or aluminum or other composite materials , such as carbon fiber .","The bat used by the batter can be made of wood , aluminum , or composite materials such as carbon fiber .",0.9387,0.9387,0.133,0.078,4.0
B1,B2,1,1.0,0.75,ok,UniversalCEFR/cefr_sp_en,UniversalCEFR/cefr_sp_en,"The median income for a household in the county was $ 64,294 .","The median income for a household in the county was $ 46,941 , and the median income for a family was $ 52,281 .",0.9386,0.9386,0.144,0.289,8.0
B1,C1,2,1.2,0.75,ok,UniversalCEFR/cefr_sp_en,UniversalCEFR/cefr_sp_en,There were only a small number of men who were healthy .,"During the epidemic , there were only a small number of men who remained healthy and bore the responsibility of caring for the sick .",0.782,0.9384,0.652,0.04,12.0
A2,B2,2,1.2,0.75,ok,UniversalCEFR/readme_en,UniversalCEFR/readme_en,Fatima Fellowship is committed to fostering a diverse community of researchers.,"Participation in Fatima Fellowship as an organizer, mentor, or fellow does not constitute any agency, partnership or joint venture between you and Fatima Fellowship and/or any other community member, or their home institution",0.7819,0.9383,0.652,0.206,23.0
B1,B2,1,1.0,0.75,ok,UniversalCEFR/cefr_sp_en,UniversalCEFR/cefr_sp_en,"A week after impact , food is in very short supply across the entire planet .","Four days since impact , food is in short supply across the entire planet .",0.9382,0.9382,0.253,0.0,1.0
B2,C1,1,1.0,0.75,ok,UniversalCEFR/cefr_sp_en,UniversalCEFR/cefr_sp_en,"They have mobile units , such as jeeps or convertibles , thanks to which they can quickly reach the required events .","They are equipped with mobile units discovered , such as jeeps or convertibles , thanks to which they can quickly reach the required events .",0.9382,0.9382,0.287,0.007,3.0
B1,B2,1,1.0,0.75,ok,UniversalCEFR/cefr_sp_en,UniversalCEFR/cefr_sp_en,"When writing currency amounts , the location of the symbol varies by language .",When writing currency amounts the location of the symbol varies by currency .,0.9381,0.9381,0.0,0.083,0.0
B1,B2,1,1.0,0.75,ok,UniversalCEFR/cefr_sp_en,UniversalCEFR/cefr_sp_en,"To illustrate the computation , suppose a coach trains long-distance runners for one month using two methods .",Suppose a coach trains long-distance runners for one month using two methods .,0.9381,0.9381,0.371,0.0,4.0
B2,C1,1,1.0,0.75,ok,UniversalCEFR/cefr_sp_en,UniversalCEFR/cefr_sp_en,The procedure for caring for a beating heart cadaver is the same as caring for a normal patient .,Caring for a beating heart cadaver is similar to caring for a living patient .,0.9379,0.9379,0.167,0.063,4.0
B2,C1,1,1.0,0.75,ok,UniversalCEFR/cefr_sp_en,UniversalCEFR/cefr_sp_en,Histones undergo changes which alter their interaction with DNA and nuclear proteins .,Histones undergo posttranslational modifications that alter their interaction with DNA and nuclear proteins .,0.9377,0.9377,1.224,0.0,1.0
B2,C1,1,1.0,0.75,similar_complexity,UniversalCEFR/readme_en,UniversalCEFR/readme_en,"In general, the ith dimension of the output array is the dimension dimorder(i) from the input array.","In other words, the ith dimension of the input array becomes the dimension dimorder(i) in the output array.",0.9374,0.9374,0.082,0.038,1.0
B2,C1,1,1.0,0.75,ok,UniversalCEFR/cefr_sp_en,UniversalCEFR/cefr_sp_en,"Without treatment , an acute attack of gout will usually resolve in 5 to 7 days .","Without treatment , an acute attack of gout usually resolves in five to seven days ; however , 60 % of people have a second attack within one year .",0.9372,0.9372,0.026,0.083,11.0
A1,C1,4,1.6,0.55,low_sim_for_dist,UniversalCEFR/cefr_sp_en,UniversalCEFR/cefr_sp_en,He died on 12 May 2019 at the age of 80 .,"Hazzard died in New York City on 12 December 2016 from complications of dementia , aged 85 .",0.5857,0.9372,2.375,0.0,5.0
B2,C1,1,1.0,0.75,ok,UniversalCEFR/cefr_sp_en,UniversalCEFR/cefr_sp_en,The stars in planetary nebulae are very hot .,The central stars of planetary nebulae are very hot .,0.9371,0.9371,0.278,0.0,1.0
B1,B2,1,1.0,0.75,ok,UniversalCEFR/cefr_sp_en,UniversalCEFR/cefr_sp_en,"On 6 and 7 September 2013 , double international games between Sweden and Finland were played inside .","On 6 and 7 September 2013 , double international games between Sweden and Finland with both A- and U23 games were held inside .",0.937,0.937,0.812,0.09,5.0
B1,B2,1,1.0,0.75,similar_complexity,UniversalCEFR/cefr_sp_en,UniversalCEFR/cefr_sp_en,"The average income for a household in the city was $ 32,588 , and the average income for a family was $ 36,165 .","The median income for a household in the city was $ 16,563 , and the median income for a family was $ 33,125 .",0.9369,0.9369,0.111,0.0,0.0
B1,B2,1,1.0,0.75,ok,UniversalCEFR/cefr_sp_en,UniversalCEFR/cefr_sp_en,Spanish -speaking countries use many different names for the varieties and preparations .,In Spanish -speaking countries there are many different names for each variety and preparation .,0.9366,0.9366,0.536,0.0,2.0
B1,B2,1,1.0,0.75,similar_complexity,UniversalCEFR/cefr_sp_en,UniversalCEFR/cefr_sp_en,Coussmaker sat for Reynolds 21 times and his horse 8 times between February 9 and April 16 .,"Coussmaker sat for Reynolds 21 times and his horse 8 times between February 9 and April 16 , 1782 - an exceptional number of times .",0.9366,0.9366,0.009,0.013,5.0
B1,B2,1,1.0,0.75,similar_complexity,UniversalCEFR/cefr_sp_en,UniversalCEFR/cefr_sp_en,"The average income for a household in the city was $ 32,588 , and the average income for a family was $ 36,165 .","The median income for a household in the city was $ 45,015 , and the median income for a family was $ 51,162 .",0.9364,0.9364,0.111,0.0,0.0
A2,B1,1,1.0,0.75,ok,UniversalCEFR/cefr_sp_en,UniversalCEFR/cefr_sp_en,"Shepodd died on August 16 , 2017 at his London , England home at the age of 92 .",Shepodd died in August 2017 in London at the age of 89 .,0.9363,0.9363,0.223,0.023,3.0
A2,B2,2,1.2,0.75,ok,UniversalCEFR/cefr_sp_en,UniversalCEFR/cefr_sp_en,The sea is mostly ice-covered .,"The sea is mostly ice-covered , and the Thwaites Ice Tongue protrudes into it .",0.7801,0.9361,0.429,0.143,8.0
B1,B2,1,1.0,0.75,ok,UniversalCEFR/cefr_sp_en,UniversalCEFR/cefr_sp_en,"The Romans adopted the Greek tradition , becoming the first people to write history in a non-Greek language .","The Romans adopted the Greek tradition , writing at first in Greek , but eventually chronicling their history in a freshly non-Greek language .",0.9361,0.9361,0.384,0.015,4.0
B1,B2,1,1.0,0.75,ok,UniversalCEFR/cefr_sp_en,UniversalCEFR/cefr_sp_en,"In addition , there are 19 associate members and one affiliate member .","In addition , there are 16 associate members and 3 affiliate members .",0.9361,0.9361,0.389,0.111,1.0
B2,C1,1,1.0,0.75,ok,UniversalCEFR/cefr_sp_en,UniversalCEFR/cefr_sp_en,Observations of atmospheric chemistry are important .,Observations of atmospheric chemistry are essential to our understanding .,0.9361,0.9361,0.556,0.0,3.0
B1,B2,1,1.0,0.75,similar_complexity,UniversalCEFR/cefr_sp_en,UniversalCEFR/cefr_sp_en,This was the first time that the federal government provided money for a structure dedicated to the performing arts .,This was the first time that the federal government helped finance a structure dedicated to the performing arts .,0.9359,0.9359,0.117,0.006,1.0
B1,B2,1,1.0,0.75,similar_complexity,UniversalCEFR/cefr_sp_en,UniversalCEFR/cefr_sp_en,"As a simple example , consider the average daily high temperatures for two cities , one inland and one near the ocean .","As a simple example , consider the average daily maximum temperatures for two cities , one inland and one on the coast .",0.9358,0.9358,0.05,0.0,0.0
B2,C1,1,1.0,0.75,similar_complexity,UniversalCEFR/cefr_sp_en,UniversalCEFR/cefr_sp_en,"The new house , which uses the original frontage , seats 1,750 and is elliptical in shape with a large orchestra level and 37 boxes .","The new house seats 1,750 and is elliptical in shape with a large orchestra level and 37 boxes around its perimeter .",0.9358,0.9358,0.035,0.043,2.0
B2,C1,1,1.0,0.75,ok,UniversalCEFR/cefr_sp_en,UniversalCEFR/cefr_sp_en,"Self resonant loop antennas are relatively large , governed by the intended wavelength of operation .","Resonant loop antennas are relatively large , governed by the intended wavelength of operation .",0.9356,0.9356,0.154,0.0,1.0
B2,C1,1,1.0,0.75,ok,UniversalCEFR/cefr_sp_en,UniversalCEFR/cefr_sp_en,A number of plateaus make up a large part of the plain .,A collection of plateaus constitute a large part of the plain .,0.9354,0.9354,1.053,0.015,1.0
A2,B1,1,1.0,0.75,ok,UniversalCEFR/cefr_sp_en,UniversalCEFR/cefr_sp_en,"Today , it is the largest public university in Bangladesh , with a student body of 33,000 and a faculty of 1,800 .","Today , it is the largest public research university in Bangladesh , with a student body of 33,000 and a faculty of 1,800 .",0.9353,0.9353,0.193,0.006,1.0
B1,B2,1,1.0,0.75,ok,UniversalCEFR/cefr_sp_en,UniversalCEFR/cefr_sp_en,Australia 's external territories follow different time zones .,Australia 's many outside territories follow their own time zones .,0.9352,0.9352,1.125,0.0,2.0
B1,B2,1,1.0,0.75,similar_complexity,UniversalCEFR/cefr_sp_en,UniversalCEFR/cefr_sp_en,This technique has long been used to produce flexible metal wire by drawing the material through a series of holes of decreasing size .,This technique has long been used to produce flexible metal wire by drawing the material through a series of dies of decreasing size .,0.9352,0.9352,0.043,0.0,0.0
B1,B2,1,1.0,0.75,ok,UniversalCEFR/cefr_sp_en,UniversalCEFR/cefr_sp_en,"By the 1990s , the Federal government had changed its mind on wolves .","By the 1990s , the Federal government had reversed its views on wolves .",0.9351,0.9351,0.182,0.0,0.0
B1,B2,1,1.0,0.75,similar_complexity,UniversalCEFR/cefr_sp_en,UniversalCEFR/cefr_sp_en,Black powder rocket motors are only made in small sizes .,"Black powder rocket motors are only produced in small sizes , to reduce the risk of explosion and a loss of efficiency .",0.9348,0.9348,0.029,0.048,11.0
B1,B2,1,1.0,0.75,ok,UniversalCEFR/cefr_sp_en,UniversalCEFR/cefr_sp_en,A large number of settlers arrived in the 1850s and 1860s .,"A large number of settlers arrived in the 1850s and 1860s , many of whom were ancestors of today 's residents .",0.9346,0.9346,0.167,0.111,9.0
B1,B2,1,1.0,0.75,ok,UniversalCEFR/cefr_sp_en,UniversalCEFR/cefr_sp_en,"As of 2005 , the municipality had a total population of 2647 .","In 2005 , the municipality had a total population of 7,233 .",0.9343,0.9343,0.306,0.111,1.0
B1,B2,1,1.0,0.75,ok,UniversalCEFR/cefr_sp_en,UniversalCEFR/cefr_sp_en,Rat snakes are commonly kept as pets .,Rat snakes are commonly kept as pets by reptile enthusiasts .,0.9343,0.9343,0.714,0.0,3.0
B1,B2,1,1.0,0.75,ok,UniversalCEFR/cefr_sp_en,UniversalCEFR/cefr_sp_en,Management accountants have a dual reporting relationship .,"Consistent with other roles in modern corporations , management accountants have a dual reporting relationship .",0.9343,0.9343,0.5,0.0,7.0
B2,C1,1,1.0,0.75,ok,UniversalCEFR/cefr_sp_en,UniversalCEFR/cefr_sp_en,"In a neutral atom , the number of electrons equals the number of protons .",A neutral atom has the same number of electrons as protons .,0.9338,0.9338,0.098,0.231,2.0
B1,C1,2,1.2,0.75,ok,UniversalCEFR/cefr_sp_en,UniversalCEFR/cefr_sp_en,The earliest European settlers to the district arrived in the 1840s .,"The earliest settlers to the district arrived in the 1840s , and farmed the area with wheat and sheep predominantly .",0.7779,0.9335,0.2,0.022,8.0
B2,C1,1,1.0,0.75,ok,UniversalCEFR/cefr_sp_en,UniversalCEFR/cefr_sp_en,"In the 14th century , the word described the roughness of woven cloth before it was cut .","Starting around the 14th century , the word referred originally to the roughness of woven cloth before it was sheared .",0.9332,0.9332,0.767,0.022,3.0
B1,B2,1,1.0,0.75,similar_complexity,UniversalCEFR/cefr_sp_en,UniversalCEFR/cefr_sp_en,The government 's main concern has been to improve the economy .,The government 's main concern has been to bolster the economy .,0.9332,0.9332,0.0,0.0,0.0
B1,B2,1,1.0,0.75,ok,UniversalCEFR/cefr_sp_en,UniversalCEFR/cefr_sp_en,The white - tailed eagle is a very large bird .,The white - tailed eagle is a very large bird and one of the largest living birds of prey .,0.9331,0.9331,0.0,0.111,9.0
B2,C1,1,1.0,0.75,ok,UniversalCEFR/cefr_sp_en,UniversalCEFR/cefr_sp_en,The fundamentals of bird flight are similar to those of aircraft .,"The fundamentals of bird flight are similar to those of aircraft , in which the aerodynamic forces sustaining flight are lift and drag .",0.9329,0.9329,0.136,0.091,11.0
B1,B2,1,1.0,0.75,similar_complexity,UniversalCEFR/cefr_sp_en,UniversalCEFR/cefr_sp_en,A tropical wave moved off the western coast of Africa on September 12 .,"On September 1 , a tropical wave moved off the coast of Africa and headed westward .",0.9329,0.9329,0.06,0.0,2.0
C1,C2,1,1.0,0.75,ok,UniversalCEFR/cefr_sp_en,UniversalCEFR/cefr_sp_en,"In the natural sciences , gradualism is a theory that profound change is the product of slow but continuous processes .","In the natural sciences , gradualism is the theory which holds that profound change is the cumulative product of slow but continuous processes , often contrasted with catastrophism .",0.9328,0.9328,0.702,0.01,7.0
B2,C1,1,1.0,0.75,ok,UniversalCEFR/cefr_sp_en,UniversalCEFR/cefr_sp_en,"According to its redshift , the quasar is about 8 billion light years from Earth , while the lensing galaxy is only 400 million light years away .","The quasar 's redshift indicates that it is located about 8 billion light years from Earth , while the lensing galaxy is at a distance of 400 million light years .",0.9328,0.9328,0.203,0.026,4.0
B2,C1,1,1.0,0.75,similar_complexity,UniversalCEFR/cefr_sp_en,UniversalCEFR/cefr_sp_en,"Early Cybermen had an unsettling , sing-song voice , created by changing their voices slightly on syllables which a voice does not normally change .","Early Cybermen had an unsettling , sing-song voice , constructed by placing the inflections of words on the wrong syllables .",0.9326,0.9326,0.098,0.009,4.0
B2,C1,1,1.0,0.75,ok,UniversalCEFR/cefr_sp_en,UniversalCEFR/cefr_sp_en,Seamounts are one of the most common oceanic ecosystems in the world .,"Because of their abundance , seamounts are one of the most common marine ecosystems in the world .",0.9326,0.9326,0.188,0.042,4.0
A2,B1,1,1.0,0.75,ok,UniversalCEFR/cefr_sp_en,UniversalCEFR/cefr_sp_en,The movie received mixed reviews .,This movie got mixed reviews .,0.9326,0.9326,0.8,0.0,0.0
B2,C1,1,1.0,0.75,ok,UniversalCEFR/cefr_sp_en,UniversalCEFR/cefr_sp_en,Organic synthesis is a special branch of chemical synthesis dealing with the synthesis of organic compounds .,Organic synthesis is a special type of chemical synthesis .,0.9325,0.9325,0.306,0.139,7.0
A1,B2,3,1.4,0.55,ok,UniversalCEFR/cefr_sp_en,UniversalCEFR/cefr_sp_en,"He died , aged 80 , on 22 July 2014 .",He died on 11 May 2018 at the age of 52 from cardiac arrest .,0.666,0.9324,0.255,0.0,6.0
B2,C1,1,1.0,0.75,ok,UniversalCEFR/cefr_sp_en,UniversalCEFR/cefr_sp_en,Context switches are usually time consuming and much of the design of operating systems is to minimize the time of context switches .,"Context switches are usually computationally intensive , and much of the design of operating systems is to optimize the use of context switches .",0.9322,0.9322,0.455,0.045,0.0
B1,B2,1,1.0,0.75,ok,UniversalCEFR/cefr_sp_en,UniversalCEFR/cefr_sp_en,Foxes and human beings lived close together in ancient Japan ; this is why there are legends about them .,Foxes and humans lived close together in ancient Japan ; this companionship gave rise to legends about the creatures .,0.9319,0.9319,0.722,0.0,0.0
B2,C1,1,1.0,0.75,ok,UniversalCEFR/cefr_sp_en,UniversalCEFR/cefr_sp_en,"Reporting to the Assistant Commissioners are about 50 Chief Superintendents , about half of whom supervise what are called Divisions .","Directly subordinate to the Assistant Commissioners are approximately 40 Chief Superintendents , about half of whom supervise what are called Divisions .",0.9317,0.9317,0.626,0.058,1.0
A2,B1,1,1.0,0.75,ok,UniversalCEFR/cefr_sp_en,UniversalCEFR/cefr_sp_en,"The city hall has a total area of 19,380 m2 including the basement .","The city hall has a total area of 19,380 square meters including the basement .",0.9316,0.9316,0.28,0.014,2.0
A2,B1,1,1.0,0.75,ok,UniversalCEFR/cefr_sp_en,UniversalCEFR/cefr_sp_en,One Billion Rising for Justice was in February 2014 .,"Known as One Billion Rising for Justice , the event was held on February 2014 .",0.9316,0.9316,0.413,0.0,5.0
A2,B1,1,1.0,0.75,ok,UniversalCEFR/cefr_sp_en,UniversalCEFR/cefr_sp_en,The songs tell personal stories of life in the wide open country of Australia .,The songs tell personal stories of life in Australia .,0.9315,0.9315,0.317,0.143,5.0
B2,C1,1,1.0,0.75,ok,UniversalCEFR/cefr_sp_en,UniversalCEFR/cefr_sp_en,Trees from the same region will tend to develop the same patterns of ring widths for a given period .,"Critical to the science , trees from the same region tend to develop the same patterns of ring widths for a given period of chronological study .",0.9313,0.9313,0.417,0.095,6.0
A2,B1,1,1.0,0.75,ok,UniversalCEFR/cefr_sp_en,UniversalCEFR/cefr_sp_en,The phrase is used in many contexts .,The phrase is used in widely varying contexts .,0.931,0.931,0.607,0.0,1.0
A1,B2,3,1.4,0.55,ok,UniversalCEFR/cefr_sp_en,UniversalCEFR/cefr_sp_en,He died on 9 May 2019 at the age of 93 .,He died on 11 May 2018 at the age of 52 from cardiac arrest .,0.6646,0.9305,0.83,0.0,3.0
A1,A2,1,1.0,0.6,similar_complexity,UniversalCEFR/cefr_sp_en,UniversalCEFR/cefr_sp_en,"Ryman died on February 8 , 2019 , at the age of 88 .","Ryman died on February 8 , 2019 in New York City at the age of 88 .",0.9304,0.9304,0.125,0.0,4.0
B1,B2,1,1.0,0.75,ok,UniversalCEFR/cefr_sp_en,UniversalCEFR/cefr_sp_en,"Some items of clothing are designed exclusively as underwear , while others such as T-shirts and certain types of shorts are suitable both as underwear and as outer clothing .","Some items of clothing are designed to be worn as underwear , while others such as T-shirts can be used both as underwear and as outer clothing .",0.9302,0.9302,0.672,0.054,2.0
B2,C1,1,1.0,0.75,ok,UniversalCEFR/cefr_sp_en,UniversalCEFR/cefr_sp_en,"Before the age of man or beast , the immortals wage war on each other in the heavens .","Before the dawn of man and beast , Immortals waged war against each other in Heaven .",0.9301,0.9301,0.584,0.118,2.0
B1,B2,1,1.0,0.75,similar_complexity,UniversalCEFR/cefr_sp_en,UniversalCEFR/cefr_sp_en,"In four U.S. states , the child is allowed to start a wrongful life cause of action for damages .",In four U.S. states the child is allowed to bring a wrongful life cause of action for such damages .,0.9293,0.9293,0.005,0.0,1.0
B2,C1,1,1.0,0.75,similar_complexity,UniversalCEFR/cefr_sp_en,UniversalCEFR/cefr_sp_en,"With further transistor size reductions made available with semiconductor technology advances , multi-core CPUs have appeared where multiple CPUs are implemented on the same silicon chip .",Advances in semiconductor technology reduced transistor size ; multicore CPUs have appeared where multiple CPUs are implemented on the same silicon chip .,0.9293,0.9293,0.075,0.029,5.0
B1,B2,1,1.0,0.75,ok,UniversalCEFR/cefr_sp_en,UniversalCEFR/cefr_sp_en,Much of the area is irrigated .,A considerable part of the area is irrigated .,0.9287,0.9287,0.625,0.0,2.0
B1,B2,1,1.0,0.75,ok,UniversalCEFR/cefr_sp_en,UniversalCEFR/cefr_sp_en,Pear trees are usually productive for 50 to 75 years though some still produce fruit after 100 years .,"Pear trees are typically in production for an average of 50 to 75 years , although some trees still produce fruit after 100 years .",0.9287,0.9287,0.167,0.033,5.0
B2,C1,1,1.0,0.75,ok,UniversalCEFR/cefr_sp_en,UniversalCEFR/cefr_sp_en,"As surveying is related to mathematics , he later studied the geometrical importance of complex numbers .",It was the mathematical aspect of surveying that led him to exploring the geometrical significance of complex numbers .,0.9287,0.9287,0.244,0.111,3.0
B1,B2,1,1.0,0.75,ok,UniversalCEFR/cefr_sp_en,UniversalCEFR/cefr_sp_en,The following table lays out the dates of construction of most of the major pyramids .,The following table lays out the chronology of the construction of most of the major pyramids mentioned here .,0.9286,0.9286,0.389,0.011,3.0
A2,B2,2,1.2,0.75,ok,UniversalCEFR/cefr_sp_en,UniversalCEFR/cefr_sp_en,The movie got very bad reviews from movie critics .,The movie gained negative reviews from critics and holds a 23 % rating on Rotten Tomatoes .,0.7738,0.9286,0.516,0.111,5.0
B2,C1,1,1.0,0.75,ok,UniversalCEFR/cefr_sp_en,UniversalCEFR/cefr_sp_en,"Some popular examples of the appeal to nature can be found on labels and advertisements for food , clothing , and health products .","Some popular examples of the appeal to nature can be found on labels and advertisements for food , clothing , and alternative herbal remedies .",0.9285,0.9285,0.273,0.002,1.0
A1,B1,2,1.2,0.6,ok,UniversalCEFR/cefr_sp_en,UniversalCEFR/cefr_sp_en,Earth is very old .,The Earth is about 4.54 billion years old .,0.7737,0.9284,0.786,0.0,3.0
B2,C1,1,1.0,0.75,ok,UniversalCEFR/cefr_sp_en,UniversalCEFR/cefr_sp_en,The order includes 85 - 90 genera from seven families of trees and shrubs .,"The order includes about 2500 - 2800 species from 85 - 90 genera , which comprise seven families of trees and shrubs .",0.9281,0.9281,0.333,0.0,4.0
B2,C1,1,1.0,0.75,ok,UniversalCEFR/cefr_sp_en,UniversalCEFR/cefr_sp_en,"Humans now play a top role in the biosphere , with the large amount of people in many of Earth 's ecosystems .","Humans play a key role in the biosphere , with the large human population dominating many of Earth 's ecosystems .",0.9275,0.9275,0.742,0.09,2.0
B2,C1,1,1.0,0.75,ok,UniversalCEFR/cefr_sp_en,UniversalCEFR/cefr_sp_en,"Within a day , symptoms of mustard poisoning had appeared in 628 patients and medical staff .","Within a day , the first symptoms of mustard poisoning had appeared in 628 patients and medical staff , with symptoms including blindness and chemical burns .",0.9274,0.9274,0.335,0.087,9.0
A1,C1,4,1.6,0.55,low_sim_for_dist,UniversalCEFR/cefr_sp_en,UniversalCEFR/cefr_sp_en,"He died , aged 80 on 23 July , 2014 .","She died of esophageal cancer in Tokyo on 11 January 2014 , aged 80 .",0.5796,0.9273,1.3,0.0,5.0
B2,C1,1,1.0,0.75,ok,UniversalCEFR/cefr_sp_en,UniversalCEFR/cefr_sp_en,Atomic physics primarily considers atoms in isolation .,Atomic physics always considers atoms in isolation .,0.9272,0.9272,0.429,0.0,0.0
B2,C1,1,1.0,0.75,ok,UniversalCEFR/cefr_sp_en,UniversalCEFR/cefr_sp_en,The proboscis monkey eats mainly fruit and leaves .,"As a seasonal folivore and frugivore , the proboscis monkey eats primarily fruit and leaves .",0.9265,0.9265,0.179,0.071,6.0
A2,B1,1,1.0,0.75,ok,UniversalCEFR/cefr_sp_en,UniversalCEFR/cefr_sp_en,"In the 15th century , the first Europeans arrived .","In the 15th century , the first Europeans came to the area .",0.9265,0.9265,0.943,0.057,3.0
B1,B2,1,1.0,0.75,ok,UniversalCEFR/cefr_sp_en,UniversalCEFR/cefr_sp_en,"As a result of the development of agriculture in the south , many important cultural advances were made there .","As a result of the development of agriculture in the south , important cultural development was possible there .",0.9264,0.9264,0.412,0.065,1.0
A2,B1,1,1.0,0.75,ok,UniversalCEFR/cefr_sp_en,UniversalCEFR/cefr_sp_en,The church was destroyed by a fire on 12 November 2001 .,The church was burnt down on 12 November 2001 .,0.9264,0.9264,0.206,0.0,2.0
B1,B2,1,1.0,0.75,ok,UniversalCEFR/cefr_sp_en,UniversalCEFR/cefr_sp_en,Over 2000 complaints were made against the organization in 2009 .,"Over 2000 complaints were made against the organization in 2009 , with a similar number of complainst by 2017 .",0.9263,0.9263,0.55,0.0,7.0
B2,C1,1,1.0,0.75,ok,UniversalCEFR/cefr_sp_en,UniversalCEFR/cefr_sp_en,The live hour-long series finale aired August 26 at 11 pm and was viewed by 1.003 million people .,"The live hour-long series finale aired August 26 , 2014 , and was viewed by 1.003 million viewers for a 0.4 share in the 18 - 49 demographic .",0.9262,0.9262,0.237,0.05,4.0
B1,B2,1,1.0,0.75,ok,UniversalCEFR/cefr_sp_en,UniversalCEFR/cefr_sp_en,"In 2010 , there was an estimated 8,638 Kayapo people .","In 2010 , there was an estimated 8,638 Kayapo people , which is an increase from 7,096 in 2003 .",0.9258,0.9258,0.407,0.154,6.0
B1,B2,1,1.0,0.75,ok,UniversalCEFR/cefr_sp_en,UniversalCEFR/cefr_sp_en,"The largest animals usually eat first , while the smaller ones eat later .","The largest animals eat first , while the smaller ones follow a hierarchy .",0.9257,0.9257,0.083,0.083,0.0
B1,B2,1,1.0,0.75,ok,UniversalCEFR/cefr_sp_en,UniversalCEFR/cefr_sp_en,Cleaner shrimp are often included in salt water aquaria to keep the tank clean .,Cleaner shrimps are often included in saltwater aquaria partly due to their cleansing function and partly due to their brightly colored appearance .,0.9252,0.9252,1.039,0.182,8.0
A1,C2,5,1.8,0.5,low_sim_for_dist,UniversalCEFR/elg_cefr_en,UniversalCEFR/elg_cefr_en,"Donna was there with her family, at a table under some trees. Her eyes were on the dancers . . . but she didn't see them; the music was in her ears . . . but she didn't hear it. She didn't want to look or listen or dance; she didn't want to be there. She only wanted to see the lovely, shy boy from the boat, perhaps to dance with him. 
First Mr and Mrs Webb wanted to go to a little place near the beach where they always had good fish. They wanted to have a good time on their first evening in Spain, and later there was the disco in the square at Comillas . . . Mark didn't want to go. 
He didn't want to eat or dance or talk or laugh. He wanted to sit quietly and think about the good-looking girl on the boat. Where was she now? But Dave and Harry and Nick and Sue all wanted him to go . . . Later that evening he walked into the square at Comillas with his friends. 
They found a table at one of the caf,s and they all sat down. Mark looked slowly at the people at the tables near them . . . Donna looked sadly at the people dancing and standing in the square . . . then their eyes met. 
Time stopped. He was here! She was here! He smiled at her with his nice blue eyes. She smiled back at him with her dark brown eyes. Suddenly he wasn't shy.  
","REMOVAL DAY

With her children now grown, widowed Susan faces leaving the family home.

The van said, Susan noticed, ‘Removers of Distinction’, and indeed, every distinguishing feature of the house was being removed. Everything which made it particular was being wrapped in newspaper and packed in boxes by Fred the removal man, his enormous fingers like sausages tenderly handling all the breakables, and his team of helpers, not so gentle.
It was a lovely house that she was leaving, an elegant four-storeyed building overlooking a tiny harbour. The years she had spent there, the years of the children growing up and leaving, hung around in the air, faintly present like agitated dust. 
When told that they had bought this house, Robert, then five, had asked thoughtfully, ‘Mum, when you buy a house, how d’you get it home?’ You could miss a little boy in the physical presence of the adult he had become; Robert was here, helping, and in particular making sure she didn’t let on about the piano. Francesca was here too, also helping, in her bossy way, stubbornly certain that nobody but she, the family daughter, would be careful enough over a fine instrument like a Steinway piano.
‘She doesn’t look like she’s going to cry on us,’ observed Fred. ‘That’s something.’ ‘Do people cry?’ Susan asked, intrigued. ‘You'd be surprised,’ said Fred. ‘They go around merry as magpies helping out till its all in the van, then you look round and there they are, crying in the middle of an empty room. They're fine when we get to the new place, mind. It's just seeing everything taken apart that upsets them.’
She could easily imagine.
Left to herself, Susan would have warned the removers about the piano before accepting the estimate. Robert had said sternly that it was their business to see the problem, and their bad luck if they didn’t. The piano now stood in solitary glory in the upstairs sitting room, the best room in the house. They would leave it till last, naturally. Sitting on the bottom stair, for all the chairs were gone now, she remembered the time they had arrived.
The day she was living through now was like that day filmed and run backwards - the piano had been carried in first. And it had got stuck on the stairs. For nearly two hours the team of removal men struggled manfully with it, until it seemed they would simply have to give up.
They brought it up to the turn of the stairs, and down again, and cut out banister rails, and got it jammed anyway, while little Robert looked on enthralled, and young Francesca wailed, ‘We can’t live in a house without a piano! We can’t! I’d rather die!’ And of course they couldn’t, not with a musical daughter destined to be a concert pianist. They had to find a way to get it in, and a way had been found.
Peter, her late husband, had come home to the crisis and had resolved it. The piano had been left in the garden while the other furniture was brought in - there was much less of it then, they had been relatively young and hard up. And next day, to everyone’s surprise, a builder had been engaged to take out the first floor window.
Then, from the quay below the house, where fish were unloaded from the inshore boats, a little crane was borrowed, and dragged up the hill by means of the local farmer’s tractor. Finally, the piano was wrapped in blankets, hooked to the crane and gently swung safely through the gaping window, while the entranced children danced with joy at the sight of it.
However, the whole process had cost so much it was months before they could afford to have the piano professionally tuned. ‘That’s that,’ Peter had said. ‘That’s there for ever.’ But for ever is a long time.
The children were increasingly too busy to come home at weekends, and Susan was no longer so mobile in the house, and puffing as she climbed the stairs. The thought of the stairs interrupted her daydream. The banister rails were still not quite parallel, they had not been put back perfectly all that time ago. She ought to have warned the removers, surely she ought. But now it was too late. Any moment now they would find it. She looked around, dazed and panic-stricken.
‘Are you all right, love?’ Fred was saying. ‘Mind yourself, it’s just the piano to come now, and then we’ll be on our way.’ She moved from the bottom stair, heart beating. Robert and Francesca had both appeared, standing in the back of the hallway to watch. ‘No tears then?' Fred said, conversationally.
Truth to tell she was just on the edge of them. How odd that simply moving things made them matter. Chairs and cups and things, hundreds of things, that one never noticed or gave a moment’s thought to while they stayed put, now they were displaced, were full of pathos, crying out to be cared about - and she would have cried, in a moment, surely she would.
Only just then the piano appeared, lurching at the top of the stairs, with Fred backing down in front of it and one of the others behind. It tipped slightly. ‘Easy does it!’ cried Fred, and they carried smoothly down the stairs and out of the front door, and put it down behind the removal van on the road.
It was Robert who laughed first, but then they couldn't stop laughing, relieved that it was all over. All three of them, helplessly, leaning against each other, gasping for breath and laughing more. ‘What’s the joke, then?’ asked Fred, but he merely started them off again. So that, as they went, the three of them, arm in arm down the path for the last time, the only tears she shed were tears of laughter.",0.514,0.9252,0.429,0.062,764.0
B1,B2,1,1.0,0.75,ok,UniversalCEFR/cefr_sp_en,UniversalCEFR/cefr_sp_en,Each course of the university has its own recruitment process .,"Each course of the university has its own recruitment process , most of the time by a competitive examination .",0.9252,0.9252,0.2,0.111,8.0
B1,B2,1,1.0,0.75,ok,UniversalCEFR/cefr_sp_en,UniversalCEFR/cefr_sp_en,African elephants receive some legal protection in every country where they are found .,"African elephants receive at least some legal protection in every country where they are found , but 70 % of their range exists outside protected areas .",0.925,0.925,0.311,0.0,10.0
B1,C1,2,1.2,0.75,ok,UniversalCEFR/cefr_sp_en,UniversalCEFR/cefr_sp_en,A differential backup only copies the data that has changed since the last full backup .,An incremental backup only copies the data that has changed since the last incremental backup .,0.7707,0.9249,0.467,0.067,0.0
B2,C1,1,1.0,0.75,ok,UniversalCEFR/cefr_sp_en,UniversalCEFR/cefr_sp_en,"Perjury is a serious crime because it might be used to take away the power of a court , which can lead to punishment for the wrong person .","Perjury is considered a serious offense , as it can be used to usurp the power of the courts , resulting in miscarriages of justice .",0.9248,0.9248,0.528,0.024,4.0
B1,B2,1,1.0,0.75,similar_complexity,UniversalCEFR/cefr_sp_en,UniversalCEFR/cefr_sp_en,"Before contact with Europeans , the indigenous peoples of North America were divided into many different polities , from small bands of a few families to large empires .","Before contact with Europeans the natives of North America were divided into many different communities , from small bands of a few families to large empires .",0.9246,0.9246,0.068,0.002,1.0
B1,B2,1,1.0,0.75,ok,UniversalCEFR/cefr_sp_en,UniversalCEFR/cefr_sp_en,"In 1882 , the government decided to build a new central passenger station to replace the existing ad-hoc station buildings .",In 1882 the government decided to build a new central passenger station to replace the existing construction .,0.9243,0.9243,0.395,0.033,3.0
B1,B2,1,1.0,0.75,ok,UniversalCEFR/cefr_sp_en,UniversalCEFR/cefr_sp_en,"In addition to the United States , Americans and people of American descent can be found internationally .","In addition to the United States , Americans and people of American descent can be found around the world .",0.9241,0.9241,0.66,0.056,2.0
B1,B2,1,1.0,0.75,similar_complexity,UniversalCEFR/cefr_sp_en,UniversalCEFR/cefr_sp_en,Performance changes were made to speed up tasks across supported iOS devices .,Performance optimizations were made in order to speed up common tasks across all supported iOS devices .,0.9241,0.9241,0.021,0.0,4.0
B2,C1,1,1.0,0.75,ok,UniversalCEFR/cefr_sp_en,UniversalCEFR/cefr_sp_en,Angling is the main method of sport fishing .,"Angling is the principal method of sport fishing , but commercial fisheries also use angling methods such as longlining or trolling .",0.9239,0.9239,1.0,0.05,12.0
B2,C1,1,1.0,0.75,similar_complexity,UniversalCEFR/cefr_sp_en,UniversalCEFR/cefr_sp_en,"No firm dates can be assigned to this Emperor 's life or reign , but he is conventionally considered to have reigned from 456 to 479 .","No firm dates can be assigned to this Emperor 's life or reign , but he is conventionally considered to have reigned from 507 to 531 .",0.9238,0.9238,0.0,0.0,0.0
C1,C2,1,1.0,0.75,ok,UniversalCEFR/cefr_sp_en,UniversalCEFR/cefr_sp_en,"The tits are insectivorous , and eat a wide range of small insects and other invertebrates , particularly small leaf-eating caterpillars .","The tits are generalist insectivores that consume a wide range of small insects and other invertebrates , particularly small defoliating caterpillars .",0.9237,0.9237,0.75,0.05,0.0
B2,C1,1,1.0,0.75,ok,UniversalCEFR/cefr_sp_en,UniversalCEFR/cefr_sp_en,It is a close relative of the mourning and eared doves .,"It is a close relative of the mourning and eared doves , particularly the former and was at one time considered a subspecies .",0.9235,0.9235,0.591,0.136,11.0
B1,B2,1,1.0,0.75,ok,UniversalCEFR/cefr_sp_en,UniversalCEFR/cefr_sp_en,Butter cakes are often made by beating the butter and sugar until fluffy .,"Butter cakes are traditionally made using a creaming method , in which the butter and sugar are first beaten until fluffy to incorporate air into the butter .",0.9235,0.9235,0.346,0.077,13.0
B1,B2,1,1.0,0.75,ok,UniversalCEFR/cefr_sp_en,UniversalCEFR/cefr_sp_en,"Statistically speaking , elevators are extremely safe .","Statistically speaking , cable- borne elevators are extremely safe .",0.9228,0.9228,0.667,0.0,2.0
B1,B2,1,1.0,0.75,ok,UniversalCEFR/cefr_sp_en,UniversalCEFR/cefr_sp_en,"Occasionally in ancient times , writings were attributed to celebrated authors but were not written by them .",It was not uncommon in ancient time to attribute to celebrated authors works that were not written by them .,0.9226,0.9226,0.993,0.043,3.0
B2,C1,1,1.0,0.75,ok,UniversalCEFR/cefr_sp_en,UniversalCEFR/cefr_sp_en,Kodaikanal was established in 1845 as a refuge from the high temperatures and tropical diseases of the plains .,Kodaikanal was established in 1845 as a resort town where people would come to find refuge from the high temperatures and tropical diseases of the plains .,0.9225,0.9225,0.216,0.019,8.0
A2,B1,1,1.0,0.75,ok,UniversalCEFR/cefr_sp_en,UniversalCEFR/cefr_sp_en,The sea is frozen over most of the year .,"The sea , characterized by severe climate , is frozen over most of the year .",0.9224,0.9224,1.094,0.034,4.0
B2,C1,1,1.0,0.75,ok,UniversalCEFR/cefr_sp_en,UniversalCEFR/cefr_sp_en,The two quantifiers most widely used are the universal quantifier and the existence quantifier .,The two most common quantifiers are the universal quantifier and the existential quantifier .,0.9224,0.9224,0.291,0.016,1.0
B1,B2,1,1.0,0.75,similar_complexity,UniversalCEFR/cefr_sp_en,UniversalCEFR/cefr_sp_en,In the years between convict settlement and the start of the modern tourist industry the area most people worked in the timber industry and fishing .,In the era between convict settlement and the rise of the modern tourist industry the area was mostly engaged in the timber industry and fishing .,0.922,0.922,0.12,0.0,0.0
B1,B2,1,1.0,0.75,ok,UniversalCEFR/cefr_sp_en,UniversalCEFR/cefr_sp_en,French explorers and fur traders were the first recorded Europeans to pass through this region .,French explorers and fur traders were the first Europeans in the subregion .,0.9219,0.9219,0.083,0.083,3.0
B1,B2,1,1.0,0.75,similar_complexity,UniversalCEFR/cefr_sp_en,UniversalCEFR/cefr_sp_en,The class was gradually taken of service from the early 1980s .,The class was gradually taken out of service from the early 1980s .,0.9219,0.9219,0.145,0.009,1.0
C1,C2,1,1.0,0.75,ok,UniversalCEFR/cefr_sp_en,UniversalCEFR/cefr_sp_en,"In males , masturbation flushes out old sperm with low motility from the male 's genital tract .",The function of masturbation in males is to flush out old sperm with low motility from the male 's genital tract .,0.9217,0.9217,0.417,0.048,5.0
B2,C1,1,1.0,0.75,ok,UniversalCEFR/cefr_sp_en,UniversalCEFR/cefr_sp_en,"Inductors are also employed in electrical transmission systems , where they are used to limit switching currents and fault currents .","Inductors are also used in electrical transmission systems , where they are used to lower the amount of voltage an electrical device gives off or lower the fault current .",0.9217,0.9217,0.842,0.073,9.0
B1,B2,1,1.0,0.75,ok,UniversalCEFR/cefr_sp_en,UniversalCEFR/cefr_sp_en,Reintroduction is the release of species back into the wild .,"Reintroduction is the deliberate release of species into the wild , from captivity or relocated from other areas where the species survives .",0.9217,0.9217,0.571,0.09,11.0
B2,C1,1,1.0,0.75,ok,UniversalCEFR/cefr_sp_en,UniversalCEFR/cefr_sp_en,The metatarsal bones are often broken by soccer players .,The metatarsal bones are often broken by association football players .,0.9216,0.9216,0.778,0.0,1.0
B1,B2,1,1.0,0.75,similar_complexity,UniversalCEFR/cefr_sp_en,UniversalCEFR/cefr_sp_en,X provides the basic framework for a GUI environment : drawing and moving windows on the display device and interacting with a mouse and keyboard .,X provides the basic components to build GUI environments : drawing and moving windows on the screen and interacting with a mouse or a keyboard .,0.9216,0.9216,0.083,0.042,0.0
B2,C1,1,1.0,0.75,ok,UniversalCEFR/cefr_sp_en,UniversalCEFR/cefr_sp_en,FGM may increase a woman 's risk of having problems during pregnancy and childbirth .,"FGM may place women at higher risk of problems during pregnancy and childbirth , which are more common with the more extensive FGM procedures .",0.9213,0.9213,0.158,0.087,9.0
B1,B2,1,1.0,0.75,ok,UniversalCEFR/cefr_sp_en,UniversalCEFR/cefr_sp_en,"While admission to some concerts is free , charging for tickets is very common .","While admission to some concerts is free , it is common practice to charge money for concerts by selling admission tickets .",0.9211,0.9211,0.127,0.123,7.0
B1,B2,1,1.0,0.75,ok,UniversalCEFR/cefr_sp_en,UniversalCEFR/cefr_sp_en,"When war broke out again in 1282 , it was entirely different .","When war broke out again in 1282 , it was an entirely different undertaking .",0.921,0.921,0.35,0.0,2.0
B2,C1,1,1.0,0.75,ok,UniversalCEFR/cefr_sp_en,UniversalCEFR/cefr_sp_en,The discovery of the H5 histone appears to date back to 1970's .,"The discovery of the H5 histone appears to date back to the 1970s , and it is now considered an isoform of Histone H1 .",0.9209,0.9209,0.109,0.068,9.0
A1,B2,3,1.4,0.55,ok,UniversalCEFR/cefr_sp_en,UniversalCEFR/cefr_sp_en,"He died , aged 80 , on 22 July 2014 .","He died in England on November 16 , 2018 at the age of 81 , due to complications of hip surgery .",0.6577,0.9208,0.862,0.062,11.0
B1,B2,1,1.0,0.75,ok,UniversalCEFR/cefr_sp_en,UniversalCEFR/cefr_sp_en,"The analysis is done on pairs , a member of one group compared to a member of the other group .","The analysis is conducted on pairs , defined as a member of one group compared to a member of the other group .",0.9208,0.9208,0.301,0.025,2.0
A1,C2,5,1.8,0.5,low_sim_for_dist,UniversalCEFR/cefr_sp_en,UniversalCEFR/cefr_sp_en,"He died on 6 January 2015 , aged 82 .","Blossom died on July 8 , 2011 at the age of 87 of cerebrovascular disease .",0.5114,0.9205,0.836,0.091,6.0
B1,B2,1,1.0,0.75,ok,UniversalCEFR/cefr_sp_en,UniversalCEFR/cefr_sp_en,His lectures frequently lasted for three or four hours .,His lectures were legendary and frequently used to last for three or four hours .,0.9203,0.9203,0.397,0.0,5.0
B2,C1,1,1.0,0.75,similar_complexity,UniversalCEFR/cefr_sp_en,UniversalCEFR/cefr_sp_en,NMR spectroscopy databases provide information to relate structure and NMR data .,NMR spectra databases correlate chemical structure with NMR data .,0.9202,0.9202,0.051,0.02,2.0
B2,C1,1,1.0,0.75,ok,UniversalCEFR/cefr_sp_en,UniversalCEFR/cefr_sp_en,Eight anarchists were convicted of conspiracy .,"In the internationally publicized legal proceedings that followed , eight anarchists were convicted of conspiracy .",0.9201,0.9201,0.333,0.0,8.0
B2,C1,1,1.0,0.75,ok,UniversalCEFR/cefr_sp_en,UniversalCEFR/cefr_sp_en,"Though their shock at the slaughter was great , the Romans began a slow , systematic preparation to reconquer the country .","Though the shock at the slaughter was enormous , the Romans immediately began a slow , systematic process of preparing for the reconquest of the country .",0.9198,0.9198,0.002,0.103,5.0
B2,C1,1,1.0,0.75,ok,UniversalCEFR/cefr_sp_en,UniversalCEFR/cefr_sp_en,Black helped increase basic scientific and clinical knowledge in cardiology .,"Black contributed to basic scientific and clinical knowledge in cardiology , both as a physician and as a basic scientist .",0.9198,0.9198,1.284,0.211,9.0
B1,C1,2,1.2,0.75,ok,UniversalCEFR/cefr_sp_en,UniversalCEFR/cefr_sp_en,Drug trafficking and illegal drug use is a big problem in the nation .,Drug trafficking and illicit drug use is a significant problem in Russia .,0.7664,0.9197,0.776,0.006,1.0
C1,C2,1,1.0,0.75,ok,UniversalCEFR/cefr_sp_en,UniversalCEFR/cefr_sp_en,Some of the tools for measuring the voltage are the voltmeter and the oscilloscope .,"Instruments for measuring voltages include the voltmeter , the potentiometer , and the oscilloscope .",0.9192,0.9192,2.071,0.048,2.0
B2,C1,1,1.0,0.75,ok,UniversalCEFR/cefr_sp_en,UniversalCEFR/cefr_sp_en,The site was excavated in August 2008 and again in August 2009 .,The site was excavated in August 2008 and again in August 2009 and is considered to be an important find by archaeologists .,0.9189,0.9189,0.35,0.05,10.0
B1,C1,2,1.2,0.75,ok,UniversalCEFR/cefr_sp_en,UniversalCEFR/cefr_sp_en,The area was hit by drought .,The drought caused a lot of desertification .,0.7658,0.9189,1.619,0.0,1.0
B1,B2,1,1.0,0.75,ok,UniversalCEFR/cefr_sp_en,UniversalCEFR/cefr_sp_en,On envelopes and postcards there are often four square boxes printed in orange ink at the bottom right for the postcode numbers .,Australian envelopes and postcards often have four square boxes printed in orange at the bottom right for the postcode .,0.9187,0.9187,0.445,0.007,3.0
B2,C1,1,1.0,0.75,similar_complexity,UniversalCEFR/cefr_sp_en,UniversalCEFR/cefr_sp_en,Income is highly associated with prenatal health care .,Income is strongly correlated with quality of prenatal care .,0.9184,0.9184,0.083,0.0,1.0
B1,B2,1,1.0,0.75,similar_complexity,UniversalCEFR/cefr_sp_en,UniversalCEFR/cefr_sp_en,"As of 2010 , the municipality had a total population of 8,343 , up from 7,172 as of 2005 .","As of 2010 , the municipality had a total population of 16,785 , up from 15,935 as of 2005 .",0.9184,0.9184,0.0,0.0,0.0
A2,B1,1,1.0,0.75,ok,UniversalCEFR/cefr_sp_en,UniversalCEFR/cefr_sp_en,It was released on 19 March 2004 in Spain and on 10 September 2004 in Mexico .,The film was released on 19 March 2004 in Spain and 10 September 2004 in Mexico .,0.9181,0.9181,0.25,0.083,0.0
B1,C1,2,1.2,0.75,ok,UniversalCEFR/cefr_sp_en,UniversalCEFR/cefr_sp_en,Fighting in city was very violent .,Fighting within the ruined city was fierce and desperate .,0.7649,0.9179,0.667,0.0,3.0
A1,A2,1,1.0,0.6,similar_complexity,UniversalCEFR/readme_en,UniversalCEFR/readme_en,how much longer until my alarm goes off,How much time before my alarm goes off?,0.9179,0.9179,0.125,0.0,0.0
B2,C1,1,1.0,0.75,ok,UniversalCEFR/cefr_sp_en,UniversalCEFR/cefr_sp_en,"Pamphlets can contain anything , such as user instructions information for kitchen appliances , or religious and political ideas .",Pamphlets can contain anything from information on kitchen appliances to medical information and religious treatises .,0.9179,0.9179,0.447,0.067,2.0
B2,C1,1,1.0,0.75,similar_complexity,UniversalCEFR/cefr_sp_en,UniversalCEFR/cefr_sp_en,"No firm dates can be assigned to this Emperor 's life or reign , but he is conventionally considered to have reigned from 480 to 484 .","No firm dates can be assigned to this Emperor 's life or reign , but he is conventionally considered to have reigned from 507 to 531 .",0.9179,0.9179,0.0,0.0,0.0
B1,B2,1,1.0,0.75,similar_complexity,UniversalCEFR/cefr_sp_en,UniversalCEFR/cefr_sp_en,Pallor is seen most easily on the face and palms .,Pallor is more evident on the face and palms .,0.9178,0.9178,0.1,0.0,1.0
B1,B2,1,1.0,0.75,similar_complexity,UniversalCEFR/cefr_sp_en,UniversalCEFR/cefr_sp_en,Architecture is the art and science of designing buildings and structures .,Architecture is the art and science behind building and sculpture design .,0.9177,0.9177,0.091,0.0,0.0
A1,C1,4,1.6,0.55,low_sim_for_dist,UniversalCEFR/cefr_sp_en,UniversalCEFR/cefr_sp_en,He died on 9 May 2019 at the age of 93 .,"He died of a brain hemorrhage on 23 March 1995 , after collapsing during the filming of a coaching video .",0.5735,0.9177,1.963,0.118,9.0
B2,C1,1,1.0,0.75,ok,UniversalCEFR/cefr_sp_en,UniversalCEFR/cefr_sp_en,"During late April , the Japanese submarines and searched the area where landings were planned .","During late April , the Japanese submarines and reconnoitered the area where landings were planned .",0.9177,0.9177,0.357,0.0,0.0
B1,B2,1,1.0,0.75,ok,UniversalCEFR/cefr_sp_en,UniversalCEFR/cefr_sp_en,Maria first was a pioneering housewife and mother .,Maria initially fulfilled the traditional role of pioneering housewife and mother .,0.9176,0.9176,1.205,0.0,3.0
C1,C2,1,1.0,0.75,similar_complexity,UniversalCEFR/cefr_sp_en,UniversalCEFR/cefr_sp_en,Some carbocations such as the 2 - norbornyl cation exhibit more or less symmetrical three - center two -electron bonding .,Some carbocations such as the norbornyl cation exhibit more or less symmetrical three center bonding .,0.9175,0.9175,0.027,0.0,2.0
B1,B2,1,1.0,0.75,similar_complexity,UniversalCEFR/cefr_sp_en,UniversalCEFR/cefr_sp_en,The South developed an agricultural economy .,The South developed an agricultural economy dependent on commodity crops .,0.9174,0.9174,0.033,0.0,4.0
A2,B1,1,1.0,0.75,similar_complexity,UniversalCEFR/cefr_sp_en,UniversalCEFR/cefr_sp_en,The university 's 150th anniversary was celebrated in 2003 .,The 150th anniversary was celebrated in 2003 .,0.917,0.917,0.086,0.0,2.0
B1,B2,1,1.0,0.75,similar_complexity,UniversalCEFR/cefr_sp_en,UniversalCEFR/cefr_sp_en,Many course themes are repeated throughout the series .,Many course themes recur throughout the series .,0.917,0.917,0.036,0.0,1.0
B1,B2,1,1.0,0.75,ok,UniversalCEFR/cefr_sp_en,UniversalCEFR/cefr_sp_en,"Instructs the server to return information about the administrators of the server specified by , where is either a server or a user .","Instructs the server to return information about the administrator of the server specified by , or the current server if target is omitted .",0.917,0.917,0.318,0.0,0.0
B1,B2,1,1.0,0.75,ok,UniversalCEFR/cefr_sp_en,UniversalCEFR/cefr_sp_en,"The professors currently hold their positions for three years , extendable for a fourth year .","The professors currently hold their positions for three years , extendable for a fourth year , and give six lectures a year .",0.9169,0.9169,0.5,0.079,6.0
B1,B2,1,1.0,0.75,ok,UniversalCEFR/cefr_sp_en,UniversalCEFR/cefr_sp_en,Seals were used in very early civilizations .,Seals were used in the earliest civilizations and are of considerable importance in archaeology and art history .,0.9168,0.9168,0.303,0.118,10.0
B1,C1,2,1.2,0.75,ok,UniversalCEFR/cefr_sp_en,UniversalCEFR/cefr_sp_en,"The airport still has an important role in emergency services operation , civil operation , and flight training .","The aerodrome continues to perform an important role in emergency services operation , civil operation , flight training and as accommodation for many community groups and organisations .",0.7639,0.9167,0.53,0.017,9.0
B2,C1,1,1.0,0.75,ok,UniversalCEFR/cefr_sp_en,UniversalCEFR/cefr_sp_en,"The novel is told through narratives alternating between two time periods , and is largely told in the third - person mode .",The novel is told through narratives alternating between two periods and is largely told in the third - person omniscient mode .,0.9167,0.9167,0.3,0.0,0.0
B2,C1,1,1.0,0.75,ok,UniversalCEFR/cefr_sp_en,UniversalCEFR/cefr_sp_en,"Dumor died on 18 January 2014 in his London home after a cardiac arrest , having been on air the day before .","Dumor died suddenly on 18 January 2014 , in London after suffering cardiac arrest .",0.9165,0.9165,1.388,0.053,8.0
B1,B2,1,1.0,0.75,ok,UniversalCEFR/cefr_sp_en,UniversalCEFR/cefr_sp_en,"The trip was fast , but the rate of people dying was the highest in the history of transportation to Australia .","The passage was relatively fast , but the mortality rate was the highest in the history of transportation to Australia .",0.9165,0.9165,0.708,0.039,1.0
B2,C1,1,1.0,0.75,ok,UniversalCEFR/cefr_sp_en,UniversalCEFR/cefr_sp_en,The genre itself was defined as different from post- punk due to its darker music and romantic lyrics .,The genre itself was defined as a separate movement from post- punk due to its darker music accompanied by introspective and romantic lyrics .,0.9158,0.9158,0.476,0.0,5.0
B1,B2,1,1.0,0.75,ok,UniversalCEFR/cefr_sp_en,UniversalCEFR/cefr_sp_en,Parentheses show how many students enter in a year .,Parentheses show the numbers of admitted students per year .,0.9156,0.9156,0.889,0.0,0.0
B1,B2,1,1.0,0.75,similar_complexity,UniversalCEFR/cefr_sp_en,UniversalCEFR/cefr_sp_en,"At the time of foundation in 1878 the order had only one class , that of Companion .","At the time of foundation in 1878 the order had only one class , that of Companion , with no quota imposed .",0.9154,0.9154,0.091,0.028,4.0
A2,B1,1,1.0,0.75,ok,UniversalCEFR/cefr_sp_en,UniversalCEFR/cefr_sp_en,"By the end of 2008 , there were a total of 14 schools with about 9268 students .","By the end of 2008 , there were a total of 14 schools serving approximately 9,268 students .",0.9153,0.9153,0.846,0.0,0.0
A2,B1,1,1.0,0.75,ok,UniversalCEFR/cefr_sp_en,UniversalCEFR/cefr_sp_en,The speech lasted 43 minutes and 2 seconds and had 4931 words .,"The speech lasted about 40 minutes and had 4,955 words .",0.915,0.915,0.028,0.111,1.0
B1,B2,1,1.0,0.75,ok,UniversalCEFR/cefr_sp_en,UniversalCEFR/cefr_sp_en,The book includes 36 short essays predicting the consequences of global warming .,The book includes 36 short essays predicting the consequences of global warming and has been translated into over twenty languages .,0.9149,0.9149,0.263,0.038,8.0
B1,B2,1,1.0,0.75,ok,UniversalCEFR/cefr_sp_en,UniversalCEFR/cefr_sp_en,This species may be found in a variety of open habitats and gardens .,This species may be encountered in a wide range of open habitats and gardens .,0.9148,0.9148,0.269,0.0,1.0
C1,C2,1,1.0,0.75,ok,UniversalCEFR/cefr_sp_en,UniversalCEFR/cefr_sp_en,Natural and contaminant organometallic compounds are found in the environment .,Organometallic compounds may be found in the environment .,0.9146,0.9146,0.675,0.0,2.0
A1,C1,4,1.6,0.55,low_sim_for_dist,UniversalCEFR/cefr_sp_en,UniversalCEFR/cefr_sp_en,"He died on 3 May 2015 , aged 84 , after a long illness .","She died of esophageal cancer in Tokyo on 11 January 2014 , aged 80 .",0.5712,0.914,0.944,0.0,1.0
B1,B2,1,1.0,0.75,ok,UniversalCEFR/cefr_sp_en,UniversalCEFR/cefr_sp_en,"As of 2005 , the municipality had a total population of 7,172 .","In 2005 , the municipality had a total population of 7,233 .",0.9138,0.9138,0.306,0.111,1.0
A1,B1,2,1.2,0.6,ok,UniversalCEFR/cefr_sp_en,UniversalCEFR/cefr_sp_en,Skiing is a winter sport .,Snow is used for some winter sport activities like skiing and sledding .,0.7612,0.9135,0.917,0.0,7.0
B2,C1,1,1.0,0.75,similar_complexity,UniversalCEFR/cefr_sp_en,UniversalCEFR/cefr_sp_en,"B. F. Skinner was responsible for a different type of machine called GLIDER , which used his ideas on how learning should be directed with positive reinforcement .",B. F. Skinner was responsible for a different type of machine which used his ideas on how learning should be directed with positive reinforcement .,0.913,0.913,0.077,0.0,2.0
B1,B2,1,1.0,0.75,ok,UniversalCEFR/cefr_sp_en,UniversalCEFR/cefr_sp_en,"Hot chocolate can be made with dark , semisweet , or bittersweet chocolate .","Hot chocolate can be made with dark , semisweet , or bittersweet chocolate chopped into small pieces and stirred into milk with the addition of sugar .",0.9125,0.9125,0.371,0.034,13.0
B1,C1,2,1.2,0.75,ok,UniversalCEFR/cefr_sp_en,UniversalCEFR/cefr_sp_en,The head and thorax are white .,The head and thorax are white and the abdomen is yellow - orange with a row of black spots .,0.7603,0.9124,0.056,0.111,12.0
C1,C2,1,1.0,0.75,ok,UniversalCEFR/cefr_sp_en,UniversalCEFR/cefr_sp_en,Most polyesters are made with a polycondensation reaction .,Synthesis of polyesters is generally achieved by a polycondensation reaction .,0.9123,0.9123,0.45,0.0,2.0
B2,C1,1,1.0,0.75,ok,UniversalCEFR/cefr_sp_en,UniversalCEFR/cefr_sp_en,A number of other visiting diesel and steam engines have also seen service on the line .,A number of other visiting diesel and steam locomotives have also seen service on the line .,0.912,0.912,0.25,0.0,0.0
B1,B2,1,1.0,0.75,ok,UniversalCEFR/cefr_sp_en,UniversalCEFR/cefr_sp_en,"Cooling is when an object gets cold , or lowers in temperature .","Cooling refers to the process of becoming cold , or lowering in temperature .",0.912,0.912,0.621,0.0,1.0
A1,A2,1,1.0,0.6,ok,UniversalCEFR/readme_en,UniversalCEFR/readme_en,Set alarm for 7 am tomorrow,i need to set my alarm for tomorrow at 7 am,0.9117,0.9117,1.0,0.0,5.0
B1,B2,1,1.0,0.75,ok,UniversalCEFR/cefr_sp_en,UniversalCEFR/cefr_sp_en,Financial maths is the study of maths for financial markets .,"Financial mathematics is a field of applied mathematics , concerned with financial markets .",0.9116,0.9116,1.417,0.033,2.0
B2,C1,1,1.0,0.75,ok,UniversalCEFR/cefr_sp_en,UniversalCEFR/cefr_sp_en,The Vampire Squid likely reproduces slowly by way of a small number of large eggs .,"If hypotheses may be drawn from knowledge of other deep-sea cephalopods , the vampire squid likely reproduces slowly by way of a small number of large eggs .",0.9113,0.9113,0.237,0.007,12.0
B1,B2,1,1.0,0.75,ok,UniversalCEFR/cefr_sp_en,UniversalCEFR/cefr_sp_en,Scholars rocks can be any color .,"Scholars ' rocks can be any color , and contrasting colors are not uncommon .",0.9113,0.9113,0.667,0.0,6.0
A1,C1,4,1.6,0.55,low_sim_for_dist,UniversalCEFR/cefr_sp_en,UniversalCEFR/cefr_sp_en,"He died on 6 January 2015 , aged 82 .","She died of esophageal cancer in Tokyo on 11 January 2014 , aged 80 .",0.5695,0.9111,0.7,0.0,5.0
B1,B2,1,1.0,0.75,ok,UniversalCEFR/cefr_sp_en,UniversalCEFR/cefr_sp_en,Heavy rotation or power rotation is a list of songs that get the most airplay on a radio station .,Heavy rotation or power rotation is a term that applies to a list of songs that get the most airplay on a radio station .,0.911,0.911,0.105,0.061,5.0
B1,B2,1,1.0,0.75,ok,UniversalCEFR/cefr_sp_en,UniversalCEFR/cefr_sp_en,"On May 22 , 1933 , Chinese and Japanese representatives met to talk the end of the fight .","On May 22 , 1933 , Chinese and Japanese representatives met to negotiate the end of the conflict .",0.9108,0.9108,0.571,0.0,0.0
B2,C1,1,1.0,0.75,ok,UniversalCEFR/cefr_sp_en,UniversalCEFR/cefr_sp_en,High treason is punished by life in prison .,The penalty for high treason is life imprisonment .,0.9108,0.9108,0.875,0.0,0.0
B2,C1,1,1.0,0.75,ok,UniversalCEFR/cefr_sp_en,UniversalCEFR/cefr_sp_en,The bridge 's movements were caused by a'positive feedback ' phenomenon .,"The bridge 's movements were caused by a'positive feedback ' phenomenon , known as synchronous lateral excitation .",0.9107,0.9107,0.367,0.0,5.0
B1,B2,1,1.0,0.75,ok,UniversalCEFR/cefr_sp_en,UniversalCEFR/cefr_sp_en,"As of 2017 , the books had collectively sold more than seven million copies , and appeared on numerous childrens ' best-seller lists .","As of 2017 , the books had collectively sold more than seven million copies .",0.9106,0.9106,0.35,0.0,8.0
A1,C1,4,1.6,0.55,low_sim_for_dist,UniversalCEFR/cefr_sp_en,UniversalCEFR/cefr_sp_en,He died on 18 October 2017 .,He died on 21 June 2014 from acute respiratory failure after being hospitalized with pneumonia .,0.5689,0.9103,1.942,0.0,9.0
B2,C1,1,1.0,0.75,ok,UniversalCEFR/cefr_sp_en,UniversalCEFR/cefr_sp_en,"Immediately after their senate confirmation , the emperors went to the camp of the praetorian guard .","Immediately after their senate confirmation , the emperors proceeded to the Castra Praetoria , the camp of the praetorian guard .",0.9101,0.9101,0.356,0.033,3.0
A2,B1,1,1.0,0.75,ok,UniversalCEFR/cefr_sp_en,UniversalCEFR/cefr_sp_en,"The government is led by the Prime Minister , who selects all the remaining ministers .","The Government is led by the Prime Minister , who chooses the other Ministers .",0.9101,0.9101,0.154,0.011,1.0
B1,B2,1,1.0,0.75,ok,UniversalCEFR/cefr_sp_en,UniversalCEFR/cefr_sp_en,Paper clips can be used to pick a lock .,Paper clips can be bent into a crude but sometimes effective lock picking device .,0.91,0.91,1.452,0.0,5.0
B1,B2,1,1.0,0.75,ok,UniversalCEFR/cefr_sp_en,UniversalCEFR/cefr_sp_en,"One of the first , and most powerful , techniques to improve performance is the use of instruction pipelining .","One of the first , and most powerful , techniques to improve performance is the use of the instruction pipeline .",0.9097,0.9097,0.235,0.049,1.0
A2,B1,1,1.0,0.75,ok,UniversalCEFR/cefr_sp_en,UniversalCEFR/cefr_sp_en,The movie received mixed reviews .,The movie got mixed reviews by critics .,0.9095,0.9095,1.029,0.0,2.0
B1,B2,1,1.0,0.75,similar_complexity,UniversalCEFR/cefr_sp_en,UniversalCEFR/cefr_sp_en,He worked with major scientific figures and travelers on projects involving their studies .,He collaborated with major scientific figures and travelers of the period on projects involving their studies .,0.9093,0.9093,0.048,0.0,3.0
B1,B2,1,1.0,0.75,ok,UniversalCEFR/cefr_sp_en,UniversalCEFR/cefr_sp_en,Galaxy groups are the smallest groups of galaxies .,Groups of galaxies are the smallest aggregates of galaxies .,0.9092,0.9092,0.306,0.097,1.0
B2,C1,1,1.0,0.75,ok,UniversalCEFR/cefr_sp_en,UniversalCEFR/cefr_sp_en,The distinctive horns and muscular neck may have been used in fighting rivals of its own species .,The distinctive horns and the muscular neck may have been used in fighting conspecifics .,0.909,0.909,0.58,0.071,3.0
B1,B2,1,1.0,0.75,ok,UniversalCEFR/cefr_sp_en,UniversalCEFR/cefr_sp_en,"Runner Types Since 1940 , there has been a shift to production of Runner type peanuts in the southeastern U.S .","Since 1940 , the southeastern US region has seen a shift to production of Runner group peanuts .",0.909,0.909,0.446,0.053,4.0
B2,C1,1,1.0,0.75,ok,UniversalCEFR/cefr_sp_en,UniversalCEFR/cefr_sp_en,"There is also a four color theorem , which is stronger , and much more difficult to prove .","The five color theorem is implied by the stronger four color theorem , but is considerably easier to prove .",0.9089,0.9089,0.458,0.16,2.0
B2,C1,1,1.0,0.75,ok,UniversalCEFR/cefr_sp_en,UniversalCEFR/cefr_sp_en,An Event Cache is a gathering organized and attended by geocachers .,Event cache : Meeting organized and attended by geocachers .,0.9089,0.9089,1.034,0.0,3.0
A2,B1,1,1.0,0.75,ok,UniversalCEFR/cefr_sp_en,UniversalCEFR/cefr_sp_en,Gathering was the job of the women and children .,Gathering is the traditional job of the women and children .,0.9087,0.9087,0.567,0.011,1.0
C1,C2,1,1.0,0.75,ok,UniversalCEFR/cefr_sp_en,UniversalCEFR/cefr_sp_en,"Neutrophils are the most abundant type of white blood cells in mammals , 70 % of leukocytes .","Neutrophils are the most abundant white blood cell , constituting 60 - 70 % of the circulating leukocytes , and including two functionally unequal subpopulations : neutrophil-killers and neutrophil-cagers .",0.9087,0.9087,1.804,0.054,10.0
B1,B2,1,1.0,0.75,ok,UniversalCEFR/cefr_sp_en,UniversalCEFR/cefr_sp_en,"In 1997 , 81 % of all soybeans were of genetically modified stock .","In 1997 , about 8 % of all soybeans cultivated for the commercial market in the United States were genetically modified .",0.9087,0.9087,0.412,0.007,8.0
B2,C1,1,1.0,0.75,ok,UniversalCEFR/cefr_sp_en,UniversalCEFR/cefr_sp_en,"The Canons are not supposed to be an absolute explanation of the Reformed doctrine , but only explain the five points of doctrine that were being argued over .","The Canons were not intended to be a comprehensive explanation of Reformed doctrine , but only an exposition on the five points of doctrine in dispute .",0.9085,0.9085,0.182,0.028,2.0
A1,C1,4,1.6,0.55,low_sim_for_dist,UniversalCEFR/elg_cefr_en,UniversalCEFR/elg_cefr_en,"The two friends sit in big chairs. They drink tea and talk. At five o'clock Marcel says,  There's a new person in number 42. What's his name? Burton? Barnam?' 'Barton,' Henry says. 'Professor Barton. He's very, very clever. And that's not all. After tomorrow he's going  to be famous, too!' 'Famous?!' Marcel looks at his English friend. 'Why?' 'It's a very  interesting story,' Henry says. 'He has some letters. 
They were under the floor of an old woman's house in Oxford.' 'And . . . ?' Marcel says. 'And they're from Shakespeare to his son,' Henry says. 'Shakespeare!' 'Yes.' Henry smiles. 'Shakespeare. The old lady telephoned Professor Barton, and the Professor visited her. They talked about the letters and she said, ""I want to give them to the British Museum in London. Can you do that for me? And Professor Barton said yes?' 'That's right. 'Where are the letters now?' Marcel asks. 'In the professor's flat. He's going to give them to the British Museum tomorrow morning at ten o'clock. 
A lot of journalists and TV people are going to be there.' Suddenly there's a big BANG! and then a long WHIZZZ! 'What's that noise?' Marcel asks. He goes to the window. Then he remembers. 'Oh - fireworks. Of course, it's the 5th of November - your ""Guy Fawkes Day"".' Then a man walks down the steps from 42 Old Wilton Street. Marcel looks at him. 'Is that Professor   Barton?' he asks. 'Yes,' Henry answers. He always goes to the cinema on Tuesday evenings.'
'
.
","He had said exactly the name Emma wanted him to say. Now she could suggest that it was difficult to explain matters by letter, and she offered to go over to Rouen and speak to him directly. Charles would not hear of troubling her. She insisted. It was a battle of kindness. Finally, she cried, 'Now, not another word, please! I am going!'
'How kind you are!' he said, kissing her on the forehead.
The next morning she was off to Rouen in the coach, to consult Monsieur Leon. She stayed for three days. They were three wonderful days. They stayed down near the harbour at the Hotel de Boulogne, and there they lived, with the curtains closed, the doors locked, the floor covered with flowers, and iced drinks brought up every morning. Towards evening they would take a boat and go and have dinner on one of the islands. As they left the town, smoke rose up among the trees, and the red sun, reflected on the oily water of the harbour, looked like blood on polished metal. 
They went down between the rows of boats, and the noises of the town grew fainter and fainter. When, finally, they arrived at their favourite restaurant, she untied her hat and they stepped out of the boat on to their island. They went into a small cafe, with dark fishing-nets hung up at the door, and sat themselves down in the low-ceilinged room. They ate small fried fish, followed by cherries and cream, and then went and sat on the grass. 
",0.5678,0.9085,0.203,0.044,17.0
A2,B1,1,1.0,0.75,ok,UniversalCEFR/cefr_sp_en,UniversalCEFR/cefr_sp_en,The speech lasted 40 minutes and 14 seconds .,The speech lasted 40 minutes and 14 seconds and contained 5154 words .,0.9084,0.9084,0.111,0.111,3.0
B1,B2,1,1.0,0.75,ok,UniversalCEFR/cefr_sp_en,UniversalCEFR/cefr_sp_en,It was discovered around 6000 BC that wheat seeds could be crushed between simple millstones to make flour .,The earliest archaeological evidence for wheat seeds crushed between simple millstones to make flour dates to 6000 BC .,0.908,0.908,0.647,0.059,0.0
B2,C1,1,1.0,0.75,ok,UniversalCEFR/cefr_sp_en,UniversalCEFR/cefr_sp_en,"The trustee is given legal title to the trust property , but has an obligation to act for the good of the beneficiaries .","While the trustee is given legal title to the trust property , in accepting title the trustee owes a number of fiduciary duties to the beneficiaries .",0.908,0.908,0.516,0.058,3.0
B2,C1,1,1.0,0.75,ok,UniversalCEFR/cefr_sp_en,UniversalCEFR/cefr_sp_en,The European spadefoot toads are small to large sized frogs .,"The European spadefoot toads are small - to large-sized frogs , up to 10 cm in length , which are often inconspicuously colored .",0.9077,0.9077,0.05,0.1,10.0
B1,B2,1,1.0,0.75,similar_complexity,UniversalCEFR/cefr_sp_en,UniversalCEFR/cefr_sp_en,"Virgin purchased eighty percent of the team , as part of sponsorship arrangement .","Virgin purchased twenty percent of the team , as part of sponsorship arrangement .",0.9072,0.9072,0.0,0.0,0.0
B2,C1,1,1.0,0.75,ok,UniversalCEFR/cefr_sp_en,UniversalCEFR/cefr_sp_en,Each state of India has an organization that manages panchayat towns .,Each Indian state has its own management directorate for panchayat towns .,0.9066,0.9066,0.364,0.0,0.0
A1,B2,3,1.4,0.55,low_sim_for_dist,UniversalCEFR/cefr_sp_en,UniversalCEFR/cefr_sp_en,"She died on June 9 , 2014 , at the age of 103 .",She died on 13 February 2019 in Rome from lymphoma at the age of 79 .,0.6476,0.9066,0.875,0.0,4.0
B2,C1,1,1.0,0.75,ok,UniversalCEFR/cefr_sp_en,UniversalCEFR/cefr_sp_en,Short 's unsolved murder and the details surrounding it have had caused many theories and public speculation .,"Short 's unsolved murder and the details surrounding it have had a lasting cultural intrigue , generating various theories and public speculation .",0.9066,0.9066,0.457,0.011,4.0
B1,B2,1,1.0,0.75,ok,UniversalCEFR/cefr_sp_en,UniversalCEFR/cefr_sp_en,The movement of snakes in trees has only recently been studied .,The movement of snakes in arboreal habitats has only recently been studied .,0.9066,0.9066,0.523,0.0,1.0
B2,C1,1,1.0,0.75,ok,UniversalCEFR/cefr_sp_en,UniversalCEFR/cefr_sp_en,TUTTs sometimes bring a large amount of vertical wind shear over tropical disturbances and cyclones so TUTTs can reduce cyclone development .,TUTTs sometimes brings a large amount of vertical wind shear over tropical disturbances in the deep tropics and cyclones and thus hinder their development .,0.9066,0.9066,0.208,0.006,3.0
A1,C1,4,1.6,0.55,low_sim_for_dist,UniversalCEFR/elg_cefr_en,UniversalCEFR/elg_cefr_en,"Brian and some other people were with Mike. 'There was some glass on the beach - I didn't see it,' Mike said. 'He's going to the doctor,' Brian said to Janelle. Then he looked at Nick.
'You can go - we don't want you here,' he said. Nick started to answer angrily, but Janelle put her hand on his arm. 'I'm sorry about your foot, Mike,' he said. Mike smiled. 'Thanks, Nick. I know that.' After Mike's accident Brian didn't talk to Nick. Nick was right. That evening his father was not happy. You're asking us for money,' he said. 'Only the money for the plane to Australia, Dad. I have eight hundred pounds in the bank, and I can win the prize money from the competition this weekend  that's a thousand pounds - I'll have one thousand, eight hundred .'I don't know about this, Nick,' his father said. 'I'll talk to your mother about it.'  The day of the surfing competition was hot and sunny. In the morning all the surfers tried to catch the good waves. The judges watched from the beach. Nick and Brian surfed well all morning. Nick did not have time to talk to Janelle in the morning but she waited for him before the afternoon competition. 'You're doing well,' she said. There are only four very good surfers in the competition and you're number two, after Brian. Good luck!'In the afternoon the waves were very big but Nick was a strong swimmer. 
","The journey from our town to the capital was a journey of about five hours. When I arrived at Mr Jaggers's office the clerk told me that he was in court, and that he had left word I should wait in
his room. He led me to a dark room. After I had waited for a long time Mr Jaggers arrived.
Many people, men and women, who had been waiting for him outside the office, made a rush at him. He addressed himself to two of the men.
'Now, I have nothing to say to you,' said Mr Jaggers, pointing his finger at them. 'I want to know no more than I know. As to the result, it could go either way. I told you that from the start. Have you paid Wemmick?'
'Yes, sir,' said both the men together.
'Very well; then you may go. Now, I won't have it!' said Mr Jaggers, waving his hand at them to put them behind him. 'If you say a word to me, I'll throw up the case.'
'We thought, Mr Jaggers -' one of the men began, pulling off his hat.
'That's what I told you not to do,' said Mr Jaggers. 'You thought! I think for you; that's enough for you. If I want you, I know where to find you; I don't want you to find me. Now I won't have it. I won't hear a word.' 
The two men looked at one another as Mr Jaggers waved them behind him, and fell back and were heard no more.
",0.5664,0.9063,0.632,0.025,13.0
A1,C1,4,1.6,0.55,low_sim_for_dist,UniversalCEFR/cefr_sp_en,UniversalCEFR/cefr_sp_en,"He died on 6 January 2015 , aged 82 .",He died in 2001 of a pulmonary embolism .,0.5663,0.9062,0.2,0.0,2.0
A2,B2,2,1.2,0.75,ok,UniversalCEFR/cefr_sp_en,UniversalCEFR/cefr_sp_en,The ball is made of plastic .,The modern outdoor polo ball is made of a high-impact plastic .,0.7551,0.9062,0.5,0.0,6.0
B2,C1,1,1.0,0.75,ok,UniversalCEFR/cefr_sp_en,UniversalCEFR/cefr_sp_en,It is made by heating barium oxide .,Barium oxide is made by heating barium carbonate .,0.9055,0.9055,1.125,0.125,1.0
B1,B2,1,1.0,0.75,similar_complexity,UniversalCEFR/cefr_sp_en,UniversalCEFR/cefr_sp_en,It was supposed that he possessed a healing power against snakebites .,It was supposed that he possessed a spiritual healing power against snake bites .,0.9049,0.9049,0.119,0.0,2.0
B1,B2,1,1.0,0.75,ok,UniversalCEFR/cefr_sp_en,UniversalCEFR/cefr_sp_en,"The median income for a household in the county was $ 64,294 .","According to the 2010 census , the median income for a household in the county was $ 36,363 , and the median income for a family was $ 41,381 .",0.9049,0.9049,0.027,0.264,12.0
B1,C1,2,1.2,0.75,similar_complexity,UniversalCEFR/cefr_sp_en,UniversalCEFR/cefr_sp_en,A few species live in waters where there is very little food available .,A few species that live in waters where the supply of food particles is very poor prey on crustaceans and other small animals .,0.7541,0.9049,0.017,0.0,10.0
B2,C1,1,1.0,0.75,ok,UniversalCEFR/cefr_sp_en,UniversalCEFR/cefr_sp_en,There are few flora and fauna due to the harsh climate .,Flora and fauna are relatively scarce due to the harsh climate .,0.9048,0.9048,0.727,0.0,0.0
A1,C1,4,1.6,0.55,low_sim_for_dist,UniversalCEFR/elg_cefr_en,UniversalCEFR/elg_cefr_en,"It was a hot Saturday in early July. The water and sky were blue in the afternoon sun and there were some big waves for the surfers. A lot of them were in the sea. Nick was there, too. He sat on his surfboard and waited for a good wave. A big wave came - Nick started to swim strongly. His board moved quickly with the wave and Nick stood up on it. He was a very  good surfer. 
There were some Australians on the beach. They were there for the surf . . . and for the big surfing competition at the beach in a week's time. One of them was a tall girl with long dark hair - Janelle. She was from Queensland. She watched Nick and then looked at one of the boys with her. Mike smiled. 'He's very good, and that's a strong wave. It'll be difficult to beat him in the competition.' The second boy, Brian, was small with long hair and cold blue eyes. Janelle was his girlfriend.
'We can beat him easily,' Brian said. 'He's only good because he knows the beach here. I can surf well on any beach. I want to catch some waves.' He walked down to the sea. 'I don't want to go in the water now,' Janelle said. 'Let's go and have a drink at the caf,.' Brian sat on his surfboard and watched Nick in the water. 'Mike and Janelle are wrong,' he thought. 'He's not very good.'
","Duffy, the gardener's boy, had seen Rosanna half an hour before, running towards the sea. 'Come with me, Duffy,' said Cuff. 'And you, Mr Betteredge, stay here till I come back.' They hurried off
towards the Shivering Sand, but not long afterwards Duffy came running back. I had to send one of Rosanna's shoes quickly. 
I sent him back to say I would follow with the shoe. Fifteen minutes later, I reached the shore. Dark clouds were rushing low overhead. The sea was thundering at the mouth of the bay, sending great waves rolling in over the sand. Cuff was alone on the beach. Hearing me approach behind him, he
turned. There was a look of horror in his eyes. He grabbed the shoe out of my hand and placed it in a footmark in the sand. It fitted exactly.
We followed the footprints to the mouth of the bay. They went into the water at a place where the rocks and the sand joined. Seconds earlier the rising tide had wiped them out. We looked everywhere for footsteps coming back towards land until the rising water forced us to stop. 
Cuff stared out over the waters rushing in deeper and deeper over the whole face of the quicksand. There was a look of defeat on his face. 'A fatal accident has happened to her on those rocks,' he said. I could no longer feel the driving rain, all I could hear was her telling me that the sands seemed to be pulling her to a watery grave.
",0.5655,0.9048,0.289,0.114,12.0
A2,B1,1,1.0,0.75,ok,UniversalCEFR/cefr_sp_en,UniversalCEFR/cefr_sp_en,The speech lasted 43 minutes and 2 seconds and had 4931 words .,"The speech lasted approximately 40 minutes and consisted of 4,955 words .",0.9048,0.9048,1.222,0.111,0.0
A1,B2,3,1.4,0.55,low_sim_for_dist,UniversalCEFR/elg_cefr_en,UniversalCEFR/elg_cefr_en,"Saturday, Tom and Becky walked and played in the cave. Then they stopped near some  water. ""What time is it?"" Becky asked. ""I don't know,"" Tom said. ""Let's go back now.""
The two children walked and walked. But they didn't find the door to the cave. Becky was afraid. She wanted to sit down and eat. ""Maybe they're looking for us now,"" she said. ""Here's some food,"" Tom said. ""Eat this and wait here .
 I'm going to look for the door."" Tom walked and walked. But he didn't find the cave door. Suddenly, there was a man near him. Tom was afraid, but he stayed quiet. He looked at the man. It was Injun Joe!
Tom was very afraid and he made a noise. Injun Joe went away quickly. Tom went back to Becky, but he didn't talk to her about Injun Joe. They were in the cave for three days. Tuesday, Becky didn't want to walk. Again Tom said, ""Stay here. I'm going to look for the door."" This time he went to a new place. There was light there. He went to the light. It came from a small door in the cave. Tom went out of the cave. Then he went back to Becky. ""Come with me,"" he said. ""We can go out of the cave now."" Tom and Becky went out of the cave. They were very happy. They went to the river and waited there. Some men in a small boat came to them. 
","Ma's breath caught in her throat. Pa said softly, ""Did you kill him?""
""I don't know,"" Tom said. ""I hope so."" 
""Tom!"" Ma said.
""Oh, you have to know. Casy came out here with other fellows to get five cents. But then they changed it to two and a half cents.""
""A fellow can't eat on that.""
""And then the pickers went on strike. And now the cops killed Casy.""
""Well, we need to get to work."" Ma looked sadly at Tom. ""Rosasharn will stay with you. We'll tell them that you're sick today.""
The family went to work. Tom finally fell asleep. His sister watched him and the door.
As the sun began to set, Ma came back to the house. She carefully built a fire in one end of the stove and filled a pot with water and put it over the flame.
""How was picking today?"" Tom asked.
Ma took a cup of dried corn pieces out of a bag. ""I don't want to talk about it,"" she said.
Pa and Al and Uncle John and the children came into the house. Al looked at Ma and said, ""Is that all we get after working until dark?""
""Al, you know we have to go. It will take all of the money we have for gas.""
""But, Ma, a fellow needs meat if he's going to work.""
""Just sit,"" she said.
They all sat down to their small dinners and coffee. Pa said, ""They dropped the price like you said, Tom. Two and a half cents.""
Uncle John said, ""They say there are two hundred more men coming tonight."" 
",0.6461,0.9045,0.047,0.144,22.0
B1,B2,1,1.0,0.75,ok,UniversalCEFR/cefr_sp_en,UniversalCEFR/cefr_sp_en,The important material of a given era is often its defining point .,The material of choice of a given era is often a defining point .,0.9045,0.9045,0.577,0.154,1.0
B1,C1,2,1.2,0.75,ok,UniversalCEFR/cefr_sp_en,UniversalCEFR/cefr_sp_en,"In many countries where FGM is common , almost every woman and girl in the country has had FGM .","FGM may place women at higher risk of problems during pregnancy and childbirth , which are more common with the more extensive FGM procedures .",0.7537,0.9045,0.92,0.024,5.0
B2,C1,1,1.0,0.75,ok,UniversalCEFR/cefr_sp_en,UniversalCEFR/cefr_sp_en,Some species of algae form symbiotic relationships with other organisms .,Algae have evolved a number of symbiotic partnerships with other organisms .,0.9045,0.9045,0.382,0.0,1.0
A2,B1,1,1.0,0.75,ok,UniversalCEFR/cefr_sp_en,UniversalCEFR/cefr_sp_en,The room started to shake .,Suddenly the room began to shake violently .,0.9043,0.9043,0.943,0.0,2.0
B1,B2,1,1.0,0.75,ok,UniversalCEFR/cefr_sp_en,UniversalCEFR/cefr_sp_en,Bald eagles become adults when they are four or five years old .,Bald eagles are sexually mature at four or five years of age .,0.9042,0.9042,0.167,0.0,0.0
B1,B2,1,1.0,0.75,similar_complexity,UniversalCEFR/cefr_sp_en,UniversalCEFR/cefr_sp_en,Blankets may also be used on the ground for a picnic or other places where people want to sit without their clothing getting dirty or wet .,Blankets may be spread on the ground for a picnic or where people want to sit in a grassy or muddy area without soiling their clothing .,0.9042,0.9042,0.115,0.038,0.0
B1,B2,1,1.0,0.75,ok,UniversalCEFR/cefr_sp_en,UniversalCEFR/cefr_sp_en,"Now , the village and base 's combined population is about 4,500 .","Today , the village and base 's combined population numbers approximately 5,400 .",0.9042,0.9042,1.5,0.0,0.0
B1,B2,1,1.0,0.75,ok,UniversalCEFR/cefr_sp_en,UniversalCEFR/cefr_sp_en,Determining what records have enduring value is not always easy .,Determining what records have enduring value can be challenging .,0.9041,0.9041,0.711,0.0,1.0
B1,B2,1,1.0,0.75,ok,UniversalCEFR/cefr_sp_en,UniversalCEFR/cefr_sp_en,The collection includes some of the prefecture 's most important cultural assets and works by artists with some connection to the region .,The museum 's art includes some of the prefecture 's most important cultural assets and works by artists with some connection to the region .,0.904,0.904,0.432,0.03,2.0
B1,B2,1,1.0,0.75,ok,UniversalCEFR/cefr_sp_en,UniversalCEFR/cefr_sp_en,The purpose of classification is to protect information .,The purpose of classification is to protect information from being used to damage or cause danger to national security .,0.9037,0.9037,0.737,0.105,11.0
A2,B1,1,1.0,0.75,similar_complexity,UniversalCEFR/cefr_sp_en,UniversalCEFR/cefr_sp_en,"In March 2011 , the band announced they would take a break .","In March 2011 , the band annoucned they would take a break .",0.9035,0.9035,0.0,0.0,0.0
B2,C1,1,1.0,0.75,ok,UniversalCEFR/cefr_sp_en,UniversalCEFR/cefr_sp_en,It is hard to find the shape of the minimal surface bounded by some arbitrary shaped frame using just mathematics .,To find the shape of the minimal surface bounded by some arbitrary shaped frame using strictly mathematical means can be a daunting task .,0.9034,0.9034,0.257,0.007,3.0
B1,B2,1,1.0,0.75,ok,UniversalCEFR/cefr_sp_en,UniversalCEFR/cefr_sp_en,The industry of the town was first based on the large amount of fruit growing in the area .,The industry of the town was initially tied to the abundant fruit growing operation .,0.9034,0.9034,1.0,0.079,4.0
A2,B2,2,1.2,0.75,ok,UniversalCEFR/cefr_sp_en,UniversalCEFR/cefr_sp_en,The province is divided into 6 districts and 12 municipalities .,The country 's provinces are divided into 337 municipalities .,0.7527,0.9032,0.25,0.0,0.0
B2,C1,1,1.0,0.75,ok,UniversalCEFR/cefr_sp_en,UniversalCEFR/cefr_sp_en,"In digital signal processing , a digital signal is a representation of a physical signal that is a sampled and quantized .","In short , a digital signal is a quantized discrete- time signal ; a discrete- time signal is a sampled analog signal .",0.9029,0.9029,0.35,0.1,0.0
B1,B2,1,1.0,0.75,ok,UniversalCEFR/cefr_sp_en,UniversalCEFR/cefr_sp_en,"The oldest anchors were just rocks , and many rock anchors have been found from a long time ago .","The earliest anchors were probably rocks , and many rock anchors have been found dating from at least the Bronze Age .",0.9026,0.9026,0.528,0.044,2.0
B1,B2,1,1.0,0.75,ok,UniversalCEFR/cefr_sp_en,UniversalCEFR/cefr_sp_en,"Ten matches happened at the show , including three on the pre-show .","Ten matches were contested at the event , including three on the pre-show .",0.9025,0.9025,0.122,0.09,1.0
B1,C1,2,1.2,0.75,ok,UniversalCEFR/cefr_sp_en,UniversalCEFR/cefr_sp_en,"He died of pneumonia and heart failure on 7 January 2018 , aged 61 .",He died on 21 June 2014 from acute respiratory failure after being hospitalized with pneumonia .,0.7521,0.9025,1.192,0.0,3.0
B1,B2,1,1.0,0.75,ok,UniversalCEFR/cefr_sp_en,UniversalCEFR/cefr_sp_en,"Popular science is a bridge between the literature written for scientists , and the realms of popular writing which ordinary people use .","Popular science is a bridge between scientific literature as a professional medium of scientific research , and the realms of popular political and cultural discourse .",0.9022,0.9022,0.494,0.113,3.0
B2,C1,1,1.0,0.75,ok,UniversalCEFR/cefr_sp_en,UniversalCEFR/cefr_sp_en,These frogs do not have the adhesive toe disc cups found in the tree frogs .,These frogs lack adhesive toe discs found in the tree frogs .,0.902,0.902,0.455,0.042,4.0
C1,C2,1,1.0,0.75,ok,UniversalCEFR/cefr_sp_en,UniversalCEFR/cefr_sp_en,Sclerophyllous plants occur in many parts of the world .,"Sclerophyllous plants occur in many parts of the world , but are most typical in the chaparral biomes .",0.9011,0.9011,0.229,0.118,8.0
B1,B2,1,1.0,0.75,ok,UniversalCEFR/cefr_sp_en,UniversalCEFR/cefr_sp_en,The authors suggest that oil dependence is a problem we need no longer have .,"The authors explain that the problems of oil dependence are manageable , suggesting that oil dependence is a problem we need no longer have .",0.901,0.901,0.571,0.174,9.0
B1,B2,1,1.0,0.75,ok,UniversalCEFR/cefr_sp_en,UniversalCEFR/cefr_sp_en,"16 - bit programs usually run in a single virtual DOS machine , sharing memory between them .",All 16 - bit programs run by default in a single virtual DOS machine with shared memory space .,0.9009,0.9009,0.509,0.0,2.0
A1,B2,3,1.4,0.55,"low_sim_for_dist,similar_complexity",UniversalCEFR/cefr_sp_en,UniversalCEFR/cefr_sp_en,He died on 4 August 2018 .,He died on 11 May 2018 at the age of 52 from cardiac arrest .,0.6432,0.9005,0.045,0.0,7.0
B1,B2,1,1.0,0.75,ok,UniversalCEFR/cefr_sp_en,UniversalCEFR/cefr_sp_en,The Reminders app allows users to make lists and alerts that can be based on a date or a location .,Reminders allows users to create lists of tasks with alerts that can either be date - based or location - based .,0.9005,0.9005,0.784,0.003,1.0
C1,C2,1,1.0,0.75,ok,UniversalCEFR/cefr_sp_en,UniversalCEFR/cefr_sp_en,"Although benzodiazepines are very effective at treating alcohol withdrawal , they should be carefully used .",Benzodiazepines are the most commonly used medication for the treatment of alcohol withdrawal .,0.9005,0.9005,0.269,0.077,1.0
B1,B2,1,1.0,0.75,similar_complexity,UniversalCEFR/cefr_sp_en,UniversalCEFR/cefr_sp_en,The province has 8 districts and 28 municipalities .,The province has 6 districts and 12 municipalities .,0.9003,0.9003,0.0,0.0,0.0
B1,B2,1,1.0,0.75,ok,UniversalCEFR/cefr_sp_en,UniversalCEFR/cefr_sp_en,"For 2007 , d'Ambrosio took part in the first season of the International Formula Master series .","For 2007 , d'Ambrosio took part in the inaugural season of the International Formula Master series with the Cram Competition team .",0.8999,0.8999,0.188,0.034,5.0
B2,C1,1,1.0,0.75,ok,UniversalCEFR/cefr_sp_en,UniversalCEFR/cefr_sp_en,The book has also been seen as trying to show that masculinity was important in stopping slavery .,The book has also been seen as an attempt to redefine masculinity as a necessary step toward the abolition of slavery .,0.8998,0.8998,0.087,0.095,4.0
B2,C1,1,1.0,0.75,ok,UniversalCEFR/cefr_sp_en,UniversalCEFR/cefr_sp_en,"Chicken or veal parmigiana has become very popular in Australia as a pub dish , often served with chips and salad .",Chicken parmigiana is also a common dish in Australia and is often served with a side of chips or salad .,0.8992,0.8992,0.4,0.1,0.0
A2,B1,1,1.0,0.75,ok,UniversalCEFR/cefr_sp_en,UniversalCEFR/cefr_sp_en,"Of his next nine fights , Rose won eight .","Over his next nine fights , Rose had a record of eight wins and one loss , with one knockout .",0.8991,0.8991,0.069,0.056,10.0
B2,C1,1,1.0,0.75,ok,UniversalCEFR/cefr_sp_en,UniversalCEFR/cefr_sp_en,Human behavior is believed to be influenced by the endocrine system and the nervous system .,Behavior is linked to the nervous system as well as the endocrine system .,0.899,0.899,0.451,0.097,2.0
B1,B2,1,1.0,0.75,similar_complexity,UniversalCEFR/cefr_sp_en,UniversalCEFR/cefr_sp_en,"In warfare , the long-term objective is the defeat of the enemy .","In warfare , the long term strategy is the defeat of the enemy .",0.8989,0.8989,0.083,0.0,0.0
B2,C1,1,1.0,0.75,ok,UniversalCEFR/cefr_sp_en,UniversalCEFR/cefr_sp_en,Debian packages are standard Unix ar archives that include two tar archives .,Debian packages are standard Unix ar archives that include two gzipped or bzipped tar archives : one that holds the control information and another that contains the data .,0.8988,0.8988,0.074,0.065,15.0
A1,C1,4,1.6,0.55,low_sim_for_dist,UniversalCEFR/cefr_sp_en,UniversalCEFR/cefr_sp_en,"He died on 6 January 2015 , aged 82 .","Hazzard died in New York City on 12 December 2016 from complications of dementia , aged 85 .",0.5617,0.8987,1.2,0.0,8.0
C1,C2,1,1.0,0.75,ok,UniversalCEFR/cefr_sp_en,UniversalCEFR/cefr_sp_en,"Octopuses can operate chromatophores in complex , wavelike displays , giving rapidly changing color schemes .","Octopuses and most cuttlefish can operate chromatophores in complex , undulating chromatic displays , resulting in a variety of rapidly changing color schemata .",0.8987,0.8987,0.571,0.048,8.0
B1,B2,1,1.0,0.75,ok,UniversalCEFR/cefr_sp_en,UniversalCEFR/cefr_sp_en,The basic economical activity of this department is cattle raising .,The basic economical activity of this department is the cattle breeding .,0.8986,0.8986,0.155,0.091,1.0
B1,B2,1,1.0,0.75,ok,UniversalCEFR/cefr_sp_en,UniversalCEFR/cefr_sp_en,Chaplin has also acted in several Spanish and French films .,Chaplin has appeared in a wide variety of critically recognized Spanish and French films .,0.8984,0.8984,0.457,0.0,4.0
B2,C1,1,1.0,0.75,ok,UniversalCEFR/cefr_sp_en,UniversalCEFR/cefr_sp_en,Test pilots must know about aerospace engineering in order to know how and why planes are tested .,"Test pilots must have an excellent knowledge of aeronautical engineering , in order to understand how and why planes are tested .",0.8984,0.8984,0.594,0.059,3.0
A1,C1,4,1.6,0.55,low_sim_for_dist,UniversalCEFR/cefr_sp_en,UniversalCEFR/cefr_sp_en,"He died , aged 80 , on 22 July 2014 .","She died of esophageal cancer in Tokyo on 11 January 2014 , aged 80 .",0.5615,0.8983,1.3,0.0,5.0
B2,C1,1,1.0,0.75,ok,UniversalCEFR/cefr_sp_en,UniversalCEFR/cefr_sp_en,"Until the early 20th century , arsenic was often used to embalm bodies .","Until the early 20th century , arsenic was frequently used as an embalming fluid , until it was supplanted by other more effective and less toxic chemicals .",0.8982,0.8982,0.307,0.083,13.0
A1,A2,1,1.0,0.6,ok,UniversalCEFR/readme_en,UniversalCEFR/readme_en,Do 12 reps in each set.,Each set should be eight to twelve reps. You might try doing up to three sets.,0.8979,0.8979,0.812,0.062,11.0
B1,B2,1,1.0,0.75,ok,UniversalCEFR/cefr_sp_en,UniversalCEFR/cefr_sp_en,"As of 2005 , the municipality had a total population of 2,647 .","In 2005 , the municipality had a total population of 7,233 .",0.8978,0.8978,0.306,0.111,1.0
B1,B2,1,1.0,0.75,similar_complexity,UniversalCEFR/cefr_sp_en,UniversalCEFR/cefr_sp_en,A table consists of an orderly arrangement of rows and columns .,A table consists of an ordered arrangement of rows and columns .,0.8976,0.8976,0.0,0.0,0.0
B1,B2,1,1.0,0.75,ok,UniversalCEFR/readme_en,UniversalCEFR/readme_en,"If any member of a team is between the ages of 14 -17, the variance between the youngest and oldest member of the team must  be no more than 5  years","Similar Age requirments for Competitive Models:   If any member of a team is between the ages of 8 -13, the variance between the youngest and oldest member of the team must  be no more than 3 years",0.8976,0.8976,0.513,0.05,6.0
B1,B2,1,1.0,0.75,ok,UniversalCEFR/cefr_sp_en,UniversalCEFR/cefr_sp_en,One way to think about mental health is by looking at how well a person lives .,One way to think about mental health is by looking at how effectively and successfully a person functions .,0.8976,0.8976,1.014,0.0,2.0
B2,C1,1,1.0,0.75,similar_complexity,UniversalCEFR/cefr_sp_en,UniversalCEFR/cefr_sp_en,The witches are sitting round a cauldron in a dark cave .,The witches gather around a cauldron in a dark cave .,0.8976,0.8976,0.109,0.009,1.0
B1,B2,1,1.0,0.75,ok,UniversalCEFR/cefr_sp_en,UniversalCEFR/cefr_sp_en,"As of 2010 , the municipality had a total population of 8,343 , up from 7,172 as of 2005 .","In 2005 , the municipality had a total population of 7,233 .",0.8974,0.8974,0.904,0.231,5.0
A1,C1,4,1.6,0.55,low_sim_for_dist,UniversalCEFR/cefr_sp_en,UniversalCEFR/cefr_sp_en,He died on 12 May 2019 at the age of 80 .,He died on 21 June 2014 from acute respiratory failure after being hospitalized with pneumonia .,0.5608,0.8973,3.067,0.0,5.0
B1,B2,1,1.0,0.75,ok,UniversalCEFR/cefr_sp_en,UniversalCEFR/cefr_sp_en,A tropical wave moved off the western coast of Africa on September 12 .,"In the second week of September , a strong tropical wave started moving off the coast of Africa .",0.8969,0.8969,0.054,0.118,5.0
A2,B1,1,1.0,0.75,ok,UniversalCEFR/cefr_sp_en,UniversalCEFR/cefr_sp_en,The movie received mixed reviews .,This movie got mixed to positive reviews .,0.8969,0.8969,0.743,0.0,2.0
B1,B2,1,1.0,0.75,ok,UniversalCEFR/cefr_sp_en,UniversalCEFR/cefr_sp_en,The terracotta army figures were made in workshops .,The terracotta army figures were manufactured in workshops by government laborers and local craftsmen using local materials .,0.8966,0.8966,0.919,0.059,9.0
B2,C1,1,1.0,0.75,ok,UniversalCEFR/cefr_sp_en,UniversalCEFR/cefr_sp_en,"New species have been created by domesticated animal husbandry , but the initial dates and methods are not clear .","New species have been created by animal husbandry , but the dates and methods of the initiation of such species are not clear .",0.8966,0.8966,0.53,0.136,4.0
A1,C1,4,1.6,0.55,low_sim_for_dist,UniversalCEFR/cefr_sp_en,UniversalCEFR/cefr_sp_en,Skiing is a winter sport .,Para-alpine skiing classification is the order system for para-alpine skiing .,0.5599,0.8958,1.417,0.25,7.0
B2,C1,1,1.0,0.75,ok,UniversalCEFR/cefr_sp_en,UniversalCEFR/cefr_sp_en,"According to 2011 census , Vikramasingapuram had a population of 47,241 .","According to 2011 census , Vikramasingapuram had a population of 47,241 with a sex-ratio of 1,058 females for every 1,000 males , much above the national average of 929 .",0.8957,0.8957,1.293,0.13,15.0
B2,C1,1,1.0,0.75,ok,UniversalCEFR/cefr_sp_en,UniversalCEFR/cefr_sp_en,"Unaipon became well -known as an inventor , and a recognized authority on ballistics .",Unaipon was a recognized authority on ballistics .,0.8955,0.8955,0.692,0.0,6.0
B2,C1,1,1.0,0.75,ok,UniversalCEFR/cefr_sp_en,UniversalCEFR/cefr_sp_en,Most scallops are filter feeders .,"Scallops are filter feeders , and eat plankton .",0.8955,0.8955,0.171,0.0,2.0
B1,B2,1,1.0,0.75,ok,UniversalCEFR/cefr_sp_en,UniversalCEFR/cefr_sp_en,The use of medial caps for identifiers is recommended by many organizations and software projects .,The use of medial caps for compound identifiers is recommended by the coding style guidelines of many organizations or software projects .,0.8951,0.8951,0.01,0.095,6.0
A1,B2,3,1.4,0.55,"low_sim_for_dist,similar_complexity",UniversalCEFR/cefr_sp_en,UniversalCEFR/cefr_sp_en,"He died on 3 May 2015 , aged 84 , after a long illness .",He died on 11 May 2018 at the age of 52 from cardiac arrest .,0.6393,0.895,0.101,0.0,2.0
B2,C1,1,1.0,0.75,ok,UniversalCEFR/cefr_sp_en,UniversalCEFR/cefr_sp_en,Crystal structure is now found by analysis of the diffraction patterns of a sample targeted by a beam of some type .,Crystallographic methods now depend on analysis of the diffraction patterns of a sample targeted by a beam of some type .,0.8944,0.8944,0.524,0.04,1.0
B1,B2,1,1.0,0.75,ok,UniversalCEFR/cefr_sp_en,UniversalCEFR/cefr_sp_en,Nematode species look very similar to one another .,Nematode species can be difficult to distinguish from one another .,0.8942,0.8942,0.35,0.0,2.0
B1,B2,1,1.0,0.75,ok,UniversalCEFR/cefr_sp_en,UniversalCEFR/cefr_sp_en,"When the U.S. joined World War II in December 1941 , it was thought to be a luxury to fly .","At the time the United States entered World War II in December 1941 , flying across oceans was a rare luxury .",0.894,0.894,1.053,0.0,0.0
A2,B1,1,1.0,0.75,ok,UniversalCEFR/cefr_sp_en,UniversalCEFR/cefr_sp_en,The movie got very bad reviews from movie critics .,The film received extremely negative reviews from critics .,0.8937,0.8937,1.694,0.111,1.0
B2,C1,1,1.0,0.75,similar_complexity,UniversalCEFR/cefr_sp_en,UniversalCEFR/cefr_sp_en,Bangladesh is used to move narcotics made in neighboring countries .,Bangladesh is used as a transit route for narcotics produced in neighboring countries .,0.8934,0.8934,0.085,0.0,3.0
B1,B2,1,1.0,0.75,ok,UniversalCEFR/cefr_sp_en,UniversalCEFR/cefr_sp_en,In the United States most employment in the field requires either a masters degree in statistics or a related field or a PhD .,Most employment as a statistician requires a minimum of a masters degree in statistics or a related field .,0.8934,0.8934,0.454,0.138,5.0
A1,B1,2,1.2,0.6,ok,UniversalCEFR/cefr_sp_en,UniversalCEFR/cefr_sp_en,"He died , aged 80 on 23 July , 2014 .","He died in London on 5 December 2013 , aged 75 , from undisclosed causes .",0.7444,0.8933,1.7,0.0,5.0
B2,C1,1,1.0,0.75,ok,UniversalCEFR/cefr_sp_en,UniversalCEFR/cefr_sp_en,The adversarial system is the two - part system under which criminal law courts operate .,"The adversarial system is the two -sided structure under which criminal trial courts operate , putting the prosecution against the defense .",0.8933,0.8933,0.657,0.007,6.0
A2,B1,1,1.0,0.75,ok,UniversalCEFR/cefr_sp_en,UniversalCEFR/cefr_sp_en,The movie received mixed reviews .,The film received mixed to positive reviews .,0.8933,0.8933,0.314,0.0,2.0
B2,C1,1,1.0,0.75,ok,UniversalCEFR/cefr_sp_en,UniversalCEFR/cefr_sp_en,Modern cladistic work has not been conclusive .,Modern exact cladistic analyses have not been conclusive .,0.8931,0.8931,0.554,0.0,1.0
A1,B2,3,1.4,0.55,low_sim_for_dist,UniversalCEFR/cefr_sp_en,UniversalCEFR/cefr_sp_en,He died on 9 May 2019 at the age of 93 .,"He died in England on November 16 , 2018 at the age of 81 , due to complications of hip surgery .",0.6378,0.893,1.438,0.062,8.0
B2,C1,1,1.0,0.75,similar_complexity,UniversalCEFR/cefr_sp_en,UniversalCEFR/cefr_sp_en,"No firm dates can be assigned to this Emperor 's life or reign , but he is conventionally considered to have reigned from 400 to 405 .","No firm dates can be assigned to this Emperor 's life or reign , but he is conventionally considered to have reigned from 507 to 531 .",0.893,0.893,0.0,0.0,0.0
B1,B2,1,1.0,0.75,ok,UniversalCEFR/cefr_sp_en,UniversalCEFR/cefr_sp_en,"On 28 December , after eight days of fighting , the Germans withdrew from the town .","On 28 December , after eight days of fighting , the depleted German troops finally withdrew from the town .",0.8928,0.8928,0.341,0.014,3.0
B2,C1,1,1.0,0.75,similar_complexity,UniversalCEFR/cefr_sp_en,UniversalCEFR/cefr_sp_en,Ubuntu divides most software into four domains to reflect differences in licensing and the degree of support available .,Ubuntu splits all software into four different categories to show differences in licensing and the amount of support available .,0.8928,0.8928,0.073,0.0,1.0
B1,B2,1,1.0,0.75,ok,UniversalCEFR/cefr_sp_en,UniversalCEFR/cefr_sp_en,More detail on the health of the drive may be obtained by examining the S. M. A. R. T. Attributes .,More detail on the health of the drive may be obtained by examining the SMART Attributes .,0.8927,0.8927,0.913,0.025,4.0
A2,B1,1,1.0,0.75,ok,UniversalCEFR/cefr_sp_en,UniversalCEFR/cefr_sp_en,Many cultures or religions have food taboos .,Many cultures hold some food preferences and some food taboos .,0.8926,0.8926,0.086,0.2,3.0
B1,B2,1,1.0,0.75,ok,UniversalCEFR/cefr_sp_en,UniversalCEFR/cefr_sp_en,"This is the smallest region in Italy with an area of 3260.9 km2 , and a population of about 126,883 .","Covering an area of 3263 km2 and with a population of about 128,000 it is the smallest , least populous , and least densely populated region of Italy .",0.8925,0.8925,0.671,0.111,7.0
B2,C1,1,1.0,0.75,ok,UniversalCEFR/cefr_sp_en,UniversalCEFR/cefr_sp_en,The new technology allowed deliberate alteration of genes to change the characteristics of an organism .,The new technology enabled rapid identification and deliberate alteration of genes for the purpose of changing the characteristics of an organism .,0.8921,0.8921,0.086,0.057,6.0
C1,C2,1,1.0,0.75,ok,UniversalCEFR/cefr_sp_en,UniversalCEFR/cefr_sp_en,"Although benzodiazepines are very effective at treating alcohol withdrawal , they should be carefully used .",Benzodiazepines are the most commonly used medication for the treatment of alcohol withdrawal and are generally safe and effective in suppressing symptoms of alcohol withdrawal .,0.8921,0.8921,0.42,0.24,11.0
C1,C2,1,1.0,0.75,ok,UniversalCEFR/cefr_sp_en,UniversalCEFR/cefr_sp_en,Deomyines share no morphological characteristics that can be used to separate them from other muroids .,"Deomyines share no morphological characteristics that can be used to separate them from other muroids , though subtle aspects of the third upper molar have been suggested .",0.892,0.892,0.3,0.0,11.0
B1,B2,1,1.0,0.75,ok,UniversalCEFR/cefr_sp_en,UniversalCEFR/cefr_sp_en,RIRs split their address pools into smaller chunks and give them to Internet service providers in their region .,The RIRs divide their allocated address pools into smaller blocks and delegate them to Internet service providers and other organizations in their operating regions .,0.8917,0.8917,0.708,0.028,6.0
A2,B1,1,1.0,0.75,ok,UniversalCEFR/cefr_sp_en,UniversalCEFR/cefr_sp_en,The movie received mixed reviews .,The movie got mixed and positive reviews from critics .,0.8917,0.8917,0.6,0.0,4.0
A2,B1,1,1.0,0.75,similar_complexity,UniversalCEFR/cefr_sp_en,UniversalCEFR/cefr_sp_en,"The date 27 April is now a public holiday in South Africa , Freedom Day .",The date 27 April is now a public holidays in South Africa .,0.8917,0.8917,0.063,0.0,2.0
B1,B2,1,1.0,0.75,ok,UniversalCEFR/cefr_sp_en,UniversalCEFR/cefr_sp_en,Japanese radios did pick up more American submarine activity and messages .,Japanese radio intercepts did notice an increase in both American submarine activity and message traffic .,0.8916,0.8916,0.273,0.0,4.0
A2,B1,1,1.0,0.75,ok,UniversalCEFR/cefr_sp_en,UniversalCEFR/cefr_sp_en,She turned 100 in September 2017 and died on 19 January 2018 .,She turned 100 in September 2017 and died on 19 January 2018 in Rome .,0.8913,0.8913,0.3,0.1,2.0
B2,C1,1,1.0,0.75,ok,UniversalCEFR/cefr_sp_en,UniversalCEFR/cefr_sp_en,Typical rounding problems include : The most basic form of rounding is to replace an arbitrary number by an integer .,The most basic form of rounding is to replace an arbitrary number by an integer .,0.8912,0.8912,0.667,0.039,4.0
A1,B1,2,1.2,0.6,ok,UniversalCEFR/cefr_sp_en,UniversalCEFR/cefr_sp_en,"He died on 6 January 2015 , aged 82 .","He died in London on 5 December 2013 , aged 75 , from undisclosed causes .",0.7425,0.8911,1.1,0.0,5.0
A1,B1,2,1.2,0.6,ok,UniversalCEFR/cefr_sp_en,UniversalCEFR/cefr_sp_en,He died on 18 October 2017 .,"He died in London on 5 December 2013 , aged 75 , from undisclosed causes .",0.7421,0.8906,1.15,0.0,6.0
B1,B2,1,1.0,0.75,ok,UniversalCEFR/cefr_sp_en,UniversalCEFR/cefr_sp_en,"After many concerts , the band went back to Sweden and began writing songs for their next album .","After a long series of concerts , the band returned to Sweden in order to spend time with their families and begin writing songs for their next album .",0.8906,0.8906,0.048,0.074,10.0
A1,B1,2,1.2,0.6,ok,UniversalCEFR/cefr_sp_en,UniversalCEFR/cefr_sp_en,"He died on 6 January 2015 , aged 82 .","He died of pneumonia and heart failure on 7 January 2018 , aged 61 .",0.7421,0.8905,0.7,0.0,5.0
B1,B2,1,1.0,0.75,ok,UniversalCEFR/cefr_sp_en,UniversalCEFR/cefr_sp_en,"On September 1 , a tropical wave moved off the coast of Africa and moved west .","In the second week of September , a strong tropical wave started moving off the coast of Africa .",0.89,0.89,0.244,0.046,3.0
B1,B2,1,1.0,0.75,similar_complexity,UniversalCEFR/cefr_sp_en,UniversalCEFR/cefr_sp_en,The following artists achieved four or more number-one hits during the 2000s .,The following artists achieved four or more number-one hits during the 1990s .,0.8899,0.8899,0.0,0.0,0.0
A1,C1,4,1.6,0.55,low_sim_for_dist,UniversalCEFR/cefr_sp_en,UniversalCEFR/cefr_sp_en,"She died on June 9 , 2014 , at the age of 103 .","He died on June 21 , 2014 from acute respiratory failure after being hospitalized with pneumonia , aged 88 .",0.556,0.8896,2.696,0.0,6.0
B1,B2,1,1.0,0.75,ok,UniversalCEFR/cefr_sp_en,UniversalCEFR/cefr_sp_en,Frequently two types of sports competition are played in this rural community .,"Frequently two types of sports competition are played in this rural community , volleyball and cricket .",0.8895,0.8895,0.233,0.0,3.0
B2,C1,1,1.0,0.75,ok,UniversalCEFR/cefr_sp_en,UniversalCEFR/cefr_sp_en,The cause of type 1 diabetes is unknown .,Type 1 diabetes is a condition caused by a lack of insulin in the body .,0.8895,0.8895,0.5,0.071,7.0
B1,B2,1,1.0,0.75,ok,UniversalCEFR/cefr_sp_en,UniversalCEFR/cefr_sp_en,The MIPS architecture has instructions which are 32 bits long .,The MIPS architecture provides a specific example for a machine code whose instructions are always 32 bits long .,0.8893,0.8893,0.144,0.059,8.0
B1,B2,1,1.0,0.75,similar_complexity,UniversalCEFR/cefr_sp_en,UniversalCEFR/cefr_sp_en,The first movement is written in sonata form .,This first movement is in sonata-allegro form .,0.8893,0.8893,0.125,0.0,0.0
A1,C1,4,1.6,0.55,low_sim_for_dist,UniversalCEFR/cefr_sp_en,UniversalCEFR/cefr_sp_en,Sheep and cows eat grass for food .,Cattle are large grazing animals with two -toed or cloven hooves and a four-chambered stomach .,0.5556,0.889,0.955,0.0,9.0
B1,B2,1,1.0,0.75,ok,UniversalCEFR/cefr_sp_en,UniversalCEFR/cefr_sp_en,The table tennis section applied for bankruptcy on 3 July 2006 .,"On 3 July 2006 , the table tennis section applied for bankruptcy and the table tennis section was disestablished .",0.8889,0.8889,0.278,0.25,7.0
B1,B2,1,1.0,0.75,ok,UniversalCEFR/cefr_sp_en,UniversalCEFR/cefr_sp_en,Multiplayer can be played with up to four players .,The game supports multiplayer with support for up to four players simultaneously .,0.8887,0.8887,1.194,0.0,3.0
A1,C1,4,1.6,0.55,low_sim_for_dist,UniversalCEFR/elg_cefr_en,UniversalCEFR/elg_cefr_en," Tom and Huck watched. Then they went away quickly because they were afraid. They went to Tom's yard. Huck said, ""We can't talk about this. Injun Joe can find us and kill us, too.""
""That's right,"" Tom said. ""We can't talk about it."" Tom went in his bedroom window. He went to bed, but he didn't sleep well. Tom and Huck didn't talk to their friends or Aunt Polly about that night because they were afraid of Injun Joe. Later, some men went to Muff Potter and said, ""You're a bad man. 
You killed the doctor."" Becky was sick and didn't go to school for many days. Tom was very sad. One morning, he said to Aunt Polly, ""I'm very sick, and I want to stay home from school."" Aunt Polly said, ""Here's some medicine. Take this and you can get well quickly."" But Tom didn't like the medicine. Peter, the cat, came into the room and looked at Tom. ""Peter!"" Tom said. ""Have some medicine!"" 
Peter had some medicine. He didn't like it! He went quickly out the open window and into the yard. Aunt Polly watched Peter. ""Why did you do that, Tom?"" she asked angrily. ""You're a very bad boy! Go to school now."" Tom arrived at school early and he waited for Becky at the school fence. She arrived early, too, but she didn't look at Tom. She went into school. Tom walked away.
He didn't want to go to school now. He was very sad. 
","Lexington, who had always done everything his aunt had told him, put the money in his pocket, put on a pair of shoes and a clean shirt, and went down the mountain to the village where the doctor lived.
'Old Glosspan?' the doctor said. 'Is she dead?'
'Certainly she's dead,' the boy answered. 'If you come home with me now I'll dig her up and you can see for yourself.'
'How deep did you bury her?' the doctor asked. 'Two or three metres down, I think.' 
'And how long ago?' 'Oh, about eight hours.' 'Then she's dead,' the doctor announced. 'Here's the certificate.'
Lexington now left for the city of New York to find Mr Samuel Zuckermann. He travelled on foot, and he slept under bushes, and he lived on berries and wild plants, and it took him sixteen days to reach the city.
'What a place this is!' he cried, as he stood staring around him. 'There are no chickens or cows anywhere and none of the women looks like Aunt Glosspan at all.'
Lexington had never seen anyone like Mr Zuckermann before, either. He was a small man with a large nose, and when he smiled, bits of gold flashed at you from lots of different places inside his
mouth. In his office, he shook Lexington warmly by the hand and congratulated him on his aunt's death.
'I suppose you know that your dearly loved aunt was a woman of great wealth?' he said.
'Do you mean the cows and the chickens?'
'I mean five hundred thousand dollars,' Mr Zuckermann said.
'How much?'
'Five hundred thousand dollars, my boy. And she's left it all to you.'
",0.5552,0.8884,0.173,0.154,28.0
B2,C1,1,1.0,0.75,similar_complexity,UniversalCEFR/cefr_sp_en,UniversalCEFR/cefr_sp_en,Images and videos showing male bisexuality have been more popular since the start of internet pornography .,Content featuring male bisexuality has been a growing trend since the advent of internet pornography .,0.8883,0.8883,0.108,0.0,1.0
B1,B2,1,1.0,0.75,ok,UniversalCEFR/cefr_sp_en,UniversalCEFR/cefr_sp_en,"At the level of the operating system , SATA and PATA devices can be made to look the same .","At the application level , SATA devices can be specified to look and act like PATA devices .",0.8883,0.8883,0.674,0.049,2.0
B1,B2,1,1.0,0.75,similar_complexity,UniversalCEFR/cefr_sp_en,UniversalCEFR/cefr_sp_en,Thousands of school children died because of badly built schools .,"In terms of school casualties , thousands of school children died due to shoddy construction .",0.888,0.888,0.0,0.043,4.0
C1,C2,1,1.0,0.75,ok,UniversalCEFR/cefr_sp_en,UniversalCEFR/cefr_sp_en,RNA viruses have very high mutation rates compared to DNA viruses .,"RNA viruses generally have very high mutation rates compared to DNA viruses , because viral RNA polymerases lack the proofreading ability of DNA polymerases .",0.888,0.888,0.739,0.083,12.0
B2,C1,1,1.0,0.75,similar_complexity,UniversalCEFR/cefr_sp_en,UniversalCEFR/cefr_sp_en,"No firm dates can be assigned to this Emperor 's life or reign , but he is conventionally considered to have reigned from 410 to 453 .","No firm dates can be assigned to this Emperor 's life or reign , but he is conventionally considered to have reigned from 507 to 531 .",0.888,0.888,0.0,0.0,0.0
B1,B2,1,1.0,0.75,ok,UniversalCEFR/cefr_sp_en,UniversalCEFR/cefr_sp_en,The use of military units for civilian police is common to many eras and cultures .,The use of military organisations to police civilian populations is common to many time periods and cultures .,0.888,0.888,0.945,0.059,2.0
B1,B2,1,1.0,0.75,ok,UniversalCEFR/cefr_sp_en,UniversalCEFR/cefr_sp_en,The idea behind all property law is property .,"The concept , idea or philosophy of property underlies all property law .",0.8875,0.8875,0.739,0.034,3.0
B2,C1,1,1.0,0.75,ok,UniversalCEFR/cefr_sp_en,UniversalCEFR/cefr_sp_en,"Like scallops , true oysters have a central adductor muscle .","Like scallops , true oysters have a central adductor muscle , which means the shell has a characteristic central scar marking its point of attachment .",0.8875,0.8875,0.097,0.087,14.0
A1,A2,1,1.0,0.6,ok,UniversalCEFR/cefr_sp_en,UniversalCEFR/cefr_sp_en,"Burns died on 25 May 2019 , at the age of 99 .",Burns died on 25 May 2019 after a short illness .,0.8874,0.8874,1.0,0.0,0.0
B1,B2,1,1.0,0.75,ok,UniversalCEFR/cefr_sp_en,UniversalCEFR/cefr_sp_en,"Each round uses 6 16 - bit sub-keys , while the half- round uses 4 , a total of 52 for 8.5 rounds .","Each of the eight round uses six sub-keys , while the half- round uses four ; for a total of 52 sub-keys .",0.887,0.887,0.193,0.161,5.0
B2,C1,1,1.0,0.75,ok,UniversalCEFR/cefr_sp_en,UniversalCEFR/cefr_sp_en,The rocky coastline has been the site of a number of shipwrecks .,The rugged coastline has been the scene of a number of shipwrecks .,0.887,0.887,0.167,0.0,0.0
B1,B2,1,1.0,0.75,similar_complexity,UniversalCEFR/cefr_sp_en,UniversalCEFR/cefr_sp_en,"The average income for a household in the city was $ 32,588 , and the average income for a family was $ 36,165 .","The median income for a household in the city as of the 2000 census was $ 62,550 , while the median income for a family was $ 67,500 .",0.8869,0.8869,0.146,0.025,4.0
B2,C1,1,1.0,0.75,similar_complexity,UniversalCEFR/cefr_sp_en,UniversalCEFR/cefr_sp_en,Work executed with more or less large stones put together without any attempt at courses is called rubble walling .,Walls that use large stones put together without any attempt at courses is called rubble walling .,0.8869,0.8869,0.062,0.0,3.0
A1,B2,3,1.4,0.55,low_sim_for_dist,UniversalCEFR/cefr_sp_en,UniversalCEFR/cefr_sp_en,"There are three main types of chocolate : white chocolate , milk chocolate , and dark chocolate .","White chocolate , although similar in texture to that of milk and dark chocolate , does not contain any cocoa solids .",0.6332,0.8865,0.481,0.162,5.0
C1,C2,1,1.0,0.75,ok,UniversalCEFR/cefr_sp_en,UniversalCEFR/cefr_sp_en,Cofactors which are complex organic molecules are often called coenzymes .,"Cofactors can be divided into two types , either inorganic ions , or complex organic molecules called coenzymes .",0.8862,0.8862,0.55,0.1,6.0
B2,C1,1,1.0,0.75,ok,UniversalCEFR/cefr_sp_en,UniversalCEFR/cefr_sp_en,"The three - toed hind limbs were long and thick , supporting the body in a bipedal posture .","In contrast to the forelimbs , the three - toed hindlimbs were long and thick , supporting the body in a bipedal posture .",0.8859,0.8859,0.312,0.088,4.0
C1,C2,1,1.0,0.75,ok,UniversalCEFR/cefr_sp_en,UniversalCEFR/cefr_sp_en,"Although benzodiazepines work very well at treating alcohol withdrawal , they should be carefully used .",Benzodiazepines are the most commonly used medication for the treatment of alcohol withdrawal .,0.8858,0.8858,0.016,0.077,1.0
A1,C1,4,1.6,0.55,low_sim_for_dist,UniversalCEFR/cefr_sp_en,UniversalCEFR/cefr_sp_en,He died on 9 May 2019 at the age of 93 .,"He died on June 21 , 2014 from acute respiratory failure after being hospitalized with pneumonia , aged 88 .",0.5535,0.8856,2.946,0.0,6.0
B2,C1,1,1.0,0.75,ok,UniversalCEFR/cefr_sp_en,UniversalCEFR/cefr_sp_en,"Usually men and boys sang Gregorian chant in churches , and holy women and men sang Gregorian chants in their daily prayers .","Gregorian chant was traditionally sung by choirs of men and boys in churches , or by men and women of religious orders in their chapels .",0.8855,0.8855,0.226,0.077,3.0
B2,C1,1,1.0,0.75,ok,UniversalCEFR/cefr_sp_en,UniversalCEFR/cefr_sp_en,Physicists represent sources of magnetic moments in materials as poles .,The sources of magnetic moments in materials can be represented by poles in analogy to electrostatics .,0.8854,0.8854,0.725,0.062,6.0
B2,C1,1,1.0,0.75,ok,UniversalCEFR/cefr_sp_en,UniversalCEFR/cefr_sp_en,"Crombie 's family announced on April 18 , 2015 that he had died suddenly three days earlier of a brain hemorrhage in New York City .","Crombie died in New York City , New York from a cerebral hemorrhage , aged 48 .",0.8853,0.8853,0.007,0.154,9.0
A2,B1,1,1.0,0.75,ok,UniversalCEFR/cefr_sp_en,UniversalCEFR/cefr_sp_en,"Historically , Latin or Romance has been the official language .","Historically , Latin or Romance languages have been the official languages in this region .",0.8853,0.8853,0.009,0.077,4.0
A1,C1,4,1.6,0.55,low_sim_for_dist,UniversalCEFR/elg_cefr_en,UniversalCEFR/elg_cefr_en,"They come to a door. It says, 'Concorde', but it's closed. Henry and Marcel stop in front of it. 
'Oh no,' says Henry. But then two men with big bags open the door and go in. The mice go in, too. 'Good,' Marcel says. He looks at the people in the room. 'Now. can you see her?'
'No, I can't,' Henry says. Marcel smiles. 'I can,' he says. 'Where?' 'There. In front of us.'
Henry looks. Marcel is right. The American woman is sitting on a chair and listening to her Walkman. She's reading a newspaper, too. Her bag is on the floor. 'OK - let's go,' Marcel says. He takes a small knife from his coat. 'Walk behind me, Henry - but be very, very quiet. He starts to walk across the room. Henry walks behind his friend. 'Marcel's a detective,' he thinks. 'It's going to be OK. He knows his job. He does this every day. Yes . . . it's - going - to - be - O - K.'Marcel stops in front of the American woman's bag. He looks at Henry. 'Ssshh,' he says. 'Wait here.' Then he climbs up the bag. After a short time he starts to make a hole in it with his knife. Henry watches. His mouth is open. He looks at the American  woman. She's listening to music and reading. She doesn't look down. Marcel climbs into the
bag. It's dark. He closes his eyes and opens them again. Now he can see some jeans, a radio, some books. 

","The journey from our town to the capital was a journey of about five hours. When I arrived at Mr Jaggers's office the clerk told me that he was in court, and that he had left word I should wait in
his room. He led me to a dark room. After I had waited for a long time Mr Jaggers arrived.
Many people, men and women, who had been waiting for him outside the office, made a rush at him. He addressed himself to two of the men.
'Now, I have nothing to say to you,' said Mr Jaggers, pointing his finger at them. 'I want to know no more than I know. As to the result, it could go either way. I told you that from the start. Have you paid Wemmick?'
'Yes, sir,' said both the men together.
'Very well; then you may go. Now, I won't have it!' said Mr Jaggers, waving his hand at them to put them behind him. 'If you say a word to me, I'll throw up the case.'
'We thought, Mr Jaggers -' one of the men began, pulling off his hat.
'That's what I told you not to do,' said Mr Jaggers. 'You thought! I think for you; that's enough for you. If I want you, I know where to find you; I don't want you to find me. Now I won't have it. I won't hear a word.' 
The two men looked at one another as Mr Jaggers waved them behind him, and fell back and were heard no more.
",0.5532,0.8851,0.212,0.019,10.0
B2,C1,1,1.0,0.75,ok,UniversalCEFR/cefr_sp_en,UniversalCEFR/cefr_sp_en,"Most thinking in genetics has focused on vertical transfer , but there is a growing awareness that horizontal gene transfer is a significant phenomenon .","Most thinking in genetics has focused upon vertical transfer , but the importance of horizontal gene transfer among single -cell organisms is beginning to be acknowledged .",0.885,0.885,0.198,0.09,2.0
A1,C1,4,1.6,0.55,low_sim_for_dist,UniversalCEFR/cefr_sp_en,UniversalCEFR/cefr_sp_en,He died on 9 May 2019 at the age of 93 .,He died in 2001 of a pulmonary embolism .,0.5531,0.885,1.375,0.0,1.0
B1,B2,1,1.0,0.75,similar_complexity,UniversalCEFR/cefr_sp_en,UniversalCEFR/cefr_sp_en,One or two players regularly form a side on beach courts divided by a net like beach tennis .,Two players regularly form a side in courts divided by a net like tennis .,0.8847,0.8847,0.103,0.04,4.0
A1,C1,4,1.6,0.55,low_sim_for_dist,UniversalCEFR/cefr_sp_en,UniversalCEFR/cefr_sp_en,He died on 4 August 2018 .,"He died on June 21 , 2014 from acute respiratory failure after being hospitalized with pneumonia , aged 88 .",0.5529,0.8846,2.071,0.0,10.0
B1,B2,1,1.0,0.75,ok,UniversalCEFR/cefr_sp_en,UniversalCEFR/cefr_sp_en,The atoms in metals have a strong attractive force between them .,The electrons and the positive ions in the metal have a strong attractive force between them .,0.8846,0.8846,0.006,0.125,5.0
A1,B2,3,1.4,0.55,low_sim_for_dist,UniversalCEFR/cefr_sp_en,UniversalCEFR/cefr_sp_en,He died on 4 August 2018 .,"He died in England on November 16 , 2018 at the age of 81 , due to complications of hip surgery .",0.6318,0.8845,0.562,0.062,12.0
B1,B2,1,1.0,0.75,ok,UniversalCEFR/cefr_sp_en,UniversalCEFR/cefr_sp_en,The film received positive reviews from critics .,"The movie received mostly positive reviews from critics , and performances from the cast were praised .",0.8844,0.8844,0.19,0.133,8.0
A1,C1,4,1.6,0.55,low_sim_for_dist,UniversalCEFR/cefr_sp_en,UniversalCEFR/cefr_sp_en,"Long died on January 15 , 2017 , at the age of 63 .","Hazzard died in New York City on 12 December 2016 from complications of dementia , aged 85 .",0.5524,0.8839,1.625,0.0,5.0
B1,B2,1,1.0,0.75,ok,UniversalCEFR/cefr_sp_en,UniversalCEFR/cefr_sp_en,The importation of slaves was made illegal in 1792 .,The importation of slaves was made illegal in 1792 and Chinese workers were brought to work in the farms .,0.8839,0.8839,0.194,0.111,10.0
B1,B2,1,1.0,0.75,ok,UniversalCEFR/cefr_sp_en,UniversalCEFR/cefr_sp_en,"s of 2010 the median income for a household was $ 41,290 , and the median income for a family was $ 65,673 .","According to the 2010 census , the median income for a household in the county was $ 36,363 , and the median income for a family was $ 41,381 .",0.8836,0.8836,0.404,0.011,5.0
B1,B2,1,1.0,0.75,ok,UniversalCEFR/cefr_sp_en,UniversalCEFR/cefr_sp_en,The method compares words in a text to a set list of everyday words .,The method compares words in a text to a list of words which are familiar in everyday writing .,0.8835,0.8835,0.365,0.024,4.0
C1,C2,1,1.0,0.75,ok,UniversalCEFR/cefr_sp_en,UniversalCEFR/cefr_sp_en,Correlation diagrams connect the molecular orbitals of the reactant to those of the product having the same symmetry .,"Correlation diagrams , which connect the molecular orbitals of the reactant to those of the product having the same symmetry , can then be constructed for the two processes .",0.8831,0.8831,0.241,0.037,9.0
A2,B1,1,1.0,0.75,ok,UniversalCEFR/cefr_sp_en,UniversalCEFR/cefr_sp_en,There are three differences to the previous report .,It differs in three ways from the previous report .,0.8828,0.8828,0.819,0.0,1.0
B2,C1,1,1.0,0.75,similar_complexity,UniversalCEFR/cefr_sp_en,UniversalCEFR/cefr_sp_en,Canada provided a thermal plasma analyzer .,Canada provided a $ 5 million thermal plasma analyzer .,0.8826,0.8826,0.143,0.0,1.0
B1,B2,1,1.0,0.75,ok,UniversalCEFR/cefr_sp_en,UniversalCEFR/cefr_sp_en,A large temple also had a lot of land and employed thousands of ordinary people to supply its needs .,A large temple also owned sizable tracts of land and employed thousands of laymen to supply its needs .,0.8825,0.8825,0.404,0.05,1.0
B2,C1,1,1.0,0.75,ok,UniversalCEFR/cefr_sp_en,UniversalCEFR/cefr_sp_en,Geographers are historically known as people who make maps .,"Although geographers are historically known as people who make maps , map making is actually the field of study of cartography , a subset of geography .",0.8825,0.8825,0.431,0.083,15.0
B1,B2,1,1.0,0.75,similar_complexity,UniversalCEFR/cefr_sp_en,UniversalCEFR/cefr_sp_en,"Individual animals regularly clean themselves and put their fur , feathers or other skin coverings in good order .","Animals usually clean their fur , feathers or other skin coverings .",0.8824,0.8824,0.029,0.0,7.0
B1,B2,1,1.0,0.75,ok,UniversalCEFR/cefr_sp_en,UniversalCEFR/cefr_sp_en,"While the idea was readily accepted by many in the environmentalist community , it has not been widely accepted by other scientists .","While the hypothesis was readily accepted by many in the environmentalist community , it has not been widely accepted within the scientific community as a whole .",0.8823,0.8823,0.17,0.017,4.0
B2,C1,1,1.0,0.75,ok,UniversalCEFR/cefr_sp_en,UniversalCEFR/cefr_sp_en,Boiling tubes are made from borosilicate glass that can withstand high temperatures .,Boiling tubes are commonly made from Pyrex glass which can tolerate high temperatures .,0.8821,0.8821,0.385,0.0,1.0
B2,C1,1,1.0,0.75,ok,UniversalCEFR/cefr_sp_en,UniversalCEFR/cefr_sp_en,Textiles have been used since the beginning of civilization .,Textiles have been a fundamental part of human life since the beginning of civilization .,0.8821,0.8821,0.381,0.071,5.0
B1,B2,1,1.0,0.75,ok,UniversalCEFR/cefr_sp_en,UniversalCEFR/cefr_sp_en,The design of the trains was finalized in September 2004 .,"The design of the trains was finalized in September 2004 , and manufacture of two pre-production trains began in January 2005 .",0.8819,0.8819,0.222,0.099,10.0
B1,B2,1,1.0,0.75,similar_complexity,UniversalCEFR/cefr_sp_en,UniversalCEFR/cefr_sp_en,Public places such as parks and beaches are very important for many recreational activities .,Public space such as parks and beaches are essential venues for many recreational activities .,0.8819,0.8819,0.071,0.0,0.0
A1,C1,4,1.6,0.55,low_sim_for_dist,UniversalCEFR/cefr_sp_en,UniversalCEFR/cefr_sp_en,He died on 18 October 2017 .,"He died on June 21 , 2014 from acute respiratory failure after being hospitalized with pneumonia , aged 88 .",0.551,0.8816,1.821,0.0,10.0
B2,C1,1,1.0,0.75,ok,UniversalCEFR/cefr_sp_en,UniversalCEFR/cefr_sp_en,Algebraic geometry occupies a central place in modern mathematics .,"Algebraic geometry occupies a central place in modern mathematics and has multiple conceptual connections with such diverse fields as complex analysis , topology and number theory .",0.8814,0.8814,0.213,0.04,16.0
B2,C1,1,1.0,0.75,ok,UniversalCEFR/cefr_sp_en,UniversalCEFR/cefr_sp_en,Its natural habitats are subtropical or tropical forests .,"Its natural habitats are subtropical or tropical moist lowland forest , subtropical or tropical moist montane forest , and heavily degraded former forest .",0.8814,0.8814,0.018,0.286,13.0
B1,B2,1,1.0,0.75,ok,UniversalCEFR/cefr_sp_en,UniversalCEFR/cefr_sp_en,"Eventually , because of Rome , the art of baking became known in Europe .","Eventually , the Roman art of baking became known throughout Europe and eventually spread to eastern parts of Asia .",0.8801,0.8801,0.611,0.028,6.0
B1,B2,1,1.0,0.75,ok,UniversalCEFR/cefr_sp_en,UniversalCEFR/cefr_sp_en,"After a virus has made many copies of itself , it usually has used up the cell 's resources .","After a virus has made many copies of itself , it has usually exhausted the cell of its resources .",0.8795,0.8795,0.389,0.056,0.0
B1,B2,1,1.0,0.75,similar_complexity,UniversalCEFR/cefr_sp_en,UniversalCEFR/cefr_sp_en,Late in life he suffered from depression .,Late in life he suffered from depression and madness .,0.8794,0.8794,0.032,0.0,2.0
B2,C1,1,1.0,0.75,ok,UniversalCEFR/cefr_sp_en,UniversalCEFR/cefr_sp_en,It is made by heating barium oxide .,Barium oxide is made by heating barium carbonate with carbon .,0.8793,0.8793,1.1,0.1,3.0
B2,C1,1,1.0,0.75,ok,UniversalCEFR/cefr_sp_en,UniversalCEFR/cefr_sp_en,"In the United States , about 2 % of people have hepatitis C , with 35,000 to 185,000 new cases a year .","In the United States , about 2 % of people have chronic hepatitis C.",0.8793,0.8793,0.699,0.0,5.0
A1,B1,2,1.2,0.6,ok,UniversalCEFR/cefr_sp_en,UniversalCEFR/cefr_sp_en,The team 's colors are red and white .,The home uniform colors of the club are red and white .,0.7324,0.8788,0.409,0.091,3.0
B1,B2,1,1.0,0.75,ok,UniversalCEFR/cefr_sp_en,UniversalCEFR/cefr_sp_en,"On September 1 , a tropical wave moved off the coast of Africa and moved west .","Early on July 1 , a strong and big tropical wave moved off the coast of Africa .",0.8784,0.8784,0.286,0.071,1.0
B1,B2,1,1.0,0.75,ok,UniversalCEFR/cefr_sp_en,UniversalCEFR/cefr_sp_en,The movement is in sonata form .,This first movement is in sonata-allegro form .,0.8784,0.8784,0.583,0.0,2.0
B2,C1,1,1.0,0.75,ok,UniversalCEFR/cefr_sp_en,UniversalCEFR/cefr_sp_en,"However , it is an extremely persistent organic pollutant ; it does not easily break down .","However , it is an extremely persistent organic pollutant ; it does not degrade easily .",0.8782,0.8782,0.242,0.005,1.0
A1,B2,3,1.4,0.55,"low_sim_for_dist,similar_complexity",UniversalCEFR/cefr_sp_en,UniversalCEFR/cefr_sp_en,He died on 26 September 2017 in Paris at the age of 91 .,He died on 11 May 2018 at the age of 52 from cardiac arrest .,0.6273,0.8782,0.055,0.0,1.0
B2,C1,1,1.0,0.75,ok,UniversalCEFR/cefr_sp_en,UniversalCEFR/cefr_sp_en,The swans are some of the largest flying birds .,"Swans are the largest extant members of the waterfowl family Anatidae , and are among the largest flying birds .",0.8781,0.8781,0.833,0.111,9.0
B2,C1,1,1.0,0.75,ok,UniversalCEFR/cefr_sp_en,UniversalCEFR/cefr_sp_en,"After leaving the brain , the cranial nerves travel inside the skull .","After emerging from the brain , the cranial nerves travel within the skull , and some must leave this bony compartment in order to reach their destinations .",0.8778,0.8778,0.011,0.102,14.0
B1,B2,1,1.0,0.75,ok,UniversalCEFR/cefr_sp_en,UniversalCEFR/cefr_sp_en,"Some women protested , because his designs covered up their legs , which they did not during wartime .","Initially , women protested because his designs covered up their legs , which they had been unused to because of the previous limitations on fabric .",0.8776,0.8776,0.198,0.043,7.0
A1,B2,3,1.4,0.55,low_sim_for_dist,UniversalCEFR/cefr_sp_en,UniversalCEFR/cefr_sp_en,He died on 26 September 2017 in Paris at the age of 91 .,"Rivette died at his home in Paris , France from complications of Alzheimer 's disease on 29 January 2016 at the age of 87 .",0.6269,0.8776,1.0,0.1,10.0
A2,B1,1,1.0,0.75,ok,UniversalCEFR/cefr_sp_en,UniversalCEFR/cefr_sp_en,The movie got very bad reviews from movie critics .,The movie received negative reviews from critics .,0.8773,0.8773,1.444,0.111,2.0
B1,B2,1,1.0,0.75,ok,UniversalCEFR/cefr_sp_en,UniversalCEFR/cefr_sp_en,"The tiger shark is often found close to the coast , mainly in tropical and subtropical waters throughout the world .","The tiger shark is found in many different kinds of marine habitats , but it usually prefers murky waters in coastal areas .",0.8773,0.8773,0.185,0.058,2.0
B2,C1,1,1.0,0.75,ok,UniversalCEFR/cefr_sp_en,UniversalCEFR/cefr_sp_en,"There are not as many symphonies in A major as in D major or G major , but more than other sharp keys .","Although not as rare in the symphonic literature as sharper keys , examples of symphonies in A major are not as numerous as for D major or G major .",0.8773,0.8773,0.633,0.068,6.0
B2,C1,1,1.0,0.75,ok,UniversalCEFR/cefr_sp_en,UniversalCEFR/cefr_sp_en,CIDCO carved out 14 small nodes with a view towards facilitating comprehensive development .,CIDCO carved out 16 nodes small townships with a view towards facilitating comprehensive development .,0.8772,0.8772,0.205,0.0,1.0
B1,B2,1,1.0,0.75,ok,UniversalCEFR/cefr_sp_en,UniversalCEFR/cefr_sp_en,"In 2005 , the municipality had a total population of 15,935 .","As of 2010 , the municipality had a total population of 16,785 , up from 15,935 as of 2005 .",0.877,0.877,0.904,0.231,5.0
B1,B2,1,1.0,0.75,ok,UniversalCEFR/cefr_sp_en,UniversalCEFR/cefr_sp_en,"On Friday , drivers had a 45 - minute free practice session and a 30 - minute qualifying session .","On Friday , drivers have a 30 - minute practice session and a 30 - minute qualifying session .",0.8768,0.8768,0.159,0.016,1.0
A2,B1,1,1.0,0.75,ok,UniversalCEFR/cefr_sp_en,UniversalCEFR/cefr_sp_en,This plant is easy to grow .,This plant is adaptable and easy to grow .,0.8764,0.8764,0.625,0.0,2.0
B2,C1,1,1.0,0.75,ok,UniversalCEFR/cefr_sp_en,UniversalCEFR/cefr_sp_en,Scientists keep doing research on ways to prevent and treat dengue .,"Research efforts to prevent and treat dengue include various means of vector control , vaccine development , and antiviral drugs .",0.8762,0.8762,0.854,0.056,7.0
B1,B2,1,1.0,0.75,ok,UniversalCEFR/cefr_sp_en,UniversalCEFR/cefr_sp_en,"29,000 houses were destroyed and more than 5,000 people were killed .","The earthquake caused more than 5,000 casualties , and destroyed 29,000 houses .",0.8759,0.8759,1.0,0.111,0.0
B1,B2,1,1.0,0.75,ok,UniversalCEFR/cefr_sp_en,UniversalCEFR/cefr_sp_en,"As of 2005 , the municipality had a total population of 2,647 .","As of 2010 , the municipality had a total population of 8,441 , up from 7,233 as of 2005 .",0.8759,0.8759,0.598,0.12,4.0
B1,B2,1,1.0,0.75,ok,UniversalCEFR/cefr_sp_en,UniversalCEFR/cefr_sp_en,Rapid forces were needed to protect important locations from the enemy .,"Rapid forces , whether for an offensive or defensive purpose , were needed to deny vital locations to the enemy .",0.8758,0.8758,0.455,0.056,7.0
B1,B2,1,1.0,0.75,ok,UniversalCEFR/cefr_sp_en,UniversalCEFR/cefr_sp_en,Chinese rock reached a peak of creativity and popularity between 1990 and 1993 .,Chinese rock and roll 's peak popularity was between 1990 and 1993 .,0.8758,0.8758,0.673,0.009,1.0
A2,B1,1,1.0,0.75,ok,UniversalCEFR/cefr_sp_en,UniversalCEFR/cefr_sp_en,"In 2007 , Rose suffered a stroke .","In 2007 , Rose suffered a stroke that left him with speech and movement difficulties .",0.8758,0.8758,0.8,0.0,8.0
B2,C1,1,1.0,0.75,ok,UniversalCEFR/cefr_sp_en,UniversalCEFR/cefr_sp_en,It is a fallacy because the moral character or actions of the opponent are generally irrelevant to the logic of the argument .,It is a fallacy because a person 's actions or character do not affect the logic of the argument .,0.8757,0.8757,0.629,0.077,3.0
B1,B2,1,1.0,0.75,ok,UniversalCEFR/cefr_sp_en,UniversalCEFR/cefr_sp_en,Several factors can end a support order for a child under the age of majority .,Several circumstances exist which allow for the termination of a support order for a child under the age of majority .,0.8756,0.8756,0.65,0.133,5.0
A2,B1,1,1.0,0.75,ok,UniversalCEFR/cefr_sp_en,UniversalCEFR/cefr_sp_en,"The quarter has a population 19,921 and an area of 2.46 km","The quarter has a population 17,226 distributed across an area of 4.6 km2 .",0.875,0.875,1.2,0.0,0.0
B1,B2,1,1.0,0.75,ok,UniversalCEFR/cefr_sp_en,UniversalCEFR/cefr_sp_en,"By the twentieth century , modern bookbinding materials prevented much of the damage done to books by book -boring insects .","By the 20th century , bookbinding materials had developed a high resistance against damage by various types of book -boring insects .",0.8748,0.8748,0.211,0.053,0.0
B2,C1,1,1.0,0.75,ok,UniversalCEFR/cefr_sp_en,UniversalCEFR/cefr_sp_en,Occasionally a nova is bright enough and close enough to be seen by the unaided eye .,"Occasionally , novae are bright enough and close enough to Earth to be conspicuous to the unaided eye .",0.874,0.874,0.632,0.114,1.0
B1,B2,1,1.0,0.75,ok,UniversalCEFR/cefr_sp_en,UniversalCEFR/cefr_sp_en,The initial landings began at 04 : 50 on 19 August .,"The initial landings began at 04 : 50 on 19 August , with attacks on the two artillery batteries on the flanks of the main landing area .",0.8739,0.8739,0.123,0.227,15.0
C1,C2,1,1.0,0.75,ok,UniversalCEFR/cefr_sp_en,UniversalCEFR/cefr_sp_en,Female amphiumas lay their eggs in wet mud .,"Female amphiumas lay their eggs in wet mud , and then remain coiled around them for about five months , until they hatch .",0.8739,0.8739,0.196,0.0,13.0
B1,B2,1,1.0,0.75,ok,UniversalCEFR/cefr_sp_en,UniversalCEFR/cefr_sp_en,"started as a political youth organization in 2000 and became a political party in January 2006 , running in the 2006 elections .","The organization became a political party in January 2006 , running in that year 's elections .",0.8737,0.8737,0.032,0.151,4.0
A2,B1,1,1.0,0.75,ok,UniversalCEFR/cefr_sp_en,UniversalCEFR/cefr_sp_en,Reynolds was a Professor of English for 44 years .,Reynolds was a Professor of English from 1894 to 1938 .,0.8737,0.8737,0.25,0.0,0.0
A2,B1,1,1.0,0.75,ok,UniversalCEFR/readme_en,UniversalCEFR/readme_en,Add about ½ cup of hot pie filling mixture to egg in bowl and stir well.,Pour tempered egg mixture into pan of hot pie filling.,0.8733,0.8733,0.733,0.0,5.0
B2,C1,1,1.0,0.75,ok,UniversalCEFR/cefr_sp_en,UniversalCEFR/cefr_sp_en,"Soaps and detergents help to spread the oils and dirt particles through the water , so they can be washed away .",Often people use soaps and detergents to assist in the emulsification of oils and dirt particles so they can be washed away .,0.8731,0.8731,0.186,0.055,2.0
B1,B2,1,1.0,0.75,ok,UniversalCEFR/cefr_sp_en,UniversalCEFR/cefr_sp_en,The main economic activity is commerce with Haiti .,"The main economic activity of the municipality is agriculture and some livestock , tourism and trade with Haiti .",0.8731,0.8731,0.221,0.118,9.0
A1,A2,1,1.0,0.6,ok,UniversalCEFR/readme_en,UniversalCEFR/readme_en,Set alarm for 7 am tomorrow,set alarm for 8:45am tomorrow,0.873,0.873,0.55,0.0,1.0
C1,C2,1,1.0,0.75,ok,UniversalCEFR/cefr_sp_en,UniversalCEFR/cefr_sp_en,Epidemiological practice and the results of epidemiological analysis make a significant contribution to health management,Epidemiological practice and the results of epidemiological analysis make a significant contribution to emerging population - based health management frameworks .,0.873,0.873,0.235,0.014,4.0
B1,B2,1,1.0,0.75,ok,UniversalCEFR/cefr_sp_en,UniversalCEFR/cefr_sp_en,"In the 1980s and 1990s , historians began debating the appropriate use of the term .","In the 1980s and 1990s , historians have argued over whether this term is appropriate .",0.8727,0.8727,0.25,0.167,0.0
A2,B1,1,1.0,0.75,ok,UniversalCEFR/cefr_sp_en,UniversalCEFR/cefr_sp_en,"He started his acting career in the late 1990s , appearing in a number of off -Broadway stage productions .",He started his acting career in the late 1990s .,0.8727,0.8727,0.581,0.059,9.0
A1,B2,3,1.4,0.55,low_sim_for_dist,UniversalCEFR/readme_en,UniversalCEFR/cefr_sp_en,You could also lie outside on a blanket.,Blankets may be spread on the ground for a picnic or where people want to sit in a grassy or muddy area without soiling their clothing .,0.6233,0.8726,0.192,0.077,18.0
B2,C1,1,1.0,0.75,ok,UniversalCEFR/cefr_sp_en,UniversalCEFR/cefr_sp_en,The walls around the old town are intact as the city grew and became more modern .,"The walls encircling the old town remain intact , even as the city expanded and modernized , unusual for cities in the region .",0.8725,0.8725,0.747,0.018,5.0
A1,B1,2,1.2,0.6,ok,UniversalCEFR/cefr_sp_en,UniversalCEFR/cefr_sp_en,"He died , aged 80 , on 22 July 2014 .","He died in London on 5 December 2013 , aged 75 , from undisclosed causes .",0.7269,0.8722,1.7,0.0,5.0
A2,B1,1,1.0,0.75,ok,UniversalCEFR/cefr_sp_en,UniversalCEFR/cefr_sp_en,"The quarter has a population 19,921 and an area of 2.46 km","The quarter has a population of 17,226 distributed on an area of 4.6 km2 .",0.8721,0.8721,0.573,0.091,1.0
A1,B1,2,1.2,0.6,ok,UniversalCEFR/cefr_sp_en,UniversalCEFR/cefr_sp_en,"She died on 12 February 2019 , at the age of 79 .",She turned 100 in September 2017 and died on 19 January 2018 in Rome .,0.7264,0.8717,0.825,0.1,2.0
B2,C1,1,1.0,0.75,ok,UniversalCEFR/cefr_sp_en,UniversalCEFR/cefr_sp_en,"Hydrogen has three naturally occurring isotopes , denoted 1H , 2H and 3H .",Hydrogen has three isotopes ; the others are called deuterium and tritium .,0.8713,0.8713,0.955,0.0,3.0
B2,C1,1,1.0,0.75,ok,UniversalCEFR/cefr_sp_en,UniversalCEFR/cefr_sp_en,A move in which a wrestler jumps or falls down on an opponent driving their elbow into anywhere on the opponent 's body .,A move similar to a sliding forearm smash in which a wrestler jumps down on an opponent driving their forearm into anywhere on the opponent 's body .,0.871,0.871,0.271,0.055,4.0
B1,B2,1,1.0,0.75,ok,UniversalCEFR/cefr_sp_en,UniversalCEFR/cefr_sp_en,"The blast killed at least 91 people and injured 1,400 others .","The explosion killed 90 people and injured 1,400 others .",0.8709,0.8709,0.937,0.0,2.0
C1,C2,1,1.0,0.75,ok,UniversalCEFR/cefr_sp_en,UniversalCEFR/cefr_sp_en,Chlorophyll molecules are arranged in and around the membranes of chloroplasts .,Chlorophyll molecules are arranged in and around photosystems that are embedded in the thylakoid membranes of chloroplasts .,0.8708,0.8708,0.053,0.118,6.0
B2,C1,1,1.0,0.75,similar_complexity,UniversalCEFR/cefr_sp_en,UniversalCEFR/cefr_sp_en,"The dough is an ordinary bread dough , usually with yeast as a leavening agent but baking powder may also be used .",The dough is just ordinary bread dough with yeast as a leavening agent .,0.8707,0.8707,0.128,0.029,8.0
A1,B2,3,1.4,0.55,low_sim_for_dist,UniversalCEFR/cefr_sp_en,UniversalCEFR/readme_en,He gave her a loving look .,"He looked very attractive when his face was bright, and he dispelled her ridiculous forebodings at once.",0.6217,0.8704,1.725,0.059,11.0
B1,B2,1,1.0,0.75,ok,UniversalCEFR/cefr_sp_en,UniversalCEFR/cefr_sp_en,"The mouse - like hamsters are not real hamsters , although they look like hamsters .","The mouse - like hamsters are not true hamsters , but represent an early split from the rest of the mouse -like rodents .",0.8701,0.8701,0.601,0.007,8.0
C1,C2,1,1.0,0.75,ok,UniversalCEFR/cefr_sp_en,UniversalCEFR/cefr_sp_en,"Although benzodiazepines work very well at treating alcohol withdrawal , they should be carefully used .",Benzodiazepines are the most commonly used medication for the treatment of alcohol withdrawal and are generally safe and effective in suppressing symptoms of alcohol withdrawal .,0.87,0.87,0.134,0.24,11.0
B1,B2,1,1.0,0.75,ok,UniversalCEFR/cefr_sp_en,UniversalCEFR/cefr_sp_en,"As of 2005 , the municipality had a total population of 2647 .","As of 2010 , the municipality had a total population of 8,441 , up from 7,233 as of 2005 .",0.8697,0.8697,0.598,0.12,4.0
B1,B2,1,1.0,0.75,ok,UniversalCEFR/cefr_sp_en,UniversalCEFR/cefr_sp_en,"Another part of the show was the the knight 's tour , a famed chess puzzle .","Another part of the machine 's exhibition was the completion of the knight 's tour , a famed chess puzzle .",0.869,0.869,0.568,0.077,4.0
A1,B2,3,1.4,0.55,low_sim_for_dist,UniversalCEFR/readme_en,UniversalCEFR/readme_en,"And the little prince went away, puzzled.","So the little prince, in spite of all the good will that was inseparable from his love, had soon come to doubt her.",0.6203,0.8685,0.801,0.043,16.0
B2,C1,1,1.0,0.75,ok,UniversalCEFR/readme_en,UniversalCEFR/readme_en,"Harassment includes any verbal, physical, or online conduct and includes, but is not limited to: slurs, epithets, or other threatening, intimidating, hostile, or abusive treatment","Harassment includes any action, language or visual representation, that is sufficiently severe, pervasive, persistent or patently offensive that it has the effect of unreasonably interfering with that person’s work or academic performance, or that creates an intimidating, hostile, or offensive working, educational, or living environment",0.8684,0.8684,0.334,0.076,21.0
A2,B1,1,1.0,0.75,ok,UniversalCEFR/cefr_sp_en,UniversalCEFR/cefr_sp_en,The speech lasted 40 minutes and 14 seconds .,The speech lasted 43 minutes and 2 seconds and contained 4931 words .,0.8683,0.8683,0.111,0.111,3.0
A2,B1,1,1.0,0.75,similar_complexity,UniversalCEFR/cefr_sp_en,UniversalCEFR/cefr_sp_en,"Right now , there are 62 cats for the player to collect .","As of version 1.13.0 , there are 66 cats for the player to collect .",0.8681,0.8681,0.1,0.0,1.0
B1,B2,1,1.0,0.75,ok,UniversalCEFR/cefr_sp_en,UniversalCEFR/cefr_sp_en,"Arns died on January 12 , 2010 as a result of the 2010 Haiti earthquake .",Arns was killed in the 2010 Haiti earthquake while speaking to a church group .,0.8678,0.8678,0.434,0.0,2.0
B1,B2,1,1.0,0.75,ok,UniversalCEFR/cefr_sp_en,UniversalCEFR/cefr_sp_en,"This area has hot , humid summers and cool winters .","The climate in this area is characterized by hot , humid summers and generally mild to cool winters .",0.8675,0.8675,0.32,0.0,8.0
B1,B2,1,1.0,0.75,ok,UniversalCEFR/cefr_sp_en,UniversalCEFR/cefr_sp_en,The main economic activity is commerce with Haiti .,Agriculture and commerce with Haiti represent the main economic activities of this municipality .,0.8673,0.8673,1.135,0.0,5.0
B1,B2,1,1.0,0.75,ok,UniversalCEFR/cefr_sp_en,UniversalCEFR/cefr_sp_en,Adults of both sexes are medium to large birds .,"Adults of both sexes are medium to large chicken - like birds , stocky with round-wings .",0.8672,0.8672,0.378,0.0,6.0
A2,B1,1,1.0,0.75,ok,UniversalCEFR/cefr_sp_en,UniversalCEFR/cefr_sp_en,Casting has begun for a second season .,"In July 2010 , it was announced that casting had begun for a second season .",0.8672,0.8672,0.198,0.0,6.0
B2,C1,1,1.0,0.75,ok,UniversalCEFR/cefr_sp_en,UniversalCEFR/cefr_sp_en,Thermal resistance is the inverse of thermal conductance .,Thermal resistivity is the opposite of thermal conductivity .,0.8671,0.8671,0.375,0.0,0.0
B1,B2,1,1.0,0.75,ok,UniversalCEFR/cefr_sp_en,UniversalCEFR/cefr_sp_en,"In the opening and middlegame , the king will rarely play an active role in the development of an offensive or defensive position .","In the opening and middlegame , the king will mostly not play an active role in the development of an attacking or position .",0.8669,0.8669,0.273,0.0,0.0
B1,B2,1,1.0,0.75,ok,UniversalCEFR/cefr_sp_en,UniversalCEFR/cefr_sp_en,"The planes , with many damaged aircraft , landed on their carriers between 12 : 50 and 14 : 30 .","The strike forces , with many damaged aircraft , reached and landed on their respective carriers between 12 : 50 and 14 : 30 .",0.8668,0.8668,0.312,0.062,4.0
B1,B2,1,1.0,0.75,ok,UniversalCEFR/cefr_sp_en,UniversalCEFR/cefr_sp_en,The golden everlasting is easy to grow .,The golden everlasting has proven very adaptable to cultivation .,0.8666,0.8666,1.54,0.0,2.0
B2,C1,1,1.0,0.75,ok,UniversalCEFR/cefr_sp_en,UniversalCEFR/cefr_sp_en,"This , the child of the contradanza , was also danced in lines or squares .","This genere , the offspring of the contradanza , was also danced in lines or squares .",0.8663,0.8663,0.401,0.005,1.0
A1,B2,3,1.4,0.55,low_sim_for_dist,UniversalCEFR/readme_en,UniversalCEFR/readme_en,What would you like to drink ?,What is your gates alcoholic beverage? Why?,0.6187,0.8662,1.167,0.0,1.0
B1,B2,1,1.0,0.75,ok,UniversalCEFR/cefr_sp_en,UniversalCEFR/cefr_sp_en,"Unlike other races , the trophy is in the form of a grandfather clock , which has been a tradition since 1964 .",The trophy is in the form of a grandfather clocks .,0.866,0.866,0.316,0.005,9.0
B1,B2,1,1.0,0.75,similar_complexity,UniversalCEFR/cefr_sp_en,UniversalCEFR/cefr_sp_en,A tropical wave moved off the coast of Africa on August 9 .,"Early on July 1 , a strong and big tropical wave moved off the coast of Africa .",0.8658,0.8658,0.091,0.0,4.0
A1,B2,3,1.4,0.55,"low_sim_for_dist,similar_complexity",UniversalCEFR/cefr_sp_en,UniversalCEFR/cefr_sp_en,"Moody died in hospital on 11 June 2015 , aged 91 .","Sugar died from cardiac arrest on March 25 , 2012 at age 75 .",0.6183,0.8657,0.079,0.0,2.0
B1,B2,1,1.0,0.75,ok,UniversalCEFR/cefr_sp_en,UniversalCEFR/cefr_sp_en,A tropical wave moved off the western coast of Africa on September 12 .,"Early on July 1 , a strong and big tropical wave moved off the coast of Africa .",0.8655,0.8655,0.583,0.0,3.0
B2,C1,1,1.0,0.75,similar_complexity,UniversalCEFR/cefr_sp_en,UniversalCEFR/cefr_sp_en,"Since the middle of the 20th century , citadels usually protect military center , rather than cities or towns .","Since the mid 20th century , citadels commonly enclose military command and control centers , rather than cities or strategic points of defense on the boundaries of a country .",0.8652,0.8652,0.072,0.014,10.0
B1,B2,1,1.0,0.75,similar_complexity,UniversalCEFR/cefr_sp_en,UniversalCEFR/cefr_sp_en,"In 2005 , the municipality had a total population of 70,160 .","In 2005 , the municipality had a total population of 7,233 .",0.8652,0.8652,0.0,0.0,0.0
A2,B1,1,1.0,0.75,ok,UniversalCEFR/cefr_sp_en,UniversalCEFR/cefr_sp_en,The movie got very bad reviews from movie critics .,The film received mostly negative reviews from critics .,0.8649,0.8649,1.319,0.111,1.0
A2,B1,1,1.0,0.75,ok,UniversalCEFR/cefr_sp_en,UniversalCEFR/cefr_sp_en,There are also 3D jigsaw puzzles .,"There is also the last type of a jigsaw puzzle , it is considered a 3D puzzle but made from a 2D pieces .",0.8646,0.8646,1.2,0.2,15.0
B2,C1,1,1.0,0.75,ok,UniversalCEFR/cefr_sp_en,UniversalCEFR/cefr_sp_en,The apical complex includes vesicles which open at the front of the cell .,"The apical complex includes vesicles called rhoptries and micronemes , which open at the anterior of the cell .",0.8646,0.8646,0.738,0.036,4.0
B1,B2,1,1.0,0.75,ok,UniversalCEFR/cefr_sp_en,UniversalCEFR/cefr_sp_en,Air cooling is making the temperature of an object lower using air .,Air cooling is the process of cooling an object by exposing it to air .,0.8646,0.8646,0.583,0.06,2.0
B2,C1,1,1.0,0.75,ok,UniversalCEFR/cefr_sp_en,UniversalCEFR/cefr_sp_en,"Bearded dragons do not make sounds usually , but when they are scared they might hiss like a cat .","Bearded dragons do not vocalize , except to hiss softly when threatened .",0.8645,0.8645,1.086,0.056,7.0
B2,C1,1,1.0,0.75,ok,UniversalCEFR/cefr_sp_en,UniversalCEFR/cefr_sp_en,There is a supermassive black hole at the center of the galaxy .,Astronomers now have evidence there is a supermassive black hole at the center of the galaxy .,0.8645,0.8645,0.562,0.021,4.0
B1,B2,1,1.0,0.75,ok,UniversalCEFR/cefr_sp_en,UniversalCEFR/cefr_sp_en,A number of tactics are used to win a race .,A number of tactics are employed to reach the objective of a race .,0.8641,0.8641,0.777,0.054,3.0
B1,B2,1,1.0,0.75,ok,UniversalCEFR/cefr_sp_en,UniversalCEFR/cefr_sp_en,"By the morning of Friday , July 21 , the fire had been reported at 74,083 acres at 15 % containment .","On 21 July , the fire was 15 % contained but burned through 74,083 acres .",0.864,0.864,0.2,0.133,5.0
B2,C1,1,1.0,0.75,ok,UniversalCEFR/cefr_sp_en,UniversalCEFR/cefr_sp_en,Oats are also commonly used as feed for horses - as whole or rolled oats or as part of food bits .,Oats are also commonly used as feed for horses when extra carbohydrates and the subsequent boost in energy are required .,0.8638,0.8638,1.25,0.15,0.0
B2,C1,1,1.0,0.75,ok,UniversalCEFR/cefr_sp_en,UniversalCEFR/cefr_sp_en,The diagram illustrates the encryption process .,The diagram illustrates both encryption and decryption .,0.8637,0.8637,0.024,0.167,1.0
B1,B2,1,1.0,0.75,ok,UniversalCEFR/cefr_sp_en,UniversalCEFR/cefr_sp_en,A tropical wave moved off the coast of Africa on August 9 .,"A strong tropical wave moved off the coast of Africa late on August 20 , and almost convective banding and a broad circulation .",0.8637,0.8637,0.719,0.095,10.0
C1,C2,1,1.0,0.75,ok,UniversalCEFR/cefr_sp_en,UniversalCEFR/cefr_sp_en,Making use of dyes he was able to find a structure which he named chromatin .,"With the use of aniline dyes he was able to find a structure which strongly absorbed basophilic dyes , which he named chromatin .",0.8631,0.8631,0.661,0.07,7.0
B1,B2,1,1.0,0.75,ok,UniversalCEFR/cefr_sp_en,UniversalCEFR/cefr_sp_en,Two major special operations were planned for the attack .,Two major special operations were planned for the offensive .,0.8629,0.8629,0.333,0.0,0.0
B2,C1,1,1.0,0.75,similar_complexity,UniversalCEFR/cefr_sp_en,UniversalCEFR/cefr_sp_en,There are different hypotheses about when and where PIE was spoken .,"Scholars have proposed multiple hypotheses about when , where , and by whom PIE was spoken .",0.8629,0.8629,0.123,0.0,3.0
B2,C1,1,1.0,0.75,ok,UniversalCEFR/cefr_sp_en,UniversalCEFR/cefr_sp_en,Extraterrestrial skies seem to vary because of a number of reasons .,Characteristics of extraterrestrial skies appear to vary substantially due to a number of factors .,0.8626,0.8626,0.909,0.052,3.0
B1,B2,1,1.0,0.75,ok,UniversalCEFR/cefr_sp_en,UniversalCEFR/cefr_sp_en,All the islands are low and flat .,"All the islands are low and flat , with ridges that usually rise no more than 15 to .",0.8626,0.8626,0.223,0.0,9.0
B1,B2,1,1.0,0.75,ok,UniversalCEFR/cefr_sp_en,UniversalCEFR/cefr_sp_en,"In the 18th and 19th centuries , French literature and poetry reached its best .",French literature and poetry flourished even more in the 18th and 19th centuries .,0.8625,0.8625,0.364,0.0,0.0
B2,C1,1,1.0,0.75,ok,UniversalCEFR/cefr_sp_en,UniversalCEFR/cefr_sp_en,"When someone dies , they are sent to one of many bars run by bartenders .","Whenever someone dies , they are sent to a one of many mysterious bars run by bartenders serving as arbiters inside a tower in the afterlife .",0.8624,0.8624,0.56,0.04,11.0
B2,C1,1,1.0,0.75,ok,UniversalCEFR/cefr_sp_en,UniversalCEFR/cefr_sp_en,Traditional gene names and abbreviations are often not specific for a single gene .,Especially gene abbreviations / symbols but also full gene names are often not specific for a single gene .,0.8621,0.8621,0.19,0.041,4.0
A1,B1,2,1.2,0.6,similar_complexity,UniversalCEFR/cefr_sp_en,UniversalCEFR/cefr_sp_en,"He died on 6 January 2015 , aged 82 .",He died 23 December 2018 in Mumbai at the age of 86 after a brief illness .,0.7183,0.862,0.046,0.0,8.0
B1,B2,1,1.0,0.75,similar_complexity,UniversalCEFR/cefr_sp_en,UniversalCEFR/cefr_sp_en,"In 2005 , the municipality had a total population of 15,935 .","In 2005 , the municipality had a total population of 7,233 .",0.8619,0.8619,0.0,0.0,0.0
B2,C1,1,1.0,0.75,ok,UniversalCEFR/cefr_sp_en,UniversalCEFR/cefr_sp_en,Inflammation is one of the first responses of the immune system to infection or irritation .,Inflammation is one of the first responses of the immune system to pathogens or foreign substances that get past the anatomical barriers .,0.8619,0.8619,0.161,0.003,7.0
B2,C1,1,1.0,0.75,ok,UniversalCEFR/cefr_sp_en,UniversalCEFR/cefr_sp_en,"A factoring system was made come into existence for para-alpine skiing for three general groups : being seated , standing and not seeing .","A factoring system was created for para-alpine skiing to allow the grouping of classifications into three general groups : sitting , standing and visually impaired .",0.8618,0.8618,0.621,0.045,2.0
A2,B1,1,1.0,0.75,similar_complexity,UniversalCEFR/cefr_sp_en,UniversalCEFR/cefr_sp_en,He died 23 December 2018 at the age of 86 after a brief illness .,He died 23 December 2018 in Mumbai at the age of 86 after a brief illness .,0.8618,0.8618,0.028,0.0,2.0
A1,B1,2,1.2,0.6,ok,UniversalCEFR/cefr_sp_en,UniversalCEFR/cefr_sp_en,He died on 12 May 2019 at the age of 80 .,He died 23 December 2018 in Mumbai at the age of 86 after a brief illness .,0.7178,0.8614,1.221,0.0,5.0
A1,A2,1,1.0,0.6,ok,UniversalCEFR/readme_en,UniversalCEFR/readme_en,Set an alarm for 6am tomorrow,Set an alarm for tomorrow at 2am,0.861,0.861,0.367,0.0,1.0
B1,B2,1,1.0,0.75,ok,UniversalCEFR/cefr_sp_en,UniversalCEFR/cefr_sp_en,"Today , the local economy is mostly shopping and handcraft , with the largest employer being a clothing maker .","Today , the local economy is largely commercial and manufacturing , with the largest employer being a clothing manufacturer .",0.8608,0.8608,0.824,0.0,0.0
B1,B2,1,1.0,0.75,ok,UniversalCEFR/cefr_sp_en,UniversalCEFR/cefr_sp_en,After World War II many of the poorer Germans had to go and live in Germany .,After World War II many of the poorer Germans were displaced to Germany .,0.8607,0.8607,0.788,0.0,3.0
A2,B1,1,1.0,0.75,similar_complexity,UniversalCEFR/cefr_sp_en,UniversalCEFR/cefr_sp_en,"Usually , the female builds the nest , and the male helps her .","In most species , the female does most or all of the nest construction , though the male often helps .",0.8605,0.8605,0.116,0.015,7.0
B1,B2,1,1.0,0.75,ok,UniversalCEFR/cefr_sp_en,UniversalCEFR/cefr_sp_en,Caramel sauce is made from heating water and caster sugar at a low to medium temperature .,Caramel sauce is made by mixing caramelized sugar with cream .,0.8604,0.8604,0.537,0.0,6.0
A1,A2,1,1.0,0.6,ok,UniversalCEFR/readme_en,UniversalCEFR/readme_en,Set alarm for 8 pm tonight,Set an alarm for tomorrow at 2am,0.8596,0.8596,0.167,0.0,1.0
B1,B2,1,1.0,0.75,ok,UniversalCEFR/cefr_sp_en,UniversalCEFR/cefr_sp_en,Cloud forests are in only a few areas above 500 metres .,Cloud forests appear only in few areas above 500 metres but they provide habitat to several endemic flora .,0.8596,0.8596,0.9,0.0,7.0
B1,B2,1,1.0,0.75,ok,UniversalCEFR/cefr_sp_en,UniversalCEFR/cefr_sp_en,Endgames can be studied according to the types of pieces that remain on board .,Endgames can be classified according to the type of pieces remaining on the board .,0.8594,0.8594,0.286,0.071,0.0
B1,B2,1,1.0,0.75,ok,UniversalCEFR/cefr_sp_en,UniversalCEFR/cefr_sp_en,"Mostly songs in this album are smooth , some speed .","Mostly songs in this album are smooth and midpaced , while some are faster .",0.8592,0.8592,0.171,0.077,4.0
B1,B2,1,1.0,0.75,ok,UniversalCEFR/cefr_sp_en,UniversalCEFR/cefr_sp_en,"However , species vary in the details .","However , species vary significantly in the detailed functioning .",0.8589,0.8589,1.875,0.0,2.0
B2,C1,1,1.0,0.75,ok,UniversalCEFR/cefr_sp_en,UniversalCEFR/cefr_sp_en,Most casualties in an explosion are caused by secondary blast injuries .,Secondary injuries are caused by fragmentation and other objects propelled by the explosion .,0.8588,0.8588,0.622,0.077,2.0
A2,B1,1,1.0,0.75,ok,UniversalCEFR/cefr_sp_en,UniversalCEFR/cefr_sp_en,The movie got very bad reviews from movie critics .,The film received negative reviews from critics .,0.8587,0.8587,1.302,0.111,2.0
A1,A2,1,1.0,0.6,ok,UniversalCEFR/readme_en,UniversalCEFR/readme_en,Set an alarm for 10pm tonight,set alarm for 8:45am tomorrow,0.8586,0.8586,0.75,0.0,1.0
B2,C1,1,1.0,0.75,ok,UniversalCEFR/cefr_sp_en,UniversalCEFR/cefr_sp_en,The aim of the list was to protect the belief and morals of the faithful .,"The stated aim of the list was to protect the faith and morals of the faithful by preventing the reading of theologically , culturally , or politically disruptive books .",0.8586,0.8586,1.244,0.044,12.0
C1,C2,1,1.0,0.75,ok,UniversalCEFR/cefr_sp_en,UniversalCEFR/cefr_sp_en,After 1932 he withdrew from tournament play as his noted anthropophobia showed traces of schizophrenia during a mental breakdown .,"After 1932 he withdrew from tournament play , mostly because his symptoms of schizophrenia prevented normal life .",0.8586,0.8586,0.178,0.0,3.0
A1,A2,1,1.0,0.6,ok,UniversalCEFR/readme_en,UniversalCEFR/readme_en,Set an alarm for 10pm tonight,Set an alarm for tomorrow at 2am,0.8585,0.8585,0.167,0.0,1.0
B1,B2,1,1.0,0.75,ok,UniversalCEFR/cefr_sp_en,UniversalCEFR/cefr_sp_en,Later reception of the album has been mostly positive .,Later reception of the album has been more uniformly positive .,0.8581,0.8581,0.2,0.0,1.0
B1,B2,1,1.0,0.75,similar_complexity,UniversalCEFR/cefr_sp_en,UniversalCEFR/cefr_sp_en,"As of 2010 , the municipality had a total population of 8,343 , up from 7,172 as of 2005 .","As of 2010 , the municipality had a total population of 819,543 , up from 758,791 as of 2005 .",0.8581,0.8581,0.0,0.0,0.0
B2,C1,1,1.0,0.75,ok,UniversalCEFR/cefr_sp_en,UniversalCEFR/cefr_sp_en,Investigators concluded that the probable cause of the crash was believed to be an inoperable instrument landing system and ground radar .,Investigators concluded that the probable cause of the crash was believed to be an inoperable and ground .,0.8579,0.8579,0.347,0.011,4.0
B1,B2,1,1.0,0.75,ok,UniversalCEFR/cefr_sp_en,UniversalCEFR/cefr_sp_en,"Upon starting the game for the first time , the player is allowed to create an avatar .","Upon starting the game , the player is invited to construct an avatar .",0.8577,0.8577,0.417,0.042,4.0
A2,B1,1,1.0,0.75,ok,UniversalCEFR/cefr_sp_en,UniversalCEFR/cefr_sp_en,The province is divided into 6 districts and 12 municipalities .,The province has 8 districts and 28 municipalities .,0.8576,0.8576,0.417,0.0,2.0
B2,C1,1,1.0,0.75,ok,UniversalCEFR/cefr_sp_en,UniversalCEFR/cefr_sp_en,Emission nebulae often have dark areas in them which result from clouds of dust which block the light .,Emission nebulae sometimes look like they have dark areas in them .,0.8574,0.8574,0.333,0.056,7.0
B1,B2,1,1.0,0.75,ok,UniversalCEFR/cefr_sp_en,UniversalCEFR/cefr_sp_en,More than 4400 m2 of the museum 's 11200 m2 is dedicated to exhibits .,More than 4400 m2 of the museum 's 11200 m2 is dedicated to exhibits in a series of chronological galleries celebrating the 3.9 - billion - year-history of life on Earth .,0.8572,0.8572,0.66,0.12,15.0
B2,C1,1,1.0,0.75,ok,UniversalCEFR/cefr_sp_en,UniversalCEFR/cefr_sp_en,Chemical literature connect structures or properties of chemicals to academic papers or patents related to them .,Chemical literature databases correlate structures or other chemical information to relevant references such as academic papers or patents .,0.8571,0.8571,0.722,0.014,2.0
A1,B2,3,1.4,0.55,low_sim_for_dist,UniversalCEFR/cefr_sp_en,UniversalCEFR/cefr_sp_en,Delpire died in Paris on 26 September 2017 in Paris at the age of 91 .,"Rivette died at his home in Paris , France from complications of Alzheimer 's disease on 29 January 2016 at the age of 87 .",0.6121,0.857,0.567,0.067,8.0
B1,B2,1,1.0,0.75,ok,UniversalCEFR/cefr_sp_en,UniversalCEFR/cefr_sp_en,"The opera was not a success , and audiences found the story confusing .","The opera did not do well , and audiences thought that the opera did not make any sense .",0.8567,0.8567,0.608,0.152,5.0
B1,B2,1,1.0,0.75,ok,UniversalCEFR/cefr_sp_en,UniversalCEFR/cefr_sp_en,A satellite terminal is a building that is not joined to other airport buildings .,"A satellite terminal is a building detached from other airport buildings , so that aircraft can park around its entire circumference .",0.8565,0.8565,0.764,0.093,6.0
B2,C1,1,1.0,0.75,ok,UniversalCEFR/cefr_sp_en,UniversalCEFR/cefr_sp_en,The cells of the epidermis can vary in the way they are made and how they work .,The cells of the epidermis are structurally and functionally variable .,0.8564,0.8564,2.353,0.076,7.0
A2,B1,1,1.0,0.75,ok,UniversalCEFR/cefr_sp_en,UniversalCEFR/cefr_sp_en,The movie got very bad reviews from movie critics .,It got negative reviews from the critics .,0.8559,0.8559,0.302,0.111,2.0
B1,B2,1,1.0,0.75,ok,UniversalCEFR/cefr_sp_en,UniversalCEFR/cefr_sp_en,The movie received negative reviews from critics .,The movie gained negative reviews from critics and holds a 23 % rating on Rotten Tomatoes .,0.8556,0.8556,0.929,0.0,7.0
B1,B2,1,1.0,0.75,ok,UniversalCEFR/cefr_sp_en,UniversalCEFR/cefr_sp_en,"Some adults travel to other countries to have access to sex with children , which is unavailable in their home country .","Certain people travel to other countries to have sex with children , which is forbidden where they live .",0.8555,0.8555,0.15,0.041,3.0
C1,C2,1,1.0,0.75,ok,UniversalCEFR/cefr_sp_en,UniversalCEFR/cefr_sp_en,Jaspillite is also a sedimentary rock . in certain lead-zinc ore deposits .,"Jaspillite is also formed as exhalative chemical sediments in certain lead-zinc ore deposits , and as a hydrothermal alteration facies around submarine volcanism .",0.8554,0.8554,0.957,0.043,11.0
A1,B2,3,1.4,0.55,low_sim_for_dist,UniversalCEFR/cefr_sp_en,UniversalCEFR/cefr_sp_en,He died on 26 September 2017 in Paris at the age of 91 .,"On January 27 , 1993 , he died of congestive heart failure while he was sleeping in his Paris hotel room .",0.611,0.8554,1.071,0.059,7.0
B2,C1,1,1.0,0.75,ok,UniversalCEFR/cefr_sp_en,UniversalCEFR/cefr_sp_en,"After New Zealand ended its provinces in 1876 , they began using a county system as in other countries .","After New Zealand abolished its provinces in 1876 , a system of counties similar to other countries ' systems was instituted , lasting until 1989 .",0.8551,0.8551,0.853,0.059,3.0
B1,B2,1,1.0,0.75,ok,UniversalCEFR/cefr_sp_en,UniversalCEFR/cefr_sp_en,"By the start of the 20th century , Germany and the United States had begun to challenge Britain 's economic lead .","By the start of the 20th century , the economies of Germany and the United States had begun catching up to Britain , especially in their industrialization .",0.8545,0.8545,0.557,0.061,5.0
B1,B2,1,1.0,0.75,ok,UniversalCEFR/cefr_sp_en,UniversalCEFR/cefr_sp_en,"By 1600 , rockets were being used in some parts of Europe .","By 1600 , rockets were being used in various parts of Europe against cavalry .",0.8543,0.8543,0.733,0.0,2.0
A2,B1,1,1.0,0.75,ok,UniversalCEFR/cefr_sp_en,UniversalCEFR/cefr_sp_en,The island is 34 km long and 15 km wide ; it has an area of 175 km2 .,The island has an area of about 174 km .,0.8541,0.8541,0.375,0.077,5.0
B1,B2,1,1.0,0.75,ok,UniversalCEFR/cefr_sp_en,UniversalCEFR/cefr_sp_en,Multiplayer can be played with up to four players .,"Up to four people can play in multiplayer mode , which has specific rules predetermined by the players .",0.8538,0.8538,0.386,0.0,8.0
A2,B1,1,1.0,0.75,ok,UniversalCEFR/cefr_sp_en,UniversalCEFR/cefr_sp_en,The speech lasted 40 minutes and 14 seconds .,"The speech lasted about 40 minutes and had 4,955 words .",0.8538,0.8538,0.583,0.0,2.0
B1,B2,1,1.0,0.75,ok,UniversalCEFR/cefr_sp_en,UniversalCEFR/cefr_sp_en,The film earned mainly negative reviews from critics .,The movie gained negative reviews from critics and holds a 23 % rating on Rotten Tomatoes .,0.8537,0.8537,0.554,0.0,6.0
B1,B2,1,1.0,0.75,similar_complexity,UniversalCEFR/cefr_sp_en,UniversalCEFR/cefr_sp_en,An elbow drop is where a wrestler jumps or falls down onto their opponent while driving their elbow into anywhere on the opponent 's body .,A forearm drop is where a wrestler jumps down onto an opponent and drives their forearm into anywhere on the opponent 's body .,0.8536,0.8536,0.045,0.01,2.0
B1,B2,1,1.0,0.75,ok,UniversalCEFR/readme_en,UniversalCEFR/readme_en,If all members of a team are 18 and older the variance between the youngest and oldest member of the team should be no more than 20 years,"Similar Age requirments for Competitive Models:   If any member of a team is between the ages of 8 -13, the variance between the youngest and oldest member of the team must  be no more than 3 years",0.8527,0.8527,0.364,0.043,8.0
A1,A2,1,1.0,0.6,very_short_text,UniversalCEFR/readme_en,UniversalCEFR/readme_en,set alarm for 7am,i need to set my alarm for tomorrow at 7 am,0.8523,0.8523,0.467,0.0,7.0
B2,C1,1,1.0,0.75,ok,UniversalCEFR/cefr_sp_en,UniversalCEFR/cefr_sp_en,Political philosophy is a branch of philosophy .,"Political philosophy is a philosophical back - up to political science , which is the social science study of politics .",0.8519,0.8519,0.325,0.024,11.0
B2,C1,1,1.0,0.75,ok,UniversalCEFR/cefr_sp_en,UniversalCEFR/cefr_sp_en,"For example , a sociolinguist might research how a particular variety of language would not be considered correct in a business place .","For example , a sociolinguist might determine through study of social attitudes that a particular vernacular would not be considered appropriate language use in a business or professional setting .",0.8519,0.8519,0.643,0.024,7.0
A1,A2,1,1.0,0.6,ok,UniversalCEFR/readme_en,UniversalCEFR/readme_en,Set an alarm for 6am tomorrow,set alarm for 8:45am tomorrow,0.8516,0.8516,0.55,0.0,1.0
A2,B1,1,1.0,0.75,ok,UniversalCEFR/cefr_sp_en,UniversalCEFR/cefr_sp_en,He is a man whom I trust .,He is a man whom I 've trusted for many years .,0.8514,0.8514,0.519,0.0,4.0
B1,B2,1,1.0,0.75,ok,UniversalCEFR/cefr_sp_en,UniversalCEFR/cefr_sp_en,Points are awarded to drivers and teams based on their finishing order .,Points are awarded to drivers and teams exclusively on where they finish in a race .,0.8511,0.8511,0.383,0.0,3.0
B1,B2,1,1.0,0.75,ok,UniversalCEFR/readme_en,UniversalCEFR/readme_en,"In general, hygiene refers to practices that prevent spread of disease-causing organisms.",Medical hygiene pertains to the hygiene practices related to the administration of medicine and medical care that prevents or minimizes the spread of disease.,0.8511,0.8511,0.186,0.25,11.0
A2,B1,1,1.0,0.75,ok,UniversalCEFR/cefr_sp_en,UniversalCEFR/cefr_sp_en,The movie received mixed reviews .,Critics gave it mixed reviews .,0.8508,0.8508,0.6,0.0,0.0
B1,B2,1,1.0,0.75,ok,UniversalCEFR/cefr_sp_en,UniversalCEFR/cefr_sp_en,A wrestler simply hits the opponent with a chair .,A chair shot is where a wrestler hits their opponent with a chair .,0.8507,0.8507,0.368,0.12,4.0
B1,B2,1,1.0,0.75,ok,UniversalCEFR/cefr_sp_en,UniversalCEFR/cefr_sp_en,The film received generally positive reviews .,"The movie received mostly positive reviews from critics , and performances from the cast were praised .",0.8506,0.8506,0.833,0.133,9.0
B1,B2,1,1.0,0.75,ok,UniversalCEFR/cefr_sp_en,UniversalCEFR/cefr_sp_en,Music and sport are the only fields that largely fall outside the station 's remit .,Music and sport are the only subjects that generally fall outside the station 's coverage .,0.8503,0.8503,0.467,0.0,0.0
B1,B2,1,1.0,0.75,ok,UniversalCEFR/cefr_sp_en,UniversalCEFR/cefr_sp_en,"By the 40s AD , the political situation in Britain was apparently in some chaos .","By the 40s AD , the political situation within Britain was apparently in ferment .",0.8502,0.8502,0.558,0.071,1.0
A1,A2,1,1.0,0.6,ok,UniversalCEFR/readme_en,UniversalCEFR/readme_en,Set an alarm for 6pm today,Set an alarm for tomorrow at 2am,0.8492,0.8492,0.233,0.0,1.0
B1,B2,1,1.0,0.75,ok,UniversalCEFR/cefr_sp_en,UniversalCEFR/cefr_sp_en,"As of 2005 , the municipality had a total population of 7,172 .","As of 2010 , the municipality had a total population of 8,441 , up from 7,233 as of 2005 .",0.8491,0.8491,0.598,0.12,4.0
B1,B2,1,1.0,0.75,similar_complexity,UniversalCEFR/cefr_sp_en,UniversalCEFR/cefr_sp_en,Spanish athletes have won a total of 132 medals .,"Spanish athletes have won a total of 154 medals , with sailing as the top medal - producing sport .",0.8488,0.8488,0.125,0.0,8.0
B2,C1,1,1.0,0.75,ok,UniversalCEFR/cefr_sp_en,UniversalCEFR/cefr_sp_en,"A three - point stance clothesline is where a wrestler lines up in a three - point stance , charges at the opponent and clotheslines them .","In this attack a wrestler uses a three - point stance , then runs and clotheslines the opponent .",0.8482,0.8482,0.011,0.155,7.0
B2,C1,1,1.0,0.75,similar_complexity,UniversalCEFR/cefr_sp_en,UniversalCEFR/cefr_sp_en,"In Ancient Egyptian mythology , the god Chnum was said to have formed the first humans on a potter 's wheel .","In Ancient Egyptian mythology , the deity Khnum was said to have formed the first humans on a potter 's wheel .",0.8473,0.8473,0.1,0.0,0.0
B1,B2,1,1.0,0.75,similar_complexity,UniversalCEFR/cefr_sp_en,UniversalCEFR/cefr_sp_en,"In 2002 , it had a population of 557,000 and a population density of 99 / km2 .","In 2011 , it had a population of 470,766 and a population density of 80 / km2 .",0.8473,0.8473,0.0,0.0,0.0
A2,B1,1,1.0,0.75,ok,UniversalCEFR/cefr_sp_en,UniversalCEFR/cefr_sp_en,He moved to Paris in 1802 where he spent the rest of his life .,"He moved to Paris in 1802 , where he spent the rest of his life , renting an upper floor of a house in a poor part of town .",0.8471,0.8471,0.0,0.115,13.0
B1,B2,1,1.0,0.75,ok,UniversalCEFR/cefr_sp_en,UniversalCEFR/cefr_sp_en,The film received mostly negative reviews from critics .,The movie gained negative reviews from critics and holds a 23 % rating on Rotten Tomatoes .,0.847,0.847,0.804,0.0,6.0
B1,B2,1,1.0,0.75,ok,UniversalCEFR/cefr_sp_en,UniversalCEFR/cefr_sp_en,"The station 's large hall was the same shape as many 19th century concert halls , that is , it is shaped like a horse shoe .","The station 's large hall was chosen because its dimensions are similar to 19th century concert halls , that is , it is shaped in the 'shoebox style ' .",0.8465,0.8465,0.607,0.007,2.0
A1,A2,1,1.0,0.6,ok,UniversalCEFR/readme_en,UniversalCEFR/readme_en,Set alarm for 7 am tomorrow,Set an alarm for tomorrow at 2am,0.846,0.846,0.367,0.0,1.0
A1,B1,2,1.2,0.6,ok,UniversalCEFR/cefr_sp_en,UniversalCEFR/cefr_sp_en,He died on 12 May 2019 at the age of 80 .,"He died of pneumonia and heart failure on 7 January 2018 , aged 61 .",0.7048,0.8458,1.875,0.0,2.0
A1,B2,3,1.4,0.55,low_sim_for_dist,UniversalCEFR/cefr_sp_en,UniversalCEFR/cefr_sp_en,"He died on 3 May 2015 , aged 84 , after a long illness .","Since 17 March 1982 , he has been in a coma following an operation .",0.6042,0.8458,0.626,0.0,2.0
B1,B2,1,1.0,0.75,ok,UniversalCEFR/cefr_sp_en,UniversalCEFR/cefr_sp_en,"The median income for a household in 2000 was $ 16,563 per year .","The median income for a household in the city as of the 2000 census was $ 62,550 , while the median income for a family was $ 67,500 .",0.8458,0.8458,0.091,0.364,12.0
B1,B2,1,1.0,0.75,ok,UniversalCEFR/cefr_sp_en,UniversalCEFR/cefr_sp_en,The project 's source code is freely reusable under the MIT License .,The project 's source code is has a MIT License .,0.8458,0.8458,0.883,0.083,2.0
B2,C1,1,1.0,0.75,ok,UniversalCEFR/cefr_sp_en,UniversalCEFR/cefr_sp_en,Germany is a constitutional federal democracy .,"Germany is a federal , parliamentary , representative democratic republic .",0.8458,0.8458,1.083,0.0,2.0
B1,B2,1,1.0,0.75,ok,UniversalCEFR/cefr_sp_en,UniversalCEFR/cefr_sp_en,Slowpitch pitching distance is 50 feet for both male and female players .,Fastpitch pitching distance can be between 35 and 45 feet ; it all depends on the age of the players .,0.8456,0.8456,0.802,0.059,6.0
A1,A2,1,1.0,0.6,ok,UniversalCEFR/readme_en,UniversalCEFR/readme_en,Set an alarm for 2:30 pm,Set an alarm for tomorrow at 2am,0.845,0.845,0.833,0.0,1.0
B1,B2,1,1.0,0.75,ok,UniversalCEFR/cefr_sp_en,UniversalCEFR/cefr_sp_en,The movie received negative review from critics .,The movie gained negative reviews from critics and holds a 23 % rating on Rotten Tomatoes .,0.8448,0.8448,0.786,0.0,7.0
B1,B2,1,1.0,0.75,ok,UniversalCEFR/cefr_sp_en,UniversalCEFR/cefr_sp_en,The movie received mixed reviews from critics .,The movie gained mixed reviews from critics and holds a 50 % rating on Rotten Tomatoes .,0.8447,0.8447,0.714,0.0,7.0
B1,B2,1,1.0,0.75,ok,UniversalCEFR/cefr_sp_en,UniversalCEFR/cefr_sp_en,"As of 2005 , the municipality had a total population of 70,160 .","In 2005 , the municipality had a total population of 7,233 .",0.8445,0.8445,0.306,0.111,1.0
B1,B2,1,1.0,0.75,ok,UniversalCEFR/cefr_sp_en,UniversalCEFR/cefr_sp_en,"The Internet has made it easier for urban legends to spread , as people often spread them to their friends or family using e-mail .",The Internet has made it easier to both spread and debunk urban legends .,0.8444,0.8444,0.205,0.083,11.0
B2,C1,1,1.0,0.75,ok,UniversalCEFR/cefr_sp_en,UniversalCEFR/cefr_sp_en,"In the United States , the term lien generally refers to a wide range of legal interests .","In the United States , the term lien generally refers to a wide range of encumbrances and would include other forms of mortgage or charge .",0.8443,0.8443,0.229,0.021,8.0
A2,B1,1,1.0,0.75,ok,UniversalCEFR/cefr_sp_en,UniversalCEFR/cefr_sp_en,The movie got very bad reviews from movie critics .,The movie received negative review from critics .,0.8442,0.8442,1.302,0.111,2.0
B1,B2,1,1.0,0.75,ok,UniversalCEFR/cefr_sp_en,UniversalCEFR/cefr_sp_en,Much of the range lies in national parks and other protected areas .,Much of the range lies within a succession of national parks and other reserves .,0.8441,0.8441,0.131,0.071,2.0
A1,A2,1,1.0,0.6,ok,UniversalCEFR/readme_en,UniversalCEFR/readme_en,Cancel my alarm(s) for Saturday,cancel all alarms this week while I'm on vacation,0.844,0.844,0.389,0.0,3.0
B1,B2,1,1.0,0.75,ok,UniversalCEFR/cefr_sp_en,UniversalCEFR/cefr_sp_en,"The National Parks Act of 1980 was written to record what national parks are for , and how they would be chosen and looked after .","The National Parks Act of 1980 was established in order to codify the purpose , governance and selection of national parks .",0.8438,0.8438,0.801,0.08,4.0
A1,B2,3,1.4,0.55,low_sim_for_dist,UniversalCEFR/readme_en,UniversalCEFR/readme_en,"And the little prince went away, puzzled.","The little prince also pulled up, with a certain sense of dejection, the last little shoots of the baobabs.",0.6026,0.8437,0.188,0.211,12.0
B2,C1,1,1.0,0.75,ok,UniversalCEFR/cefr_sp_en,UniversalCEFR/cefr_sp_en,"Zero-fare public transport services are funded in full by means other than collecting a fare from passengers , normally through heavy subsidy or commercial sponsorship by businesses .","Zero-fare services may be funded by national , regional or local government through taxation or by commercial sponsorship by businesses .",0.8435,0.8435,0.033,0.076,7.0
B2,C1,1,1.0,0.75,ok,UniversalCEFR/cefr_sp_en,UniversalCEFR/cefr_sp_en,Alekhine was known for his attacking style : he was good at turning an initiative into a win .,"Alekhine is known for his fierce and imaginative attacking style , combined with great positional and endgame skill .",0.8435,0.8435,1.353,0.0,0.0
A1,B2,3,1.4,0.55,low_sim_for_dist,UniversalCEFR/cefr_sp_en,UniversalCEFR/cefr_sp_en,"He died on 3 May 2015 , aged 84 , after a long illness .","Since 17 March 1982 , he has been in a coma following a knee operation .",0.6024,0.8434,0.528,0.083,3.0
B2,C1,1,1.0,0.75,ok,UniversalCEFR/cefr_sp_en,UniversalCEFR/cefr_sp_en,"It looked like a small , dog-sized saber - toothed cat .","Both species bore a passing or superficial resemblance to a very small , dog-sized saber - toothed cat .",0.8429,0.8429,0.724,0.059,7.0
B2,C1,1,1.0,0.75,ok,UniversalCEFR/cefr_sp_en,UniversalCEFR/cefr_sp_en,Strep throat usually lasts a few days without treatment .,"The symptoms of strep throat usually improve within three to five days , irrespective of treatment .",0.8425,0.8425,0.244,0.067,6.0
A1,B1,2,1.2,0.6,similar_complexity,UniversalCEFR/cefr_sp_en,UniversalCEFR/cefr_sp_en,Foxes often live in forests .,Foxes and human beings lived close together in ancient Japan ; this is why there are legends about them .,0.702,0.8424,0.067,0.0,13.0
A1,B2,3,1.4,0.55,low_sim_for_dist,UniversalCEFR/cefr_sp_en,UniversalCEFR/cefr_sp_en,He died on 26 September 2017 in Paris at the age of 91 .,"He died in England on November 16 , 2018 at the age of 81 , due to complications of hip surgery .",0.6016,0.8423,0.663,0.062,6.0
A1,A2,1,1.0,0.6,similar_complexity,UniversalCEFR/cefr_sp_en,UniversalCEFR/cefr_sp_en,"She died on 12 February 2019 , at the age of 79 .",She died after a long illness on 6 April 2014 at the age of 85 .,0.8423,0.8423,0.042,0.0,4.0
B1,B2,1,1.0,0.75,ok,UniversalCEFR/cefr_sp_en,UniversalCEFR/cefr_sp_en,The basic parts of the LC - 6 were accepted .,"With the basic characteristics of the LC - 6 accepted , a series of modifications followed .",0.8422,0.8422,1.538,0.029,5.0
B1,B2,1,1.0,0.75,ok,UniversalCEFR/elg_cefr_en,UniversalCEFR/elg_cefr_en,"A terrible disease came to this country. The illness was called the Red Death. No one was safe. Soon many people were sick. There was no help - no cure. The Red Death killed half of the people in this land.
Prince Prospero - the ruler of this country - wanted to escape from the terrible disease. He called all his courtiers to his castle on the top of a hill. When all of the most powerful people in the land were inside the castle, the gates and doors were closed. They were fastened and no one could get in or out.
Prince Prospero had plenty of food inside the castle. And there was plenty of wine to drink. He did not think about the rest of the people in his land. Prince Prospero told his courtiers to enjoy themselves.
""Forget about the Red Death,"" he said. ""The disease is outside the castle walls. I don't want to think about the Red Death. I don't want to hear about the Red Death. I don't want to see the Red Death. I want everyone to be happy!""
The prince prepared a masque for his courtiers. There was going to be music for dancing. There was going to be wonderful food to eat. There was going to be good wine to drink. Dancers and singers were going to entertain the guests. Everyone was going to wear masks. Their faces were going to be hidden by the masks.
There were seven special rooms in the castle. Each room was a different color. And each room had a great window in one of its walls. The glass in each of these windows was a different color. At night, a fire burned outside each window. The light of the flames shone through the windows.
","The Red Death had killed thousands of people. No disease had ever been so terrible. There were sharp pains, and sudden fainting, and heavy bleeding through the skin; death came in half an hour. Red marks on the body, and especially on the face, separated the sufferer from all help and sympathy; and as soon as these signs appeared, all hope was lost.
But Prince Prospero was happy and brave and wise. When half his people had died, he called together a thousand of his lords and ladies, all cheerful and in good health, and with these he went to live in his most distant castle. The immense building, and its lands, were surrounded by a strong, high wall. This wall had gates of iron. The lords and their families, having entered, heated and melted the locks of the gates, and made sure that no key would ever open them again. 
The castle, which no one could now enter or leave, was well provided with food, and safe from the danger of disease. The world outside could take care of itself. Inside, it was foolish to worry, or to think. The prince had planned a life of pleasure. There were actors and musicians, there were beautiful things, there was wine. All these and safety were inside. Outside was the Red Death.
The court had been perhaps five or six months at the castle, and the disease had reached its height beyond the walls, when Prince Prospero entertained his thousand friends at an unusually grand masked dance.
",0.8419,0.8419,0.291,0.166,40.0
B1,B2,1,1.0,0.75,ok,UniversalCEFR/cefr_sp_en,UniversalCEFR/cefr_sp_en,The film received negative reviews from critics .,The movie gained negative reviews from critics and holds a 23 % rating on Rotten Tomatoes .,0.8419,0.8419,0.786,0.0,7.0
B1,B2,1,1.0,0.75,ok,UniversalCEFR/cefr_sp_en,UniversalCEFR/cefr_sp_en,A tropical wave moved off the coast of Africa on August 9 .,"On September 1 , a tropical wave moved off the coast of Africa and headed westward .",0.8418,0.8418,0.552,0.0,3.0
B1,B2,1,1.0,0.75,similar_complexity,UniversalCEFR/cefr_sp_en,UniversalCEFR/cefr_sp_en,The western grey kangaroo is one of the largest kangaroos .,The western grey kangaroo is one of the largest macropods in Australia .,0.8415,0.8415,0.117,0.017,2.0
B1,B2,1,1.0,0.75,ok,UniversalCEFR/cefr_sp_en,UniversalCEFR/cefr_sp_en,"As of 2005 , the municipality had a total population of 7,172 .","As of 2010 , the municipality had a total population of 16,785 , up from 15,935 as of 2005 .",0.8411,0.8411,0.598,0.12,4.0
B1,B2,1,1.0,0.75,ok,UniversalCEFR/cefr_sp_en,UniversalCEFR/cefr_sp_en,The movie got mixed reviews by critics .,The movie gained mixed reviews from critics and holds a 50 % rating on Rotten Tomatoes .,0.8406,0.8406,0.286,0.0,7.0
B2,C1,1,1.0,0.75,ok,UniversalCEFR/cefr_sp_en,UniversalCEFR/cefr_sp_en,There are many different treatments for the symptoms of POTS .,The symptoms of POTS can be caused by several distinct pathophysiological mechanisms .,0.8406,0.8406,0.983,0.0,2.0
A1,A2,1,1.0,0.6,ok,UniversalCEFR/cefr_sp_en,UniversalCEFR/cefr_sp_en,He died on 12 May 2019 at the age of 80 .,"He died on 12 July 2019 , four days before his 85th birthday .",0.8405,0.8405,1.486,0.0,1.0
B1,B2,1,1.0,0.75,ok,UniversalCEFR/cefr_sp_en,UniversalCEFR/cefr_sp_en,Solar cells produce direct current electricity from sunlight which can be used to power equipment or to recharge a battery .,Solar cells can be used to power tools or to recharge a storage battery .,0.8403,0.8403,1.007,0.021,6.0
A1,A2,1,1.0,0.6,ok,UniversalCEFR/readme_en,UniversalCEFR/readme_en,Set an alarm for 6pm today,set alarm for 8:45am tomorrow,0.8402,0.8402,1.15,0.0,1.0
A2,B1,1,1.0,0.75,ok,UniversalCEFR/cefr_sp_en,UniversalCEFR/cefr_sp_en,"The book has been published every year since 1868 , except between 1876 and 1885 .","It has been published yearly from 1868 to 1875 , and again every year since 1886 .",0.8401,0.8401,0.485,0.0,1.0
A2,B1,1,1.0,0.75,ok,UniversalCEFR/cefr_sp_en,UniversalCEFR/cefr_sp_en,The movie got very bad reviews from movie critics .,The movie got mixed and positive reviews from critics .,0.8399,0.8399,0.444,0.111,0.0
B1,B2,1,1.0,0.75,ok,UniversalCEFR/cefr_sp_en,UniversalCEFR/cefr_sp_en,The convention is about what a state is and what rights and duties a state has .,"The convention sets out the definition , rights and duties of statehood .",0.8396,0.8396,1.426,0.222,5.0
B2,C1,1,1.0,0.75,ok,UniversalCEFR/cefr_sp_en,UniversalCEFR/cefr_sp_en,"Wrasses can put their jaws forwards , usually with separate jaw teeth that jut outwards .","Wrasses have protractile mouths , usually with separate jaw teeth that jut outwards .",0.8395,0.8395,0.69,0.0,2.0
B2,C1,1,1.0,0.75,ok,UniversalCEFR/cefr_sp_en,UniversalCEFR/cefr_sp_en,"Many objects cannot achieve negative temperatures , because adding energy to them will increase their entropy .",Classical thermodynamic systems cannot achieve negative temperatures : adding heat always increases their entropy .,0.8393,0.8393,1.415,0.0,2.0
B1,B2,1,1.0,0.75,ok,UniversalCEFR/cefr_sp_en,UniversalCEFR/cefr_sp_en,The total number of people with this infection is higher in some countries in Africa and Asia .,Infection rates are higher in some countries in Africa and Asia .,0.8392,0.8392,0.289,0.032,6.0
A1,B1,2,1.2,0.6,ok,UniversalCEFR/cefr_sp_en,UniversalCEFR/cefr_sp_en,Americans love eating beef .,Not all American food consists of meat .,0.6992,0.8391,1.179,0.0,3.0
A1,A2,1,1.0,0.6,ok,UniversalCEFR/readme_en,UniversalCEFR/readme_en,Set the alarm for 8 pm central time.,set alarm for 8:45am tomorrow,0.839,0.839,0.893,0.0,3.0
B1,B2,1,1.0,0.75,ok,UniversalCEFR/cefr_sp_en,UniversalCEFR/cefr_sp_en,Modern video cameras have numerous designs and uses .,"Modern video cameras have numerous designs and uses , not all of which resemble the early television cameras .",0.8389,0.8389,0.206,0.059,9.0
B2,C1,1,1.0,0.75,ok,UniversalCEFR/cefr_sp_en,UniversalCEFR/cefr_sp_en,Para-alpine skiing classification is the classification system for para-alpine skiing designed to ensure fair competition between alpine skiers with different types of disabilities .,Para-alpine skiing classification is the order system for para-alpine skiing .,0.8384,0.8384,0.823,0.05,13.0
B2,C1,1,1.0,0.75,ok,UniversalCEFR/cefr_sp_en,UniversalCEFR/cefr_sp_en,"From the hypostyle hall , one enters the second pillared hall , which has four pillars decorated with beautiful scenes of offerings to the gods .","From the hypostyle hall , one enters the second pillared hall .",0.8383,0.8383,0.087,0.07,13.0
B1,B2,1,1.0,0.75,ok,UniversalCEFR/cefr_sp_en,UniversalCEFR/cefr_sp_en,The winners receive a championship belt instead of a trophy .,The race is unique in that its winner receives a championship belt rather than a trophy .,0.8382,0.8382,0.5,0.037,6.0
B1,B2,1,1.0,0.75,ok,UniversalCEFR/cefr_sp_en,UniversalCEFR/cefr_sp_en,"The buildings are not tall , but the complex covers a large area of land .","Since the buildings are of relatively low height , the complex sprawls out over a large area of land .",0.8377,0.8377,0.429,0.04,4.0
C1,C2,1,1.0,0.75,ok,UniversalCEFR/cefr_sp_en,UniversalCEFR/cefr_sp_en,Research is currently underway using organometallic catalysis .,Organometallic complexes are commonly used in catalysis .,0.8376,0.8376,0.857,0.0,0.0
B1,B2,1,1.0,0.75,ok,UniversalCEFR/cefr_sp_en,UniversalCEFR/cefr_sp_en,"A singer makes a musical statement , and then the musical chorus answers together .","A single leader makes a musical statement , and then the chorus responds together .",0.8372,0.8372,0.0,0.077,0.0
B1,B2,1,1.0,0.75,similar_complexity,UniversalCEFR/cefr_sp_en,UniversalCEFR/cefr_sp_en,Another method of protection is the release of a sour liquid from the skin .,Another method of protection is the release of an acid from the skin .,0.8356,0.8356,0.049,0.011,1.0
B2,C1,1,1.0,0.75,ok,UniversalCEFR/cefr_sp_en,UniversalCEFR/cefr_sp_en,During the day amphiumas hide in plants .,"During the day , amphiumas hide in vegetation , and at night they become active hunters .",0.8354,0.8354,0.286,0.0,7.0
B2,C1,1,1.0,0.75,ok,UniversalCEFR/cefr_sp_en,UniversalCEFR/cefr_sp_en,Their feathers are mainly light brown with black spots on the top and buff with narrow blackish streaks on the underside .,Their plumage is mainly light chestnut brown with blackish spots on the upperside and buff with narrow blackish streaks on the underside ; the remiges are also blackish .,0.8354,0.8354,0.423,0.079,6.0
A1,A2,1,1.0,0.6,ok,UniversalCEFR/readme_en,UniversalCEFR/readme_en,Set alarm for every 5 minutes,set alarm every 15 minutes for one hour,0.8353,0.8353,0.314,0.0,2.0
B2,C1,1,1.0,0.75,ok,UniversalCEFR/cefr_sp_en,UniversalCEFR/cefr_sp_en,Primary injuries are caused by the explosion 's shock waves .,Secondary injuries are caused by fragmentation and other objects propelled by the explosion .,0.8353,0.8353,1.177,0.077,3.0
A1,B2,3,1.4,0.55,low_sim_for_dist,UniversalCEFR/cefr_sp_en,UniversalCEFR/cefr_sp_en,"He died , aged 80 , on 22 July 2014 .","Walker died after falling into a diabetic coma on 20 January 2015 , aged 41 .",0.5965,0.8351,1.527,0.0,6.0
A1,A2,1,1.0,0.6,ok,UniversalCEFR/readme_en,UniversalCEFR/readme_en,set alarm every 5 minutes,set alarm every 15 minutes for one hour,0.835,0.835,0.714,0.0,3.0
B1,B2,1,1.0,0.75,ok,UniversalCEFR/cefr_sp_en,UniversalCEFR/cefr_sp_en,The film was very well received by critics and audiences .,"The movie received mostly positive reviews from critics , and performances from the cast were praised .",0.8348,0.8348,0.967,0.133,5.0
B1,B2,1,1.0,0.75,ok,UniversalCEFR/cefr_sp_en,UniversalCEFR/cefr_sp_en,Teams are given up to four clues .,Teams are given up to four clues and must try to figure out the connection between them within 40 seconds .,0.8347,0.8347,0.707,0.053,12.0
B1,B2,1,1.0,0.75,ok,UniversalCEFR/cefr_sp_en,UniversalCEFR/cefr_sp_en,"The award consists of 100,000 Taka , an 18 carat gold medal weighing 3 tolas .",The award consists of an 18 carat gold medal weighing 3 tolas and a certificate of honor .,0.8344,0.8344,0.036,0.067,4.0
B2,C1,1,1.0,0.75,ok,UniversalCEFR/cefr_sp_en,UniversalCEFR/cefr_sp_en,"No firm dates can be assigned to this Emperor 's life or reign , but he is conventionally considered to have reigned from 406 CE to 410 CE .","No firm dates can be assigned to this Emperor 's life or reign , but he is conventionally considered to have reigned from 507 to 531 .",0.834,0.834,0.184,0.033,2.0
B2,C1,1,1.0,0.75,similar_complexity,UniversalCEFR/cefr_sp_en,UniversalCEFR/cefr_sp_en,The specific energy of a flywheel is determined by,The kinetic energy of a rotating flywheel is,0.834,0.834,0.042,0.0,1.0
B1,B2,1,1.0,0.75,ok,UniversalCEFR/cefr_sp_en,UniversalCEFR/cefr_sp_en,"By 1924 , these local magazines eventually closed down .","However , centralization of collectors ' organisations and periodicals was wanted : By 1924 , these local magazines eventually closed down .",0.834,0.834,1.018,0.0,9.0
B2,C1,1,1.0,0.75,similar_complexity,UniversalCEFR/cefr_sp_en,UniversalCEFR/cefr_sp_en,The line is used to show that the Monarch has granted their Royal Assent to a bill in order to make it become law .,The phrase is used to signify that the monarch has granted his or her royal assent to a bill in order to make it become law .,0.8336,0.8336,0.019,0.01,2.0
A2,B1,1,1.0,0.75,ok,UniversalCEFR/cefr_sp_en,UniversalCEFR/cefr_sp_en,The purpose of the event is to have the hardest shot .,This event shows who has the hardest shot .,0.8335,0.8335,0.432,0.182,3.0
B2,C1,1,1.0,0.75,ok,UniversalCEFR/cefr_sp_en,UniversalCEFR/cefr_sp_en,But in elementary arithmetic this form is used rather often .,This form is infrequent except in elementary arithmetic .,0.833,0.833,1.0,0.0,2.0
A1,A2,1,1.0,0.6,very_short_text,UniversalCEFR/readme_en,UniversalCEFR/readme_en,cancel all alarms,cancel all alarms this week while I'm on vacation,0.8328,0.8328,0.444,0.0,6.0
B2,C1,1,1.0,0.75,ok,UniversalCEFR/cefr_sp_en,UniversalCEFR/cefr_sp_en,The climate of the region is subtropical monsoonal .,The climate of the region is subtropical monsoonal with mean annual rainfall of 1579 mm that occurs from June to September and is highest in August .,0.8326,0.8326,0.655,0.005,17.0
A1,A2,1,1.0,0.6,ok,UniversalCEFR/readme_en,UniversalCEFR/readme_en,set an alarm for 6pm,Set an alarm for tomorrow at 2am,0.8326,0.8326,0.583,0.0,2.0
A1,B2,3,1.4,0.55,"low_sim_for_dist,similar_complexity",UniversalCEFR/cefr_sp_en,UniversalCEFR/cefr_sp_en,"She died on 12 February 2019 , at the age of 79 .",He died on 11 May 2018 at the age of 52 from cardiac arrest .,0.5946,0.8325,0.08,0.0,3.0
B1,B2,1,1.0,0.75,similar_complexity,UniversalCEFR/cefr_sp_en,UniversalCEFR/cefr_sp_en,The movie got mixed and positive reviews from critics .,The movie gained mixed reviews from critics and holds a 50 % rating on Rotten Tomatoes .,0.8323,0.8323,0.143,0.0,5.0
B1,B2,1,1.0,0.75,similar_complexity,UniversalCEFR/cefr_sp_en,UniversalCEFR/cefr_sp_en,"At age ten she was traveling , had boyfriends and wanted to be an actress .","At age ten he was traveling , had boyfriends and wanted to be an actress .",0.8323,0.8323,0.071,0.0,0.0
B2,C1,1,1.0,0.75,ok,UniversalCEFR/cefr_sp_en,UniversalCEFR/cefr_sp_en,Another view is that the name was an insult .,A contrary view is that the name was a veiled insult .,0.8322,0.8322,0.071,0.091,2.0
B2,C1,1,1.0,0.75,ok,UniversalCEFR/cefr_sp_en,UniversalCEFR/cefr_sp_en,"Recently , M82 has undergone at least one tidal encounter with M81 .",M82 has undergone at least one tidal encounter with M81 resulting in a large amount of gas being funneled into the galaxy 's core over the last 200 Myr .,0.8322,0.8322,0.987,0.038,17.0
B1,B2,1,1.0,0.75,ok,UniversalCEFR/cefr_sp_en,UniversalCEFR/cefr_sp_en,"As of 2005 , the municipality had a total population of 2,647 .","As of 2010 , the municipality had a total population of 16,785 , up from 15,935 as of 2005 .",0.8321,0.8321,0.598,0.12,4.0
B1,B2,1,1.0,0.75,ok,UniversalCEFR/readme_en,UniversalCEFR/readme_en,"If additional events within that sport are available at the next level of competition, athletes must receive proper training",Training and competition must be in the same sport the athlete will participate in at the next level of competition,0.8321,0.8321,0.726,0.2,1.0
B1,B2,1,1.0,0.75,ok,UniversalCEFR/cefr_sp_en,UniversalCEFR/cefr_sp_en,Much of the railway track and rolling stock is in need of repair or replacement .,A lot of the railway track and trains have to be repaired or replaced .,0.8321,0.8321,0.333,0.067,1.0
B2,C1,1,1.0,0.75,ok,UniversalCEFR/cefr_sp_en,UniversalCEFR/cefr_sp_en,Wet chemistry commonly uses laboratory glassware such as beakers and graduated cylinders to prevent materials from being contaminated or interfered with by unintended sources .,"Wet chemistry uses laboratory glassware , such as beakers and flasks , without quantitative chemical analysis using instrumentation .",0.8319,0.8319,0.708,0.0,8.0
B1,B2,1,1.0,0.75,ok,UniversalCEFR/cefr_sp_en,UniversalCEFR/cefr_sp_en,"As of 2005 , the municipality had a total population of 2647 .","As of 2010 , the municipality had a total population of 16,785 , up from 15,935 as of 2005 .",0.8317,0.8317,0.598,0.12,4.0
B2,C1,1,1.0,0.75,ok,UniversalCEFR/cefr_sp_en,UniversalCEFR/cefr_sp_en,There are two categories of methods for solving a system of linear equations .,There are several algorithms for solving a system of linear equations .,0.8311,0.8311,0.441,0.077,2.0
B2,C1,1,1.0,0.75,ok,UniversalCEFR/cefr_sp_en,UniversalCEFR/cefr_sp_en,"Prizes are given for a number of reasons : as an honor for special persons , for exemplary behavior and to provide incentives in competitions , etc .","Prizes are also given to publicize noteworthy or exemplary behavior , and to provide incentives for improved outcomes and competitive efforts .",0.8308,0.8308,1.083,0.017,4.0
A1,B1,2,1.2,0.6,ok,UniversalCEFR/cefr_sp_en,UniversalCEFR/cefr_sp_en,Lots of sports have a goalie .,Hockey goalies are sometimes pulled .,0.6923,0.8308,2.367,0.0,1.0
B2,C1,1,1.0,0.75,similar_complexity,UniversalCEFR/cefr_sp_en,UniversalCEFR/cefr_sp_en,Rounding is often done on purpose to obtain a value that is easier to write and handle than the original .,The most basic form of rounding is to replace an arbitrary number by an integer .,0.8306,0.8306,0.083,0.033,5.0
B1,B2,1,1.0,0.75,ok,UniversalCEFR/cefr_sp_en,UniversalCEFR/cefr_sp_en,"As of 2010 , the municipality had a total population of 8,343 , up from 7,172 as of 2005 .","As of 2010 , the municipality had a total population of 11,457 , down from 11,727 as of 2005 .",0.8305,0.8305,0.154,0.0,0.0
A1,B2,3,1.4,0.55,low_sim_for_dist,UniversalCEFR/cefr_sp_en,UniversalCEFR/cefr_sp_en,"He died on 3 May 2015 , aged 84 , after a long illness .","Walker died after falling into a diabetic coma on 20 January 2015 , aged 41 .",0.5931,0.8304,1.172,0.0,2.0
A1,B1,2,1.2,0.6,ok,UniversalCEFR/cefr_sp_en,UniversalCEFR/cefr_sp_en,"He died , aged 80 on 23 July , 2014 .",He died 23 December 2018 in Mumbai at the age of 86 after a brief illness .,0.6915,0.8298,0.646,0.0,8.0
B2,C1,1,1.0,0.75,ok,UniversalCEFR/cefr_sp_en,UniversalCEFR/cefr_sp_en,The type of current used plays an important role in arc welding .,A lot of electricity is used in arc welding .,0.8296,0.8296,0.444,0.0,3.0
B2,C1,1,1.0,0.75,ok,UniversalCEFR/cefr_sp_en,UniversalCEFR/cefr_sp_en,Flame ionization detectors are used most often for organic compounds .,Flame ionization detectors are used very widely in gas chromatography because of a number of advantages .,0.8288,0.8288,0.4,0.062,6.0
B1,B2,1,1.0,0.75,ok,UniversalCEFR/cefr_sp_en,UniversalCEFR/cefr_sp_en,"People started to travel around the world at that time , and cookies made a good travel snack ; a sweeter version of the travel cakes used throughout history .","With global travel becoming widespread at that time , cookies made a natural travel companion , a modernized equivalent of the travel cakes used throughout history .",0.8285,0.8285,0.963,0.023,3.0
B1,B2,1,1.0,0.75,ok,UniversalCEFR/cefr_sp_en,UniversalCEFR/cefr_sp_en,"The telescope is unique because it will use seven mirror sections , each 8.4 m in diameter .","The telescope will use seven of the world 's largest mirrors as primary mirror segments , each 8.417 m in diameter .",0.8285,0.8285,0.088,0.053,4.0
B1,B2,1,1.0,0.75,ok,UniversalCEFR/cefr_sp_en,UniversalCEFR/cefr_sp_en,Different radio stations want their DJs to speak only at certain times .,"Different radio stations want their DJs to speak only at certain times , so cyber jocks have to be made aware of each station 's rules .",0.8284,0.8284,0.637,0.04,13.0
A1,B2,3,1.4,0.55,low_sim_for_dist,UniversalCEFR/cefr_sp_en,UniversalCEFR/cefr_sp_en,Skiing is a winter sport .,Para-alpine skiing classification is designed to give insurance equal competition between alpine skiers with different types of limited physical and seeing powers .,0.5917,0.8284,2.087,0.043,18.0
A2,B1,1,1.0,0.75,ok,UniversalCEFR/cefr_sp_en,UniversalCEFR/cefr_sp_en,"For the second season , the show began to change .","In the second season , the format of the show changed drastically .",0.8282,0.8282,0.596,0.071,2.0
B1,B2,1,1.0,0.75,ok,UniversalCEFR/cefr_sp_en,UniversalCEFR/cefr_sp_en,"The median income for a household was $ 34,669 .","The median income for a household in the city was $ 32,588 , and the median income for a family was $ 36,165 .",0.8282,0.8282,0.484,0.389,11.0
B1,B2,1,1.0,0.75,ok,UniversalCEFR/cefr_sp_en,UniversalCEFR/cefr_sp_en,"The median income for a household was $ 34,669 .","The median income for a household in the city was $ 16,563 , and the median income for a family was $ 33,125 .",0.8281,0.8281,0.484,0.389,11.0
B1,B2,1,1.0,0.75,ok,UniversalCEFR/cefr_sp_en,UniversalCEFR/cefr_sp_en,"In understanding a process , the process is typically mapped out and the process is monitored using control charts .",The data from measurements of variations at points on the process map is monitored using control charts .,0.828,0.828,0.16,0.163,1.0
A1,B2,3,1.4,0.55,low_sim_for_dist,UniversalCEFR/cefr_sp_en,UniversalCEFR/cefr_sp_en,Foxes often live in forests .,Foxes and humans lived close together in ancient Japan ; this companionship gave rise to legends about the creatures .,0.5914,0.828,0.789,0.0,13.0
B2,C1,1,1.0,0.75,ok,UniversalCEFR/cefr_sp_en,UniversalCEFR/cefr_sp_en,Deep seismic events and tsunamis are fairly common .,"Owing to the Kuril-Kamchatka Trench , deep-focus seismic events and tsunamis are fairly common .",0.8277,0.8277,0.175,0.0,7.0
B2,C1,1,1.0,0.75,ok,UniversalCEFR/cefr_sp_en,UniversalCEFR/cefr_sp_en,16 - bit programs run separately within one 32 - bit NTVDM process .,16 - bit applications all run in their own thread within a single preemptively multithreaded 32 - bit NTVDM process .,0.8271,0.8271,0.292,0.049,7.0
B1,B2,1,1.0,0.75,similar_complexity,UniversalCEFR/cefr_sp_en,UniversalCEFR/cefr_sp_en,"These birds feed on insects , including those stirred up by cattle .","Cowbirds eat insects , including the large numbers that may be stirred up by cattle .",0.8271,0.8271,0.052,0.0,3.0
B2,C1,1,1.0,0.75,ok,UniversalCEFR/cefr_sp_en,UniversalCEFR/cefr_sp_en,Elemental bromine is toxic and causes chemical burns on human flesh .,Bromine is toxic and corrosive to skin .,0.8271,0.8271,0.61,0.0,4.0
B2,C1,1,1.0,0.75,ok,UniversalCEFR/readme_en,UniversalCEFR/readme_en,[Sociology is] ... the science whose object is to interpret the meaning of social action and thereby give a causal explanation of the way in which the action proceeds and the effects which it produces.,"The sociology of science involves the study of science as a social activity, especially dealing ""with the social conditions and effects of science, and with the social structures and processes of scientific activity.""",0.8271,0.8271,0.719,0.16,1.0
B1,B2,1,1.0,0.75,ok,UniversalCEFR/cefr_sp_en,UniversalCEFR/cefr_sp_en,The movie got very positive reviews .,"The movie received mostly positive reviews from critics , and performances from the cast were praised .",0.8269,0.8269,0.667,0.133,9.0
A1,B1,2,1.2,0.6,ok,UniversalCEFR/cefr_sp_en,UniversalCEFR/cefr_sp_en,He died on 4 August 2018 .,He died in the early hours of 13 July 2019 after a brief illness .,0.689,0.8268,0.25,0.0,8.0
B1,B2,1,1.0,0.75,ok,UniversalCEFR/cefr_sp_en,UniversalCEFR/cefr_sp_en,Polo is not always played on ponies .,Polo is not played exclusively on horseback .,0.8265,0.8265,1.143,0.0,0.0
B2,C1,1,1.0,0.75,ok,UniversalCEFR/cefr_sp_en,UniversalCEFR/cefr_sp_en,"Historically , a constable could also be someone in charge of the defence of a castle .","Historically , a constable could also refer to a castellan , the officer charged with the defense of a castle .",0.8264,0.8264,0.289,0.033,3.0
B1,B2,1,1.0,0.75,ok,UniversalCEFR/cefr_sp_en,UniversalCEFR/cefr_sp_en,A tropical wave moved off the coast of Africa on August 9 .,"In the second week of September , a strong tropical wave started moving off the coast of Africa .",0.8261,0.8261,0.439,0.118,6.0
A2,B1,1,1.0,0.75,ok,UniversalCEFR/cefr_sp_en,UniversalCEFR/cefr_sp_en,The movie got very bad reviews from movie critics .,The film earned mainly negative reviews from critics .,0.826,0.826,1.069,0.111,1.0
B1,B2,1,1.0,0.75,ok,UniversalCEFR/cefr_sp_en,UniversalCEFR/cefr_sp_en,The theory has been criticized and modified over the course of time .,"The theory has been criticized and modified over the course of time , as one of several competing theories of emotion .",0.8259,0.8259,0.133,0.067,8.0
B1,B2,1,1.0,0.75,ok,UniversalCEFR/cefr_sp_en,UniversalCEFR/cefr_sp_en,"The median income for a household was $ 34,669 .","The median income for a household in the city was $ 45,015 , and the median income for a family was $ 51,162 .",0.8257,0.8257,0.484,0.389,11.0
B1,B2,1,1.0,0.75,ok,UniversalCEFR/cefr_sp_en,UniversalCEFR/cefr_sp_en,It is known for its inviting jungle gym-like characteristics .,"Publicly accessible , it is known for its inviting jungle gym-like characteristics .",0.8256,0.8256,0.65,0.0,2.0
B2,C1,1,1.0,0.75,ok,UniversalCEFR/cefr_sp_en,UniversalCEFR/cefr_sp_en,The thou is used in engineering and manufacturing mostly .,"The thou , or mil , is most commonly used in engineering and manufacturing .",0.8255,0.8255,0.417,0.0,3.0
B1,B2,1,1.0,0.75,similar_complexity,UniversalCEFR/cefr_sp_en,UniversalCEFR/cefr_sp_en,"s of 2010 the median income for a household was $ 41,290 , and the median income for a family was $ 65,673 .","The median income for a household in the city as of the 2000 census was $ 62,550 , while the median income for a family was $ 67,500 .",0.8252,0.8252,0.086,0.011,5.0
B1,B2,1,1.0,0.75,ok,UniversalCEFR/cefr_sp_en,UniversalCEFR/cefr_sp_en,"Currently there are 30 volumes available on the database , including more than 11,000 items and more than 11,000 illustrations and photographs .",Today twelve volumes including more than 4170 items and more than 4000 illustrations and photographs can be retrieved by the user .,0.825,0.825,0.573,0.009,1.0
A2,B1,1,1.0,0.75,ok,UniversalCEFR/cefr_sp_en,UniversalCEFR/cefr_sp_en,Following people were members .,Following people were members of the band .,0.8248,0.8248,1.5,0.0,3.0
B2,C1,1,1.0,0.75,ok,UniversalCEFR/cefr_sp_en,UniversalCEFR/cefr_sp_en,The glaciers crush minerals in the rock as they pass over them .,The scouring action of the glaciers pulverizes minerals in the rock over which the glacier passes .,0.8243,0.8243,0.875,0.104,4.0
B1,B2,1,1.0,0.75,ok,UniversalCEFR/cefr_sp_en,UniversalCEFR/cefr_sp_en,Amateur radio operators talk to each other in many ways .,Amateur radio operators use various modes of transmission to communicate .,0.8242,0.8242,1.7,0.0,0.0
B1,B2,1,1.0,0.75,ok,UniversalCEFR/cefr_sp_en,UniversalCEFR/cefr_sp_en,"s of 2010 the median income for a household was $ 41,290 , and the median income for a family was $ 65,673 .","The median income for a household in the county was $ 46,941 , and the median income for a family was $ 52,281 .",0.8241,0.8241,0.232,0.036,1.0
B1,B2,1,1.0,0.75,ok,UniversalCEFR/cefr_sp_en,UniversalCEFR/cefr_sp_en,"On 10 May 1940 , German troops started to attack the Netherlands .","On 10 May 1940 , German troops started their surprise attack on the Netherlands without a declaration of war .",0.8238,0.8238,0.076,0.062,7.0
A1,B2,3,1.4,0.55,low_sim_for_dist,UniversalCEFR/elg_cefr_en,UniversalCEFR/elg_cefr_en,"Brian and some other people were with Mike. 'There was some glass on the beach - I didn't see it,' Mike said. 'He's going to the doctor,' Brian said to Janelle. Then he looked at Nick.
'You can go - we don't want you here,' he said. Nick started to answer angrily, but Janelle put her hand on his arm. 'I'm sorry about your foot, Mike,' he said. Mike smiled. 'Thanks, Nick. I know that.' After Mike's accident Brian didn't talk to Nick. Nick was right. That evening his father was not happy. You're asking us for money,' he said. 'Only the money for the plane to Australia, Dad. I have eight hundred pounds in the bank, and I can win the prize money from the competition this weekend  that's a thousand pounds - I'll have one thousand, eight hundred .'I don't know about this, Nick,' his father said. 'I'll talk to your mother about it.'  The day of the surfing competition was hot and sunny. In the morning all the surfers tried to catch the good waves. The judges watched from the beach. Nick and Brian surfed well all morning. Nick did not have time to talk to Janelle in the morning but she waited for him before the afternoon competition. 'You're doing well,' she said. There are only four very good surfers in the competition and you're number two, after Brian. Good luck!'In the afternoon the waves were very big but Nick was a strong swimmer. 
","'But at least they must give me back my shoes!' cried Passepartout, in an angry voice.
They gave him his shoes.
'They have cost a lot of money,' he said. 'More than a thousand pounds each! And they do not fit very well, either.'
Passepartout, in a very unhappy state of mind, followed Mr Fogg, who had offered his arm to Aouda. Fix still hoped that the robber (as he thought Mr Fogg to be) would never agree to lose the two thousand pounds, and that he would go to prison for seven days. All the same, he followed him closely.
Mr Fogg took a carriage, and Aouda, Passepartout and he took their places in it. Fix ran behind it until they reached the port, where the carriage stopped. Half a mile out to sea was the steamer Rangoon. It was eleven o'clock, and Mr Fogg was one hour early.
Fix saw him get down from the carriage and, with his companions, take his place in a boat which set off immediately in the direction of the Rangoon. The detective stamped his feet with disappointment.
'He has gone!' he cried. 'And two thousand pounds have gone too! The thief! I will follow him to the end of the world, but at the rate he is spending the money, there will be nothing left of what he has stolen!'
The detective had some reason for thinking this. Mr Fogg had, as a matter of fact, spent more than five thousand pounds since he had left London - and as the money grew less, so also did any reward that the detective could hope for when this affair was over. 
",0.5883,0.8236,0.15,0.056,31.0
B2,C1,1,1.0,0.75,ok,UniversalCEFR/cefr_sp_en,UniversalCEFR/cefr_sp_en,The country 's provinces are divided into 337 municipalities .,The country 's provinces are further divided into 337 municipalities which are administered by an alcalde and municipal council .,0.823,0.823,0.167,0.056,10.0
B1,B2,1,1.0,0.75,ok,UniversalCEFR/cefr_sp_en,UniversalCEFR/cefr_sp_en,There are two kinds of adverbs : first form and second form .,"There are two types of adverbs , primary and secondary .",0.823,0.823,0.616,0.091,2.0
A2,B1,1,1.0,0.75,ok,UniversalCEFR/readme_en,UniversalCEFR/readme_en,Tilt the blade at a 45-degree angle toward the stem and push it into the pumpkin.,Push the knife straight into the pumpkin along the outline of your design.,0.823,0.823,0.817,0.029,3.0
B1,B2,1,1.0,0.75,ok,UniversalCEFR/cefr_sp_en,UniversalCEFR/cefr_sp_en,The following is a list of active codes of official ISO 4217 currency names .,A number of currencies were official ISO 4217 currency codes and currency names until their replacement by the euro or other currencies .,0.823,0.823,0.777,0.018,8.0
B1,B2,1,1.0,0.75,ok,UniversalCEFR/cefr_sp_en,UniversalCEFR/cefr_sp_en,This was the first major history of Japan to be published in the West .,This became the first Japanese - authored historical account of its sort to be published and circulated for scholarly study in the West .,0.8228,0.8228,1.091,0.026,8.0
B1,B2,1,1.0,0.75,ok,UniversalCEFR/cefr_sp_en,UniversalCEFR/cefr_sp_en,"After September 1939 , the Dutch tried to improve the situation , but with little result .","After September 1939 , desperate efforts were made to improve the situation , but with very little result .",0.8225,0.8225,0.313,0.077,2.0
B1,B2,1,1.0,0.75,ok,UniversalCEFR/readme_en,UniversalCEFR/readme_en,"Complements in production are goods that are produced together, such as beef and  leather.",Complements in production are goods that are produced  together in a fixed ratio.,0.8225,0.8225,0.132,0.082,1.0
C1,C2,1,1.0,0.75,ok,UniversalCEFR/cefr_sp_en,UniversalCEFR/cefr_sp_en,"Although most vertical - lift bridges use towers , each with counterweights .","Although most vertical - lift bridges use towers , each equipped with counterweights , some use hydraulic jacks located below the deck .",0.822,0.822,0.411,0.053,9.0
A1,B2,3,1.4,0.55,low_sim_for_dist,UniversalCEFR/cefr_sp_en,UniversalCEFR/cefr_sp_en,"She died on June 9 , 2014 , at the age of 103 .","In 1971 , she suffered a miscarriage in the eighth month of pregnancy and survived clinical death .",0.587,0.8218,2.192,0.067,7.0
A2,B1,1,1.0,0.75,ok,UniversalCEFR/cefr_sp_en,UniversalCEFR/cefr_sp_en,The speech lasted 40 minutes and 14 seconds .,"The speech lasted approximately 40 minutes and consisted of 4,955 words .",0.8217,0.8217,0.667,0.0,3.0
A1,B2,3,1.4,0.55,low_sim_for_dist,UniversalCEFR/cefr_sp_en,UniversalCEFR/readme_en,"Thomas died on April 30 , 2016 , at the age of 91 .","Petitioner Andre Thomas was sentenced to death for the murder of his estranged wife, their son, and her daughter from a previous relationship.",0.5869,0.8216,1.712,0.0,15.0
B1,B2,1,1.0,0.75,similar_complexity,UniversalCEFR/cefr_sp_en,UniversalCEFR/cefr_sp_en,Mortars have existed for hundreds of years .,"Mortars have been used for hundreds of years , originally in siege warfare .",0.8215,0.8215,0.06,0.0,5.0
B1,B2,1,1.0,0.75,ok,UniversalCEFR/cefr_sp_en,UniversalCEFR/cefr_sp_en,"As of 2005 , the municipality had a total population of 70,160 .","As of 2010 , the municipality had a total population of 16,785 , up from 15,935 as of 2005 .",0.8215,0.8215,0.598,0.12,4.0
A1,B1,2,1.2,0.6,ok,UniversalCEFR/cefr_sp_en,UniversalCEFR/cefr_sp_en,"She died on June 9 , 2014 , at the age of 103 .","She died in her sleep on 6 March 2018 , from natural causes at the age of 88 .",0.6846,0.8215,0.768,0.0,6.0
B2,C1,1,1.0,0.75,ok,UniversalCEFR/cefr_sp_en,UniversalCEFR/cefr_sp_en,'t Hooft is most famous for his contributions to the development of gauge theories in particle physics .,"Gerardus't Hooft is well known for his theories about gauge theory , black holes , and quantum gravity .",0.8214,0.8214,0.188,0.0,1.0
A2,B1,1,1.0,0.75,ok,UniversalCEFR/cefr_sp_en,UniversalCEFR/cefr_sp_en,"If it had been yours , you 'd cry .","If it had been yours , you would have been so sad .",0.8214,0.8214,0.489,0.091,3.0
B1,B2,1,1.0,0.75,ok,UniversalCEFR/cefr_sp_en,UniversalCEFR/cefr_sp_en,There are many churches and historical buildings .,The city has numerous historic religious buildings .,0.8212,0.8212,0.286,0.0,0.0
B1,B2,1,1.0,0.75,ok,UniversalCEFR/cefr_sp_en,UniversalCEFR/cefr_sp_en,"During the single player 's campaign , the player controls the following characters .","During the single- player campaign , the player controls six different characters from a first-person perspective .",0.821,0.821,0.188,0.125,4.0
A1,B2,3,1.4,0.55,low_sim_for_dist,UniversalCEFR/cefr_sp_en,UniversalCEFR/cefr_sp_en,No one had money .,No one was successful in effectively using their time .,0.5864,0.8209,1.75,0.0,5.0
A1,A2,1,1.0,0.6,ok,UniversalCEFR/cefr_sp_en,UniversalCEFR/cefr_sp_en,No one had money .,Nobody had enough money .,0.8208,0.8208,1.75,0.0,0.0
B1,B2,1,1.0,0.75,ok,UniversalCEFR/cefr_sp_en,UniversalCEFR/cefr_sp_en,The pitching distance can range between 35 and 43 feet .,Fastpitch pitching distance can be between 35 and 45 feet ; it all depends on the age of the players .,0.8208,0.8208,0.654,0.059,9.0
B2,C1,1,1.0,0.75,ok,UniversalCEFR/cefr_sp_en,UniversalCEFR/cefr_sp_en,"Male argonauts have been observed residing inside salps , although little is known about this relationship .","Male argonauts have been seen living inside salps , which are planktonic tunicates .",0.8206,0.8206,0.25,0.0,3.0
B1,B2,1,1.0,0.75,ok,UniversalCEFR/cefr_sp_en,UniversalCEFR/cefr_sp_en,The health risks associated with nuclear materials have also been of concern .,The health risks associated with nuclear materials have also featured prominently in Australian anti-nuclear campaigns .,0.8205,0.8205,1.021,0.062,4.0
A1,B2,3,1.4,0.55,low_sim_for_dist,UniversalCEFR/elg_cefr_en,UniversalCEFR/elg_cefr_en,"Donna was there with her family, at a table under some trees. Her eyes were on the dancers . . . but she didn't see them; the music was in her ears . . . but she didn't hear it. She didn't want to look or listen or dance; she didn't want to be there. She only wanted to see the lovely, shy boy from the boat, perhaps to dance with him. 
First Mr and Mrs Webb wanted to go to a little place near the beach where they always had good fish. They wanted to have a good time on their first evening in Spain, and later there was the disco in the square at Comillas . . . Mark didn't want to go. 
He didn't want to eat or dance or talk or laugh. He wanted to sit quietly and think about the good-looking girl on the boat. Where was she now? But Dave and Harry and Nick and Sue all wanted him to go . . . Later that evening he walked into the square at Comillas with his friends. 
They found a table at one of the caf,s and they all sat down. Mark looked slowly at the people at the tables near them . . . Donna looked sadly at the people dancing and standing in the square . . . then their eyes met. 
Time stopped. He was here! She was here! He smiled at her with his nice blue eyes. She smiled back at him with her dark brown eyes. Suddenly he wasn't shy.  
","In the lumberyard by the lake, where trees from the woods were turned into boards for construction work, there was an old brick building two floors high, and all around the outside walls were heaped great piles of soft sawdust. There were many of these golden mountains of dust covering that part of the yard right down to the blue lake. That afternoon, bored with having nothing else to do, all the fellows followed Michael up the ladder to the roof of the old building and they sat with their legs hanging over the edge looking out across the lake. Suddenly Michael said, 'I dare you to jump down,' and without thinking about it, he pushed himself off the roof and fell on the sawdust where he lay rolling around and laughing. 'I dare you all!' he shouted. 'You're all cowards,' he said, encouraging them to follow him. Still laughing, he watched them looking down from the roof, white-faced and hesitant, and then one by one they jumped and got up grinning with relief. 
In the hot afternoon sunlight they all lay on the sawdust pile telling jokes till at last one of the fellows said, 'Come on up on the old roof again and jump down.'There wasn't much enthusiasm among them, but they all went up to the roof again and began to jump off in a determimed desperate way till only Michael was left and the others were all down below grinning up at him calling, 'Come on, Mike. What's the matter with you?' Michael wanted to jump down there and be with them, but he remained on the edge of the roof, wetting his lips, with a silly grin on his face, wondering why it had not seemed such a long drop the first time. For a while they thought he was only fooling them, but then they saw him clenching his fists tight. He was trying to count to ten and then jump, and when that failed, he tried to take a long breath and close his eyes. In a while the fellows began to laugh at him; they were tired of waiting and it was getting on to dinnertime. 'Come on, you're a coward, do you think we're going to sit here all night?' they began to shout, and when he did not move they began to get up and walk away, still shouting. 'Who did this in the first place? What's the matter with you all?' he called. 
But for a long time he remained on the edge of the roof, staring unhappily and steadily at the ground. He remained all alone for nearly an hour while the sun, like a great orange ball getting bigger and bigger, rolled slowly over the grey line beyond the lake. His clothes , were wet from nervous sweating. At last he closed his eyes, slipped off the roof, fell heavily on the pile of sawdust and lay there a long time. There were no sounds in the yard, the workmen had gone home. As he lay there he wondered why he had been unable to jump and then he got up slowly and walked home feeling deeply ashamed and wanting to avoid everybody. 
He was so late for dinner that his stepmother said to him coldly, 'You're big enough by this time surely to be able to get home in time for dinner. But if you won't come home, you’d better try staying in tonight.' She was a well-built woman with a fair, soft skin and a little touch of grey in her hair and an eternally patient smile on her face. She was speaking now with a controlled severity, but Michael, with his dark face gloomy and miserable, hardly heard her; he was still seeing the row of grinning faces down below on the sawdust pile and hearing them laugh at him. ",0.586,0.8204,0.267,0.044,404.0
A1,B2,3,1.4,0.55,low_sim_for_dist,UniversalCEFR/elg_cefr_en,UniversalCEFR/elg_cefr_en,"Brian and some other people were with Mike. 'There was some glass on the beach - I didn't see it,' Mike said. 'He's going to the doctor,' Brian said to Janelle. Then he looked at Nick.
'You can go - we don't want you here,' he said. Nick started to answer angrily, but Janelle put her hand on his arm. 'I'm sorry about your foot, Mike,' he said. Mike smiled. 'Thanks, Nick. I know that.' After Mike's accident Brian didn't talk to Nick. Nick was right. That evening his father was not happy. You're asking us for money,' he said. 'Only the money for the plane to Australia, Dad. I have eight hundred pounds in the bank, and I can win the prize money from the competition this weekend  that's a thousand pounds - I'll have one thousand, eight hundred .'I don't know about this, Nick,' his father said. 'I'll talk to your mother about it.'  The day of the surfing competition was hot and sunny. In the morning all the surfers tried to catch the good waves. The judges watched from the beach. Nick and Brian surfed well all morning. Nick did not have time to talk to Janelle in the morning but she waited for him before the afternoon competition. 'You're doing well,' she said. There are only four very good surfers in the competition and you're number two, after Brian. Good luck!'In the afternoon the waves were very big but Nick was a strong swimmer. 
","In the lumberyard by the lake, where trees from the woods were turned into boards for construction work, there was an old brick building two floors high, and all around the outside walls were heaped great piles of soft sawdust. There were many of these golden mountains of dust covering that part of the yard right down to the blue lake. That afternoon, bored with having nothing else to do, all the fellows followed Michael up the ladder to the roof of the old building and they sat with their legs hanging over the edge looking out across the lake. Suddenly Michael said, 'I dare you to jump down,' and without thinking about it, he pushed himself off the roof and fell on the sawdust where he lay rolling around and laughing. 'I dare you all!' he shouted. 'You're all cowards,' he said, encouraging them to follow him. Still laughing, he watched them looking down from the roof, white-faced and hesitant, and then one by one they jumped and got up grinning with relief. 
In the hot afternoon sunlight they all lay on the sawdust pile telling jokes till at last one of the fellows said, 'Come on up on the old roof again and jump down.'There wasn't much enthusiasm among them, but they all went up to the roof again and began to jump off in a determimed desperate way till only Michael was left and the others were all down below grinning up at him calling, 'Come on, Mike. What's the matter with you?' Michael wanted to jump down there and be with them, but he remained on the edge of the roof, wetting his lips, with a silly grin on his face, wondering why it had not seemed such a long drop the first time. For a while they thought he was only fooling them, but then they saw him clenching his fists tight. He was trying to count to ten and then jump, and when that failed, he tried to take a long breath and close his eyes. In a while the fellows began to laugh at him; they were tired of waiting and it was getting on to dinnertime. 'Come on, you're a coward, do you think we're going to sit here all night?' they began to shout, and when he did not move they began to get up and walk away, still shouting. 'Who did this in the first place? What's the matter with you all?' he called. 
But for a long time he remained on the edge of the roof, staring unhappily and steadily at the ground. He remained all alone for nearly an hour while the sun, like a great orange ball getting bigger and bigger, rolled slowly over the grey line beyond the lake. His clothes , were wet from nervous sweating. At last he closed his eyes, slipped off the roof, fell heavily on the pile of sawdust and lay there a long time. There were no sounds in the yard, the workmen had gone home. As he lay there he wondered why he had been unable to jump and then he got up slowly and walked home feeling deeply ashamed and wanting to avoid everybody. 
He was so late for dinner that his stepmother said to him coldly, 'You're big enough by this time surely to be able to get home in time for dinner. But if you won't come home, you’d better try staying in tonight.' She was a well-built woman with a fair, soft skin and a little touch of grey in her hair and an eternally patient smile on her face. She was speaking now with a controlled severity, but Michael, with his dark face gloomy and miserable, hardly heard her; he was still seeing the row of grinning faces down below on the sawdust pile and hearing them laugh at him. ",0.586,0.8204,0.108,0.07,403.0
B1,B2,1,1.0,0.75,similar_complexity,UniversalCEFR/cefr_sp_en,UniversalCEFR/cefr_sp_en,"The median income for a household in the county was $ 36,363 , and the median income for a family was $ 41,381 .","The median income for a household in the city was $ 45,015 , and the median income for a family was $ 51,162 .",0.8203,0.8203,0.111,0.0,0.0
A1,B1,2,1.2,0.6,ok,UniversalCEFR/cefr_sp_en,UniversalCEFR/cefr_sp_en,"He died , aged 80 on 23 July , 2014 .","He died of pneumonia and heart failure on 7 January 2018 , aged 61 .",0.6835,0.8202,1.3,0.0,5.0
A2,B1,1,1.0,0.75,ok,UniversalCEFR/cefr_sp_en,UniversalCEFR/cefr_sp_en,There was a car parked next to the house .,The car sat parked in front of the house .,0.8201,0.8201,0.0,0.111,0.0
A2,B1,1,1.0,0.75,ok,UniversalCEFR/cefr_sp_en,UniversalCEFR/cefr_sp_en,The movie got very bad reviews from movie critics .,The movie got mixed reviews by critics .,0.8199,0.8199,0.016,0.111,2.0
A1,A2,1,1.0,0.6,very_short_text,UniversalCEFR/readme_en,UniversalCEFR/readme_en,Cancel alarms,cancel all alarms this week while I'm on vacation,0.8197,0.8197,1.444,0.0,7.0
A1,B1,2,1.2,0.6,ok,UniversalCEFR/cefr_sp_en,UniversalCEFR/cefr_sp_en,He died on 26 September 2017 in Paris at the age of 91 .,"He died in London on 5 December 2013 , aged 75 , from undisclosed causes .",0.6829,0.8195,1.5,0.0,0.0
A1,A2,1,1.0,0.6,ok,UniversalCEFR/cefr_sp_en,UniversalCEFR/cefr_sp_en,"She died on June 9 , 2014 , at the age of 103 .",She died after a long illness on 6 April 2014 at the age of 85 .,0.8195,0.8195,0.542,0.0,4.0
B1,B2,1,1.0,0.75,ok,UniversalCEFR/cefr_sp_en,UniversalCEFR/cefr_sp_en,"In most species , the female does most or all of the nest construction , though the male often helps .","After mating , the male shows the female all the potential nest sites , and lets the female choose one and build the nest .",0.8195,0.8195,0.025,0.152,4.0
A1,B2,3,1.4,0.55,low_sim_for_dist,UniversalCEFR/cefr_sp_en,UniversalCEFR/cefr_sp_en,"He died , aged 80 on 23 July , 2014 .","Walker died after falling into a diabetic coma on 20 January 2015 , aged 41 .",0.5853,0.8194,1.527,0.0,6.0
A2,B1,1,1.0,0.75,ok,UniversalCEFR/cefr_sp_en,UniversalCEFR/cefr_sp_en,Gold and silver were found in the area in 1867 .,"In 1867 , the town had a boom in population when gold and silver were found in the area .",0.8193,0.8193,0.098,0.065,8.0
B1,B2,1,1.0,0.75,ok,UniversalCEFR/cefr_sp_en,UniversalCEFR/cefr_sp_en,"Cooling is when an object gets cold , or lowers in temperature .",Air cooling is the process of cooling an object by exposing it to air .,0.8191,0.8191,0.545,0.143,3.0
A1,B1,2,1.2,0.6,ok,UniversalCEFR/cefr_sp_en,UniversalCEFR/cefr_sp_en,"He died on 3 May 2015 , aged 84 , after a long illness .","He died in London on 5 December 2013 , aged 75 , from undisclosed causes .",0.6826,0.8191,1.344,0.0,1.0
B2,C1,1,1.0,0.75,ok,UniversalCEFR/cefr_sp_en,UniversalCEFR/cefr_sp_en,Dugongs are more closely related to elephants than to other sea creatures .,"Dugongs and other sirenians are not closely related to other marine mammals , being more related to elephants .",0.819,0.819,0.186,0.093,5.0
B1,B2,1,1.0,0.75,similar_complexity,UniversalCEFR/cefr_sp_en,UniversalCEFR/cefr_sp_en,"The median income for a household in the county was $ 36,363 , and the median income for a family was $ 41,381 .","The median income for a household in the city was $ 32,588 , and the median income for a family was $ 36,165 .",0.819,0.819,0.111,0.0,0.0
B1,B2,1,1.0,0.75,ok,UniversalCEFR/cefr_sp_en,UniversalCEFR/cefr_sp_en,The film received generally favorable reviews .,"The movie received mostly positive reviews from critics , and performances from the cast were praised .",0.8189,0.8189,1.0,0.133,9.0
B1,B2,1,1.0,0.75,ok,UniversalCEFR/cefr_sp_en,UniversalCEFR/cefr_sp_en,"Shooting has inspired competition , and in several countries rifle clubs started to form in the 19th century .","In several countries , rifle clubs have been made since the 19th century .",0.8186,0.8186,0.375,0.062,5.0
B2,C1,1,1.0,0.75,ok,UniversalCEFR/cefr_sp_en,UniversalCEFR/cefr_sp_en,The signs and symptoms of African trypanosomiasis happen in two stages .,Medications can treat African trypanosomiasis .,0.8184,0.8184,2.745,0.0,6.0
B1,B2,1,1.0,0.75,ok,UniversalCEFR/cefr_sp_en,UniversalCEFR/cefr_sp_en,"In the night , many watches and warnings were stopped .","Throughout the night , several watches and warnings were discontinued .",0.8183,0.8183,1.778,0.0,0.0
A1,B1,2,1.2,0.6,similar_complexity,UniversalCEFR/cefr_sp_en,UniversalCEFR/cefr_sp_en,He died on 18 October 2017 .,He died in the early hours of 13 July 2019 after a brief illness .,0.6819,0.8183,0.0,0.0,8.0
B2,C1,1,1.0,0.75,similar_complexity,UniversalCEFR/cefr_sp_en,UniversalCEFR/cefr_sp_en,Some moths are farmed .,"Moths , usually their caterpillars , are a major farm pest in many parts of the world .",0.8182,0.8182,0.033,0.0,11.0
B1,B2,1,1.0,0.75,similar_complexity,UniversalCEFR/cefr_sp_en,UniversalCEFR/cefr_sp_en,"The median income for a household in the county was $ 36,363 , and the median income for a family was $ 41,381 .","The median income for a household in the city was $ 16,563 , and the median income for a family was $ 33,125 .",0.8181,0.8181,0.111,0.0,0.0
C1,C2,1,1.0,0.75,similar_complexity,UniversalCEFR/cefr_sp_en,UniversalCEFR/cefr_sp_en,Cyclothymia is also an old name for bipolar disorder .,Cyclothymia is classified in DSM - 5 as a subtype of bipolar disorder .,0.8181,0.8181,0.111,0.0,2.0
A1,B1,2,1.2,0.6,ok,UniversalCEFR/cefr_sp_en,UniversalCEFR/cefr_sp_en,"He died on 3 May 2015 , aged 84 , after a long illness .",He died 23 December 2018 in Mumbai at the age of 86 after a brief illness .,0.6817,0.818,0.291,0.0,4.0
B1,B2,1,1.0,0.75,ok,UniversalCEFR/cefr_sp_en,UniversalCEFR/cefr_sp_en,"In addition to service , a serf was required to pay certain taxes and fees .",The serfs also had to pay taxes and fees .,0.818,0.818,0.659,0.071,5.0
A1,A2,1,1.0,0.6,ok,UniversalCEFR/readme_en,UniversalCEFR/readme_en,Set an alarm for 2:30 pm,set alarm for 8:45am tomorrow,0.818,0.818,1.75,0.0,1.0
A1,A2,1,1.0,0.6,ok,UniversalCEFR/cefr_sp_en,UniversalCEFR/cefr_sp_en,He died on 12 May 2019 at the age of 80 .,He died 23 December 2018 at the age of 86 after a brief illness .,0.8177,0.8177,1.193,0.0,3.0
A1,A2,1,1.0,0.6,ok,UniversalCEFR/readme_en,UniversalCEFR/readme_en,set an alarm for 6pm,set alarm for 8:45am tomorrow,0.8176,0.8176,1.5,0.0,0.0
B1,B2,1,1.0,0.75,ok,UniversalCEFR/cefr_sp_en,UniversalCEFR/cefr_sp_en,The movie was well - liked by critics and audiences .,"The movie received mostly positive reviews from critics , and performances from the cast were praised .",0.8176,0.8176,1.111,0.133,6.0
B1,B2,1,1.0,0.75,similar_complexity,UniversalCEFR/cefr_sp_en,UniversalCEFR/cefr_sp_en,"s of 2010 the median income for a household was $ 41,290 , and the median income for a family was $ 65,673 .","The median income for a household in the city was $ 32,588 , and the median income for a family was $ 36,165 .",0.8175,0.8175,0.121,0.036,1.0
B2,C1,1,1.0,0.75,ok,UniversalCEFR/readme_en,UniversalCEFR/readme_en,There is no exact analog of the mean value theorem for vector-valued functions.,"A certain type of generalization of the mean value theorem to vector-valued functions is obtained as follows: Let f be a continuously differentiable real-valued function defined on an open interval I, and let x as well as x + h be points of I.",0.8175,0.8175,0.332,0.222,31.0
C1,C2,1,1.0,0.75,ok,UniversalCEFR/cefr_sp_en,UniversalCEFR/cefr_sp_en,Lithium peroxide is made by reacting lithium hydroxide with hydrogen peroxide and removing the water .,It is prepared by the reaction of hydrogen peroxide and lithium hydroxide .,0.8171,0.8171,0.567,0.133,3.0
C1,C2,1,1.0,0.75,ok,UniversalCEFR/cefr_sp_en,UniversalCEFR/cefr_sp_en,"Seaweeds are also harvested or cultivated for the extraction of alginate , agar and carrageenan , gelatinous substances collectively known as hydrocolloids or phycocolloids .","Alginate , agar and carrageenan are gelatinous seaweed products collectively known as hydrocolloids or phycocolloids .",0.8169,0.8169,0.532,0.045,8.0
C1,C2,1,1.0,0.75,ok,UniversalCEFR/cefr_sp_en,UniversalCEFR/cefr_sp_en,"There are three different types of sections , the parabola , the hyperbola and the ellipse .","There are three types of conics : the ellipse , parabola , and hyperbola .",0.8167,0.8167,0.123,0.143,3.0
B1,B2,1,1.0,0.75,similar_complexity,UniversalCEFR/cefr_sp_en,UniversalCEFR/cefr_sp_en,"s of 2010 the median income for a household was $ 41,290 , and the median income for a family was $ 65,673 .","The median income for a household in the city was $ 45,015 , and the median income for a family was $ 51,162 .",0.8166,0.8166,0.121,0.036,1.0
B1,B2,1,1.0,0.75,ok,UniversalCEFR/cefr_sp_en,UniversalCEFR/cefr_sp_en,"In 2001 , the local community published its own findings about the forest 's sustainable management .","When in 2001 , the local community published its own findings about the forest 's sustainable management , it became an example of community involvement in a state - run management plan .",0.8166,0.8166,0.357,0.071,14.0
B1,B2,1,1.0,0.75,ok,UniversalCEFR/cefr_sp_en,UniversalCEFR/cefr_sp_en,"Ten matches happened at the show , including three on the pre-show .","Twelve matches were contested at the event , including three matches contested on the pre-show .",0.8157,0.8157,0.783,0.033,3.0
A1,B1,2,1.2,0.6,ok,UniversalCEFR/readme_en,UniversalCEFR/readme_en,set alarm every 5 minutes,Use the Alarm tab to set one-time or recurring alarms and choose options for how to be notified,0.6796,0.8156,0.947,0.053,15.0
B1,B2,1,1.0,0.75,ok,UniversalCEFR/cefr_sp_en,UniversalCEFR/cefr_sp_en,Note that the description of a device as either input or output depends on how it is viewed .,The designation of a device as either input or output depends on perspective .,0.8156,0.8156,0.812,0.0,5.0
A1,B2,3,1.4,0.55,low_sim_for_dist,UniversalCEFR/cefr_sp_en,UniversalCEFR/cefr_sp_en,Earth is very old .,The average age of the current Earth 's continental crust has been estimated to be about 2.0 billion years .,0.5825,0.8155,1.167,0.056,14.0
A1,B2,3,1.4,0.55,low_sim_for_dist,UniversalCEFR/cefr_sp_en,UniversalCEFR/cefr_sp_en,"Moody died in hospital on 11 June 2015 , aged 91 .","Walker died after falling into a diabetic coma on 20 January 2015 , aged 41 .",0.5825,0.8155,0.584,0.0,4.0
B1,B2,1,1.0,0.75,ok,UniversalCEFR/cefr_sp_en,UniversalCEFR/cefr_sp_en,The movie got mixed and positive reviews from critics .,"The movie received mostly positive reviews from critics , and performances from the cast were praised .",0.8153,0.8153,0.667,0.133,6.0
B1,B2,1,1.0,0.75,ok,UniversalCEFR/cefr_sp_en,UniversalCEFR/cefr_sp_en,A Kiss My Foot match is a type of singles match where the loser has to kiss the winner 's foot .,A match similar to a singles match with the exception that the loser must kiss the winner 's bare foot .,0.8153,0.8153,0.624,0.038,1.0
A1,B2,3,1.4,0.55,"low_sim_for_dist,similar_complexity",UniversalCEFR/cefr_sp_en,UniversalCEFR/cefr_sp_en,She had a beautiful necklace around her neck .,There was a scratch on her favorite bracelet .,0.5823,0.8152,0.0,0.0,0.0
B1,B2,1,1.0,0.75,similar_complexity,UniversalCEFR/cefr_sp_en,UniversalCEFR/cefr_sp_en,"The median income for a household in the county was $ 36,363 , and the median income for a family was $ 41,381 .","The median income for a household in the city as of the 2000 census was $ 62,550 , while the median income for a family was $ 67,500 .",0.8151,0.8151,0.146,0.025,4.0
B1,B2,1,1.0,0.75,ok,UniversalCEFR/cefr_sp_en,UniversalCEFR/cefr_sp_en,7 - Eleven stores in Japan look different from stores in other countries as they offer a wider selection of products and services .,The aesthetics of the store are somewhat different from that of 7 - Eleven stores in other countries as the stores offer a wider selection of products and services .,0.815,0.815,0.074,0.09,6.0
A1,A2,1,1.0,0.6,ok,UniversalCEFR/cefr_sp_en,UniversalCEFR/cefr_sp_en,"She died on 12 February 2019 , at the age of 79 .",She turned 100 in September 2017 and died on 19 January 2018 .,0.8149,0.8149,1.125,0.0,0.0
B1,B2,1,1.0,0.75,ok,UniversalCEFR/cefr_sp_en,UniversalCEFR/cefr_sp_en,"The population was 22,699 at the 2010 census and an estimated 25,976 in 2018 .","The population was 26,190 at the 2010 census and 35,050 following a special census conducted in 2018 .",0.8147,0.8147,0.623,0.054,3.0
B1,B2,1,1.0,0.75,ok,UniversalCEFR/cefr_sp_en,UniversalCEFR/cefr_sp_en,This movie got mostly positive reviews .,"The movie received mostly positive reviews from critics , and performances from the cast were praised .",0.8144,0.8144,0.167,0.133,9.0
A2,B1,1,1.0,0.75,similar_complexity,UniversalCEFR/cefr_sp_en,UniversalCEFR/cefr_sp_en,"In May 2015 , Brazil officially reported its first 16 cases of the illness .","In May 2015 , Brazil officially reported its first 16 cases of Zika fever .",0.8144,0.8144,0.091,0.0,0.0
B2,C1,1,1.0,0.75,ok,UniversalCEFR/cefr_sp_en,UniversalCEFR/cefr_sp_en,All quarks and gluons in QCD interact with each other through the strong force .,"The strong interaction is often thought to be controlled by gluons , which ' glue ' quarks together through the strong force .",0.8143,0.8143,0.62,0.105,5.0
B1,B2,1,1.0,0.75,ok,UniversalCEFR/cefr_sp_en,UniversalCEFR/cefr_sp_en,A tropical wave moved off the western coast of Africa on September 12 .,"A strong tropical wave moved off the coast of Africa late on August 20 , and almost convective banding and a broad circulation .",0.814,0.814,0.226,0.095,9.0
B2,C1,1,1.0,0.75,ok,UniversalCEFR/cefr_sp_en,UniversalCEFR/cefr_sp_en,Synthetic genomics does not use naturally occurring genes .,Synthetic genomics is unlike genetic modification in the sense that it does not use naturally occurring genes in its life forms .,0.8138,0.8138,1.155,0.048,13.0
B1,B2,1,1.0,0.75,ok,UniversalCEFR/cefr_sp_en,UniversalCEFR/cefr_sp_en,The executive in a legal system serves as the center of political authority of the State .,The executive is the governing center of political authority .,0.8136,0.8136,1.215,0.076,7.0
B1,B2,1,1.0,0.75,ok,UniversalCEFR/cefr_sp_en,UniversalCEFR/cefr_sp_en,Most of the area around these mountain villages is covered with trees .,Most of the area of these hilly hamlets and villages is covered with trees .,0.8134,0.8134,0.476,0.071,2.0
C1,C2,1,1.0,0.75,ok,UniversalCEFR/cefr_sp_en,UniversalCEFR/cefr_sp_en,Potassium chloride is found as a mineral .,"Potassium chloride is extracted from minerals sylvite , carnallite , and potash .",0.8132,0.8132,1.743,0.0,3.0
B2,C1,1,1.0,0.75,ok,UniversalCEFR/cefr_sp_en,UniversalCEFR/cefr_sp_en,"For an algebraic proof of this result , start with the equation","To prove this with algebra , start with the equation",0.8129,0.8129,0.03,0.111,2.0
B2,C1,1,1.0,0.75,ok,UniversalCEFR/cefr_sp_en,UniversalCEFR/cefr_sp_en,Iodic acid is used as a strong acid in analytical chemistry .,Iodic acid is used to make other iodates by reacting bases with iodic acid .,0.8129,0.8129,0.097,0.052,3.0
B1,B2,1,1.0,0.75,ok,UniversalCEFR/cefr_sp_en,UniversalCEFR/cefr_sp_en,"In 2005 , the municipality had a total population of 70,160 .","As of 2010 , the municipality had a total population of 16,785 , up from 15,935 as of 2005 .",0.8128,0.8128,0.904,0.231,5.0
C1,C2,1,1.0,0.75,ok,UniversalCEFR/cefr_sp_en,UniversalCEFR/cefr_sp_en,The posterior lobe develops as an extension of the hypothalamus .,The posterior pituitary is actually an extension of the hypothalamus .,0.8126,0.8126,0.5,0.0,0.0
B2,C1,1,1.0,0.75,ok,UniversalCEFR/cefr_sp_en,UniversalCEFR/cefr_sp_en,Differential calculus is the process of finding out the rate of change of a variable compared to another variable .,"Differential calculus is the study of the definition , properties , and applications of the derivative of a function .",0.8125,0.8125,0.647,0.025,2.0
A1,A2,1,1.0,0.6,ok,UniversalCEFR/readme_en,UniversalCEFR/readme_en,Set alarm for 8 pm tonight,i need to set my alarm for tomorrow at 7 am,0.8125,0.8125,0.8,0.0,5.0
A1,B1,2,1.2,0.6,ok,UniversalCEFR/cefr_sp_en,UniversalCEFR/cefr_sp_en,"He died , aged 80 , on 22 July 2014 .","He died of pneumonia and heart failure on 7 January 2018 , aged 61 .",0.677,0.8124,1.3,0.0,5.0
B2,C1,1,1.0,0.75,ok,UniversalCEFR/cefr_sp_en,UniversalCEFR/cefr_sp_en,"There are some common ways used to stretch piercings , of different origins and useful for different people .","There are several common methods used to enlarge piercings , of various origins and appropriate for different circumstances .",0.8124,0.8124,0.941,0.059,0.0
A1,B1,2,1.2,0.6,ok,UniversalCEFR/cefr_sp_en,UniversalCEFR/cefr_sp_en,She had a beautiful necklace around her neck .,The golden necklace was eye-catching .,0.6769,0.8122,0.542,0.0,2.0
B1,B2,1,1.0,0.75,ok,UniversalCEFR/cefr_sp_en,UniversalCEFR/cefr_sp_en,An elbow drop is where a wrestler jumps or falls down onto their opponent while driving their elbow into anywhere on the opponent 's body .,A move in which a wrestler jumps or falls down on an opponent driving their elbow into anywhere on the opponent 's body .,0.8121,0.8121,0.306,0.01,2.0
A1,B2,3,1.4,0.55,"low_sim_for_dist,similar_complexity",UniversalCEFR/cefr_sp_en,UniversalCEFR/cefr_sp_en,"Long died on January 15 , 2017 , at the age of 63 .",He died on 11 May 2018 at the age of 52 from cardiac arrest .,0.58,0.812,0.08,0.0,3.0
B2,C1,1,1.0,0.75,ok,UniversalCEFR/cefr_sp_en,UniversalCEFR/cefr_sp_en,There are a number of proposed quantum gravity theories .,Physicists are working on a number of ways to write down a theory of quantum gravity .,0.8119,0.8119,0.91,0.125,7.0
A2,B1,1,1.0,0.75,ok,UniversalCEFR/cefr_sp_en,UniversalCEFR/cefr_sp_en,"In February 1982 , two television antennas were added to the tower .","In February 1982 , two television antennas were added to the structure , increasing its total height to 1707 ft .",0.8117,0.8117,0.125,0.062,6.0
A2,B1,1,1.0,0.75,ok,UniversalCEFR/cefr_sp_en,UniversalCEFR/cefr_sp_en,"In 2002 , there were nearly 1500 students in the school .","In 2002 , there were nearly 1,500 pupils in the school , of whom fewer than 1,300 were at age 16 or below .",0.8116,0.8116,0.676,0.007,9.0
A1,B2,3,1.4,0.55,low_sim_for_dist,UniversalCEFR/cefr_sp_en,UniversalCEFR/cefr_sp_en,"There are three main types of chocolate : white chocolate , milk chocolate , and dark chocolate .","Hot chocolate can be made with dark , semisweet , or bittersweet chocolate chopped into small pieces and stirred into milk with the addition of sugar .",0.5796,0.8114,0.345,0.089,10.0
A1,B2,3,1.4,0.55,"low_sim_for_dist,similar_complexity",UniversalCEFR/elg_cefr_en,UniversalCEFR/elg_cefr_en,"Brian and some other people were with Mike. 'There was some glass on the beach - I didn't see it,' Mike said. 'He's going to the doctor,' Brian said to Janelle. Then he looked at Nick.
'You can go - we don't want you here,' he said. Nick started to answer angrily, but Janelle put her hand on his arm. 'I'm sorry about your foot, Mike,' he said. Mike smiled. 'Thanks, Nick. I know that.' After Mike's accident Brian didn't talk to Nick. Nick was right. That evening his father was not happy. You're asking us for money,' he said. 'Only the money for the plane to Australia, Dad. I have eight hundred pounds in the bank, and I can win the prize money from the competition this weekend  that's a thousand pounds - I'll have one thousand, eight hundred .'I don't know about this, Nick,' his father said. 'I'll talk to your mother about it.'  The day of the surfing competition was hot and sunny. In the morning all the surfers tried to catch the good waves. The judges watched from the beach. Nick and Brian surfed well all morning. Nick did not have time to talk to Janelle in the morning but she waited for him before the afternoon competition. 'You're doing well,' she said. There are only four very good surfers in the competition and you're number two, after Brian. Good luck!'In the afternoon the waves were very big but Nick was a strong swimmer. 
","No Title 

On the very last day of a bad year, I was leaning against a pillar in the Baltimore railway station, waiting to catch the 10.10 to Philadelphia. There were a lot more people waiting than I had expected. That airy, light, clean, polished feeling I generally got in the station had been lost. Elderly couples with matching luggage stuffed the benches, and swarms of college kids littered the floor with their bags.
A grey-haired man was walking around speaking to different strangers one by one. Well-off, you could tell: tanned skin, nice sweater, soft, beige car-coat. He went up to a woman sitting alone and asked her a question. Then he came over to a girl standing near me. She had long blond hair, and I had been thinking I wouldn't mind talking to her myself. The man said, 'Would you by any chance be travelling to Philadelphia?'
'Well, northbound, yes,' she said. 'But to Philadelphia?'
'No, New York, but I'll be ...'
'Thanks, anyway,' he said, and he moved toward the next bench.
Now he had my full attention. 'Ma'am,' I heard him ask an old lady, 'are you travelling to
Philadelphia?' When the woman told him, 'Wilmington,' he didn't say a thing, just marched on down the row to one of the matched-luggage couples. I straightened up from my pillar and drifted closer, looking toward the platform as if I had my mind on the train.
Well, I was going to Philadelphia. He could have asked me. I understood why he didn't, of course.
No doubt, I struck him as unreliable. He just glanced quickly at me and then swerved off toward the bench at the other end of the waiting area. By now he was looking seriously stressed. 'Please!' he said to a woman reading a book. 'Tell me you're going to Philadelphia!'
She lowered her book. She was thirtyish, maybe thirty-five - older than I was, anyhow. A school- teacher sort. 'Philadelphia?' she said. 'Why, yes, I am.'
'Then could I ask you a favour?'
I stopped several feet away and frowned down at my left wrist. (Never mind that I don't own a watch.) Even without looking, I could sense how she went on guard. The man must have sensed it too, because he said, 'Nothing too difficult, I promise!'
They were announcing my train now. People started moving toward Gate E, the older couples hauling their wheeled bags behind them like big pets on leashes. Next I heard the man talking. 'My daughter's flying out this afternoon for a study year abroad, leaving from Philadelphia. So I put her on a train this morning, stopping for groceries afterward, and came home to find my wife in a state. She hardly said ""hello"" to me. You see my daughter'd forgotten her passport. She'd telephoned home from the station in Philadelphia; didn't know what to do next.'
The woman clucked sympathetically. I'd have kept quiet myself. Waited to find out where he was heading with this.
'So I told her to stay put. Stay right there in the station, I said, and I would get somebody here to carry up her passport.'
A likely story! Why didn't he go himself, if this was such an emergency?
'Why don't you go yourself?' the woman asked him.
'I can't leave my wife alone for that long. She's in a wheelchair.'
This seemed like a pretty poor excuse, if you want my honest opinion. Also, it exceeded the amount of bad luck that one family could expect. I let my eyes wander toward the two of them. The man was holding a packet, not a plain envelope, which would have been the logical choice, but one of those padded envelopes the size of a paperback book. Aha! Padded! So you couldn't feel the contents! And from where I stood, it looked to be stapled shut besides. Watch yourself, lady, I said silently.",0.5796,0.8114,0.051,0.011,411.0
B1,B2,1,1.0,0.75,ok,UniversalCEFR/cefr_sp_en,UniversalCEFR/cefr_sp_en,"In 2005 , the municipality had a total population of 70,160 .","As of 2005 , the municipality had a total population of 758,791 , with 748,551 in the municipal seat .",0.8113,0.8113,0.321,0.143,6.0
B1,B2,1,1.0,0.75,similar_complexity,UniversalCEFR/cefr_sp_en,UniversalCEFR/cefr_sp_en,"s of 2010 the median income for a household was $ 41,290 , and the median income for a family was $ 65,673 .","The median income for a household in the city was $ 16,563 , and the median income for a family was $ 33,125 .",0.811,0.811,0.121,0.036,1.0
B2,C1,1,1.0,0.75,ok,UniversalCEFR/cefr_sp_en,UniversalCEFR/cefr_sp_en,"Superscalar CPU design emphasizes improving the instruction dispatcher accuracy , and allowing it to keep the multiple execution units in use at all times .","It is common for modern CPUs to have multiple parallel execution units , which is referred to as superscalar design .",0.8106,0.8106,0.652,0.062,4.0
B2,C1,1,1.0,0.75,ok,UniversalCEFR/cefr_sp_en,UniversalCEFR/cefr_sp_en,Those who saw the apparition stood in the rain for up to two hours .,Those who witnessed the apparition stood in the pouring rain for up to two hours reciting the Rosary .,0.8099,0.8099,0.825,0.04,4.0
B2,C1,1,1.0,0.75,ok,UniversalCEFR/cefr_sp_en,UniversalCEFR/cefr_sp_en,"In rocks of the Mesozoic era , gastropods are slightly more common as fossils ; their shells are often well preserved .","Rocks of the Cenozoic era yield very large numbers of gastropod fossils , many of these fossils being closely related to modern living forms .",0.8098,0.8098,0.043,0.078,4.0
A1,B2,3,1.4,0.55,low_sim_for_dist,UniversalCEFR/cefr_sp_en,UniversalCEFR/cefr_sp_en,Skiing is a winter sport .,"The first necessary things used in the sport includes outrigger skis , sit-skis , and mono-skis .",0.5784,0.8098,0.75,0.188,11.0
B1,B2,1,1.0,0.75,ok,UniversalCEFR/cefr_sp_en,UniversalCEFR/cefr_sp_en,"Before the beginnig of the 1700s , there might not have been a permanent population there .","Prior to the beginning of the 1700s , there might not have been a permanent population there but the area was used by nomads .",0.8098,0.8098,0.539,0.006,8.0
A2,B1,1,1.0,0.75,ok,UniversalCEFR/cefr_sp_en,UniversalCEFR/cefr_sp_en,Her eyes were closed .,Her eyes were wide open .,0.8097,0.8097,0.45,0.0,1.0
B1,B2,1,1.0,0.75,ok,UniversalCEFR/cefr_sp_en,UniversalCEFR/cefr_sp_en,"An aftershock is an earthquake that occurs after a previous earthquake , the mainshock .","A foreshock is an earthquake that occurs before a larger earthquake , called the mainshock .",0.8095,0.8095,0.181,0.011,1.0
A1,A2,1,1.0,0.6,similar_complexity,UniversalCEFR/readme_en,UniversalCEFR/readme_en,Set alarm for 8 pm tonight,What time is my alarm set for tomorrow?,0.8094,0.8094,0.125,0.0,3.0
B2,C1,1,1.0,0.75,ok,UniversalCEFR/cefr_sp_en,UniversalCEFR/cefr_sp_en,The victorious rebels formed a government that abolished the military .,"The victorious rebels formed a government junta that abolished the military altogether , and oversaw the drafting of a new constitution by a democratically elected assembly .",0.809,0.809,0.16,0.06,15.0
A2,B1,1,1.0,0.75,ok,UniversalCEFR/readme_en,UniversalCEFR/readme_en,There are still a lot of people hurting that are very concerned.,But I still understand why they’re hurting right now and so many people are concerned.,0.8089,0.8089,0.042,0.083,4.0
B1,B2,1,1.0,0.75,ok,UniversalCEFR/cefr_sp_en,UniversalCEFR/cefr_sp_en,The film received extremely negative reviews from critics .,The movie gained negative reviews from critics and holds a 23 % rating on Rotten Tomatoes .,0.8089,0.8089,1.179,0.0,6.0
B2,C1,1,1.0,0.75,similar_complexity,UniversalCEFR/cefr_sp_en,UniversalCEFR/cefr_sp_en,The same definition is sometimes used for functions that take real or integer values .,"The same terminology is sometimes used for functions that yield real , or other signed values .",0.8088,0.8088,0.062,0.0,1.0
B1,B2,1,1.0,0.75,ok,UniversalCEFR/cefr_sp_en,UniversalCEFR/cefr_sp_en,Blackmail is against the law .,Blackmail is an indictable -only offence .,0.8087,0.8087,0.867,0.0,1.0
A1,B2,3,1.4,0.55,low_sim_for_dist,UniversalCEFR/cefr_sp_en,UniversalCEFR/cefr_sp_en,He died on 12 May 2019 at the age of 80 .,"Rivette died at his home in Paris , France from complications of Alzheimer 's disease on 29 January 2016 at the age of 87 .",0.5775,0.8086,1.775,0.1,12.0
B1,B2,1,1.0,0.75,similar_complexity,UniversalCEFR/cefr_sp_en,UniversalCEFR/cefr_sp_en,"As of 2005 , the municipality had a total population of 2,647 .","As of 2005 , the municipality had a total population of 758,791 , with 748,551 in the municipal seat .",0.8079,0.8079,0.016,0.032,5.0
B2,C1,1,1.0,0.75,ok,UniversalCEFR/cefr_sp_en,UniversalCEFR/cefr_sp_en,The orbits of centaurs change from time to time because of interactions with the giant planets .,The orbits of centaurs are unstable due to perturbations by the giant planets .,0.8079,0.8079,0.062,0.111,3.0
A1,B2,3,1.4,0.55,low_sim_for_dist,UniversalCEFR/readme_en,UniversalCEFR/readme_en,Let’s vote for Karen Bass for mayor.,"Karen Bass has a long history of always being on the side of the people, fighting for the people, fighting for the people whose voices aren’t in the room but must be present.",0.5771,0.8079,0.559,0.14,26.0
A2,B1,1,1.0,0.75,ok,UniversalCEFR/cefr_sp_en,UniversalCEFR/cefr_sp_en,Germans started arriving in 1828 .,"German people started arriving in 1828 , after Brazilian independence .",0.8078,0.8078,0.875,0.0,4.0
B2,C1,1,1.0,0.75,ok,UniversalCEFR/cefr_sp_en,UniversalCEFR/cefr_sp_en,The assessment of job satisfaction through employee anonymous surveys became commonplace in the 1930s .,Assessments of job satisfaction became commonplace in the 1930s .,0.8068,0.8068,0.135,0.077,5.0
A1,B2,3,1.4,0.55,low_sim_for_dist,UniversalCEFR/cefr_sp_en,UniversalCEFR/cefr_sp_en,"She died on June 9 , 2014 , at the age of 103 .",She suffered a miscarriage and survived clinical death .,0.5757,0.806,3.0,0.0,0.0
B1,B2,1,1.0,0.75,ok,UniversalCEFR/cefr_sp_en,UniversalCEFR/cefr_sp_en,Endgames can be studied according to the types of pieces that remain on board .,Chess players classify endgames according to the type of pieces that remain .,0.8059,0.8059,0.762,0.0,2.0
B2,C1,1,1.0,0.75,ok,UniversalCEFR/readme_en,UniversalCEFR/readme_en,"There are two kinds of obstacles to self-knowledge, and both can be read in Freud’s famous metaphor of the navel of the dream.","The dream navel is the obstacle to groping curiosity, but an almost unavoidable reversal makes the model for a barrier to self-knowledge serve, as well and in parallel, as a model for the nature of the investigation, defining the very pursuit of self-knowledge.",0.8059,0.8059,0.711,0.169,20.0
B1,B2,1,1.0,0.75,similar_complexity,UniversalCEFR/cefr_sp_en,UniversalCEFR/cefr_sp_en,"The median income for a household in the city was $ 39,375 , and the median income for a family was $ 48,250 .","The median income for a household in the county was $ 46,941 , and the median income for a family was $ 52,281 .",0.8058,0.8058,0.111,0.0,0.0
B1,B2,1,1.0,0.75,ok,UniversalCEFR/cefr_sp_en,UniversalCEFR/cefr_sp_en,Pure aluminum is quite soft and lacking in strength .,"Pure aluminum is very soft , so a harder metal is almost always added .",0.8057,0.8057,0.547,0.077,4.0
B1,B2,1,1.0,0.75,ok,UniversalCEFR/cefr_sp_en,UniversalCEFR/cefr_sp_en,The movie received mainly mixed reviews .,The movie gained mixed reviews from critics and holds a 50 % rating on Rotten Tomatoes .,0.8057,0.8057,0.81,0.0,8.0
A1,B2,3,1.4,0.55,low_sim_for_dist,UniversalCEFR/cefr_sp_en,UniversalCEFR/cefr_sp_en,"He died on 6 January 2015 , aged 82 .","Walker died after falling into a diabetic coma on 20 January 2015 , aged 41 .",0.5755,0.8057,0.927,0.0,6.0
B1,B2,1,1.0,0.75,ok,UniversalCEFR/cefr_sp_en,UniversalCEFR/cefr_sp_en,"As part of the changes , the transport to Ravenscraig will get better .","As part of the regeneration , the transport links to Ravenscraig will be greatly improved .",0.8055,0.8055,0.619,0.012,2.0
A2,B1,1,1.0,0.75,ok,UniversalCEFR/cefr_sp_en,UniversalCEFR/cefr_sp_en,The movie got very bad reviews from movie critics .,The film received positive reviews from critics .,0.805,0.805,1.302,0.111,2.0
A1,B1,2,1.2,0.6,ok,UniversalCEFR/readme_en,UniversalCEFR/cefr_sp_en,You could also lie outside on a blanket.,Blankets may also be used on the ground for a picnic or other places where people want to sit without their clothing getting dirty or wet .,0.6705,0.8046,0.308,0.038,18.0
A1,B1,2,1.2,0.6,ok,UniversalCEFR/cefr_sp_en,UniversalCEFR/cefr_sp_en,My aunt and my mother are good friends .,I am close friends with my sister- in- law .,0.6704,0.8045,0.319,0.125,1.0
C1,C2,1,1.0,0.75,ok,UniversalCEFR/cefr_sp_en,UniversalCEFR/cefr_sp_en,"The cynodont therapsids flourished with the dinosaurs , but they were only shrew-sized .","Descendants of the therapsids , the cynodonts were still flourishing along with the dinosaurs .",0.8045,0.8045,0.538,0.077,0.0
B1,B2,1,1.0,0.75,ok,UniversalCEFR/cefr_sp_en,UniversalCEFR/cefr_sp_en,Producing milk has been part of farming for a long time .,Dairy farming has been part of agriculture for thousands of years .,0.8044,0.8044,0.909,0.091,0.0
A1,B1,2,1.2,0.6,ok,UniversalCEFR/readme_en,UniversalCEFR/readme_en,Set alarm for every 5 minutes,Use the Alarm tab to set one-time or recurring alarms and choose options for how to be notified,0.6703,0.8044,0.547,0.053,14.0
B1,B2,1,1.0,0.75,ok,UniversalCEFR/cefr_sp_en,UniversalCEFR/cefr_sp_en,It got negative reviews from the critics .,The movie gained negative reviews from critics and holds a 23 % rating on Rotten Tomatoes .,0.8044,0.8044,0.214,0.0,7.0
B2,C1,1,1.0,0.75,ok,UniversalCEFR/readme_en,UniversalCEFR/readme_en,Invert this derivative to provide the derivative needed to calculate the price elasticity of  supply:,"To  find the derivative needed to calculate the price elasticities, the procedure above first  took the derivative of the inverse function, then inverted it to achieve dQ/dP.",0.8042,0.8042,0.595,0.05,13.0
A2,B1,1,1.0,0.75,ok,UniversalCEFR/cefr_sp_en,UniversalCEFR/cefr_sp_en,"Iran has an area of 1,648,000 square kilometres and is the sixteenth largest in size .","With an area of 1648000 km2 , Iran ranks seventeenth in size among the countries of the world .",0.804,0.804,0.024,0.133,1.0
A1,B2,3,1.4,0.55,low_sim_for_dist,UniversalCEFR/elg_cefr_en,UniversalCEFR/elg_cefr_en,"Donna was there with her family, at a table under some trees. Her eyes were on the dancers . . . but she didn't see them; the music was in her ears . . . but she didn't hear it. She didn't want to look or listen or dance; she didn't want to be there. She only wanted to see the lovely, shy boy from the boat, perhaps to dance with him. 
First Mr and Mrs Webb wanted to go to a little place near the beach where they always had good fish. They wanted to have a good time on their first evening in Spain, and later there was the disco in the square at Comilla's . . . Mark didn't want to go. 
He didn't want to eat or dance or talk or laugh. He wanted to sit quietly and think about the good-looking girl on the boat. Where was she now? But Dave and Harry and Nick and Sue all wanted him to go . . . Later that evening he walked into the square at Comilla's with his friends. 
They found a table at one of the cafes and they all sat down. Mark looked slowly at the people at the tables near them . . . Donna looked sadly at the people dancing and standing in the square . . . then their eyes met. 
Time stopped. He was here! She was here! He smiled at her with his nice blue eyes. She smiled back at him with her dark brown eyes. Suddenly he wasn't shy.  
","In the lumberyard by the lake, where trees from the woods were turned into boards for construction work, there was an old brick building two floors high, and all around the outside walls were heaped great piles of soft sawdust. There were many of these golden mountains of dust covering that part of the yard right down to the blue lake. That afternoon, bored with having nothing else to do, all the fellows followed Michael up the ladder to the roof of the old building and they sat with their legs hanging over the edge looking out across the lake. Suddenly Michael said, 'I dare you to jump down,' and without thinking about it, he pushed himself off the roof and fell on the sawdust where he lay rolling around and laughing. 'I dare you all!' he shouted. 'You're all cowards,' he said, encouraging them to follow him. Still laughing, he watched them looking down from the roof, white-faced and hesitant, and then one by one they jumped and got up grinning with relief. 
In the hot afternoon sunlight they all lay on the sawdust pile telling jokes till at last one of the fellows said, 'Come on up on the old roof again and jump down.'There wasn't much enthusiasm among them, but they all went up to the roof again and began to jump off in a determimed desperate way till only Michael was left and the others were all down below grinning up at him calling, 'Come on, Mike. What's the matter with you?' Michael wanted to jump down there and be with them, but he remained on the edge of the roof, wetting his lips, with a silly grin on his face, wondering why it had not seemed such a long drop the first time. For a while they thought he was only fooling them, but then they saw him clenching his fists tight. He was trying to count to ten and then jump, and when that failed, he tried to take a long breath and close his eyes. In a while the fellows began to laugh at him; they were tired of waiting and it was getting on to dinnertime. 'Come on, you're a coward, do you think we're going to sit here all night?' they began to shout, and when he did not move they began to get up and walk away, still shouting. 'Who did this in the first place? What's the matter with you all?' he called. 
But for a long time he remained on the edge of the roof, staring unhappily and steadily at the ground. He remained all alone for nearly an hour while the sun, like a great orange ball getting bigger and bigger, rolled slowly over the grey line beyond the lake. His clothes , were wet from nervous sweating. At last he closed his eyes, slipped off the roof, fell heavily on the pile of sawdust and lay there a long time. There were no sounds in the yard, the workmen had gone home. As he lay there he wondered why he had been unable to jump and then he got up slowly and walked home feeling deeply ashamed and wanting to avoid everybody. 
He was so late for dinner that his stepmother said to him coldly, 'You're big enough by this time surely to be able to get home in time for dinner. But if you won't come home, you’d better try staying in tonight.' She was a well-built woman with a fair, soft skin and a little touch of grey in her hair and an eternally patient smile on her face. She was speaking now with a controlled severity, but Michael, with his dark face gloomy and miserable, hardly heard her; he was still seeing the row of grinning faces down below on the sawdust pile and hearing them laugh at him. ",0.5741,0.8038,0.239,0.041,405.0
B1,B2,1,1.0,0.75,ok,UniversalCEFR/cefr_sp_en,UniversalCEFR/cefr_sp_en,"As of 2005 , the municipality had a total population of 2647 .","As of 2010 , the municipality had a total population of 819,543 , up from 758,791 as of 2005 .",0.8038,0.8038,0.598,0.12,4.0
B2,C1,1,1.0,0.75,ok,UniversalCEFR/cefr_sp_en,UniversalCEFR/cefr_sp_en,This list is arranged by where the river drains .,"This list is arranged by drainage basin , with respective tributaries indented under each larger stream 's name .",0.8037,0.8037,1.078,0.0,8.0
B1,B2,1,1.0,0.75,ok,UniversalCEFR/cefr_sp_en,UniversalCEFR/cefr_sp_en,The weapon 's barrel can not be removed quickly .,The weapon 's barrel is screwed into the receiver and is not quickly detachable .,0.8036,0.8036,0.421,0.143,5.0
B1,B2,1,1.0,0.75,ok,UniversalCEFR/cefr_sp_en,UniversalCEFR/cefr_sp_en,Some backpacks are specifically designed to carry certain items .,"Some backpacks are specialized to carry a particular thing , such as fluids or a laptop computer .",0.8032,0.8032,1.174,0.062,7.0
B1,B2,1,1.0,0.75,ok,UniversalCEFR/cefr_sp_en,UniversalCEFR/cefr_sp_en,The eight - year war ended in a tie .,The bloody eight - year war ended in a stalemate .,0.8031,0.8031,0.972,0.0,1.0
B2,C1,1,1.0,0.75,ok,UniversalCEFR/cefr_sp_en,UniversalCEFR/cefr_sp_en,The inclination of Earth 's orbit drifts up and down relative to its present orbit .,"The inclination of Earth 's orbit drifts up and down relative to its present orbit with a cycle having a period of about 70,000 years .",0.803,0.803,0.217,0.058,9.0
B1,B2,1,1.0,0.75,ok,UniversalCEFR/cefr_sp_en,UniversalCEFR/cefr_sp_en,He is credited as one of the first Japanese wrestlers to gain a fan base outside of his native Japan in the United States .,Mutoh is credited as one of the first Japanese wrestlers to achieve a fan base outside of his native Japan .,0.8028,0.8028,0.267,0.033,4.0
B1,B2,1,1.0,0.75,similar_complexity,UniversalCEFR/cefr_sp_en,UniversalCEFR/cefr_sp_en,"As of 2005 , the municipality had a total population of 70,160 .","As of 2005 , the municipality had a total population of 758,791 , with 748,551 in the municipal seat .",0.8026,0.8026,0.016,0.032,5.0
B2,C1,1,1.0,0.75,ok,UniversalCEFR/cefr_sp_en,UniversalCEFR/cefr_sp_en,The shape of the cabling layout used to link devices is called the physical topology of the network .,The transmission medium layout used to link devices is the physical topology of the network .,0.8025,0.8025,0.578,0.089,3.0
B1,B2,1,1.0,0.75,similar_complexity,UniversalCEFR/cefr_sp_en,UniversalCEFR/cefr_sp_en,"The median income for a household in the city was $ 28,542 , and the median income for a family was $ 27,500 .","The median income for a household in the county was $ 46,941 , and the median income for a family was $ 52,281 .",0.8023,0.8023,0.111,0.0,0.0
B1,B2,1,1.0,0.75,ok,UniversalCEFR/cefr_sp_en,UniversalCEFR/cefr_sp_en,"In 2005 , the municipality had a total population of 70,160 .","As of 2010 , the municipality had a total population of 8,441 , up from 7,233 as of 2005 .",0.8018,0.8018,0.904,0.231,5.0
B1,B2,1,1.0,0.75,ok,UniversalCEFR/cefr_sp_en,UniversalCEFR/cefr_sp_en,"In 2005 , the municipality had a total population of 15,935 .","As of 2010 , the municipality had a total population of 819,543 , up from 758,791 as of 2005 .",0.8017,0.8017,0.904,0.231,5.0
B2,C1,1,1.0,0.75,ok,UniversalCEFR/cefr_sp_en,UniversalCEFR/cefr_sp_en,A number of medications are used to treat bipolar disorder .,"Like most mental illnesses , there are ways to treat bipolar disorder .",0.8016,0.8016,0.282,0.0,1.0
B1,B2,1,1.0,0.75,ok,UniversalCEFR/cefr_sp_en,UniversalCEFR/cefr_sp_en,Underwear is worn for a variety of reasons .,"In countries where the weather is cold , underwear is one more layer of clothing that helps the wearer to keep warm .",0.8015,0.8015,0.054,0.095,13.0
B1,B2,1,1.0,0.75,ok,UniversalCEFR/cefr_sp_en,UniversalCEFR/cefr_sp_en,Black powder is the oldest type of mixed rocket fuel .,Black powder rocket propellant is a lot like old fashioned gunpowder .,0.8012,0.8012,0.973,0.0,1.0
B1,B2,1,1.0,0.75,ok,UniversalCEFR/cefr_sp_en,UniversalCEFR/cefr_sp_en,The film received mostly negative reviews from critics .,"The movie received mostly positive reviews from critics , and performances from the cast were praised .",0.8011,0.8011,0.208,0.133,7.0
B2,C1,1,1.0,0.75,ok,UniversalCEFR/cefr_sp_en,UniversalCEFR/cefr_sp_en,The posture of these dinosaurs has long been the subject of some debate .,"Although certainly quadrupedal , the posture of horned dinosaurs has long been the subject of some debate .",0.8011,0.8011,0.962,0.029,3.0
B1,B2,1,1.0,0.75,ok,UniversalCEFR/cefr_sp_en,UniversalCEFR/cefr_sp_en,An analysis shows that the work is completely made in marble .,"In reality , a close analysis leaves no doubt that the work was entirely produced in marble .",0.8007,0.8007,0.08,0.062,5.0
B1,B2,1,1.0,0.75,ok,UniversalCEFR/cefr_sp_en,UniversalCEFR/cefr_sp_en,"In the 1990s , major card issuers in the US raised the cash- back percentage up to 5 % .","Recently , major card issuers have increased cashback amount to 5 % for purchases especially in grocery stores and petrol stations .",0.8007,0.8007,2.011,0.2,3.0
A2,B1,1,1.0,0.75,ok,UniversalCEFR/cefr_sp_en,UniversalCEFR/cefr_sp_en,Some people keep them as a pet .,Some people keep this species as a pet .,0.8007,0.8007,0.446,0.0,1.0
B1,B2,1,1.0,0.75,ok,UniversalCEFR/cefr_sp_en,UniversalCEFR/cefr_sp_en,"As of 2005 , the municipality had a total population of 70,160 .","As of 2010 , the municipality had a total population of 8,441 , up from 7,233 as of 2005 .",0.8006,0.8006,0.598,0.12,4.0
B1,B2,1,1.0,0.75,ok,UniversalCEFR/cefr_sp_en,UniversalCEFR/cefr_sp_en,Three matches happened on the pre-show .,"Ten matches were contested at the event , including three on the pre-show .",0.8005,0.8005,0.033,0.077,6.0
B1,B2,1,1.0,0.75,ok,UniversalCEFR/cefr_sp_en,UniversalCEFR/cefr_sp_en,"It was made a municipal district on May 1 , 2003 .","It was elevated to the category of municipal district on May 1 , 2003 .",0.8003,0.8003,0.545,0.0,3.0
B1,B2,1,1.0,0.75,ok,UniversalCEFR/cefr_sp_en,UniversalCEFR/cefr_sp_en,Geophysics was only recognized as a special area of study in the 19th century .,"Although geophysics was only recognized as a separate discipline in the 19th century , its origins date back to ancient times .",0.8001,0.8001,0.648,0.0,6.0
A1,B1,2,1.2,0.6,ok,UniversalCEFR/cefr_sp_en,UniversalCEFR/cefr_sp_en,"He died , aged 80 on 23 July , 2014 .",He died in the early hours of 13 July 2019 after a brief illness .,0.6668,0.8001,0.55,0.0,7.0
B2,C1,1,1.0,0.75,ok,UniversalCEFR/cefr_sp_en,UniversalCEFR/cefr_sp_en,A move in which a wrestler jumps / falls down on an opponent driving his knee into anywhere on the opponent 's body .,A move similar to a sliding forearm smash in which a wrestler jumps down on an opponent driving their forearm into anywhere on the opponent 's body .,0.7999,0.7999,0.308,0.049,5.0
A1,A2,1,1.0,0.6,ok,UniversalCEFR/cefr_sp_en,UniversalCEFR/cefr_sp_en,The baby kept crying .,Sometimes the baby would not stop crying .,0.7996,0.7996,0.607,0.0,3.0
A1,B1,2,1.2,0.6,ok,UniversalCEFR/cefr_sp_en,UniversalCEFR/cefr_sp_en,"He died on 3 May 2015 , aged 84 , after a long illness .","He died of pneumonia and heart failure on 7 January 2018 , aged 61 .",0.6662,0.7995,0.944,0.0,1.0
B2,C1,1,1.0,0.75,ok,UniversalCEFR/cefr_sp_en,UniversalCEFR/cefr_sp_en,Before the Romans conquered Britain their land and capital appear to have been part of the territory of the Atrebates .,"Before the Roman conquest their land and capital appear to have been part of the territory of the Atrebates , possibly as part of a confederation of tribes .",0.7992,0.7992,0.196,0.072,7.0
A1,B1,2,1.2,0.6,ok,UniversalCEFR/cefr_sp_en,UniversalCEFR/cefr_sp_en,He died on 9 May 2019 at the age of 93 .,He died 23 December 2018 in Mumbai at the age of 86 after a brief illness .,0.666,0.7992,1.221,0.0,5.0
A1,B2,3,1.4,0.55,low_sim_for_dist,UniversalCEFR/cefr_sp_en,UniversalCEFR/cefr_sp_en,She had a beautiful necklace around her neck .,The scarf covered her hair and her forehead .,0.5709,0.7992,0.125,0.125,0.0
A2,B1,1,1.0,0.75,ok,UniversalCEFR/cefr_sp_en,UniversalCEFR/cefr_sp_en,The movie got very bad reviews from movie critics .,The movie received mixed reviews from critics .,0.7992,0.7992,1.016,0.111,2.0
A1,B1,2,1.2,0.6,ok,UniversalCEFR/cefr_sp_en,UniversalCEFR/cefr_sp_en,"He died , aged 80 , on 22 July 2014 .",He died 23 December 2018 in Mumbai at the age of 86 after a brief illness .,0.6659,0.799,0.646,0.0,8.0
A1,B1,2,1.2,0.6,similar_complexity,UniversalCEFR/cefr_sp_en,UniversalCEFR/cefr_sp_en,No one had money .,There is no money in the bank .,0.6658,0.799,0.036,0.0,3.0
B1,B2,1,1.0,0.75,ok,UniversalCEFR/cefr_sp_en,UniversalCEFR/cefr_sp_en,His age at death has been estimated from 7 years six months to as old as 15 years .,Estimates of the individual 's age at death range from 7 to 11 years old .,0.799,0.799,0.341,0.125,3.0
A2,B1,1,1.0,0.75,ok,UniversalCEFR/cefr_sp_en,UniversalCEFR/cefr_sp_en,"He died in 2005 at the age of 87 in New York City , after suffering from cancer .","Large died of cancer in New York City on October 28 , 2017 at the age of 74 .",0.7989,0.7989,0.167,0.005,1.0
B1,B2,1,1.0,0.75,similar_complexity,UniversalCEFR/cefr_sp_en,UniversalCEFR/cefr_sp_en,The Grade is mostly used in mountaineering and big wall climbing .,"The Grade is more relevant to mountaineering and big wall climbing , and often not stated when talking about short rock climbs .",0.7986,0.7986,0.043,0.048,10.0
A1,B2,3,1.4,0.55,low_sim_for_dist,UniversalCEFR/elg_cefr_en,UniversalCEFR/elg_cefr_en,"Donna was there with her family, at a table under some trees. Her eyes were on the dancers . . . but she didn't see them; the music was in her ears . . . but she didn't hear it. She didn't want to look or listen or dance; she didn't want to be there. She only wanted to see the lovely, shy boy from the boat, perhaps to dance with him. 
First Mr and Mrs Webb wanted to go to a little place near the beach where they always had good fish. They wanted to have a good time on their first evening in Spain, and later there was the disco in the square at Comillas . . . Mark didn't want to go. 
He didn't want to eat or dance or talk or laugh. He wanted to sit quietly and think about the good-looking girl on the boat. Where was she now? But Dave and Harry and Nick and Sue all wanted him to go . . . Later that evening he walked into the square at Comillas with his friends. 
They found a table at one of the caf,s and they all sat down. Mark looked slowly at the people at the tables near them . . . Donna looked sadly at the people dancing and standing in the square . . . then their eyes met. 
Time stopped. He was here! She was here! He smiled at her with his nice blue eyes. She smiled back at him with her dark brown eyes. Suddenly he wasn't shy.  
","'But at least they must give me back my shoes!' cried Passepartout, in an angry voice.
They gave him his shoes.
'They have cost a lot of money,' he said. 'More than a thousand pounds each! And they do not fit very well, either.'
Passepartout, in a very unhappy state of mind, followed Mr Fogg, who had offered his arm to Aouda. Fix still hoped that the robber (as he thought Mr Fogg to be) would never agree to lose the two thousand pounds, and that he would go to prison for seven days. All the same, he followed him closely.
Mr Fogg took a carriage, and Aouda, Passepartout and he took their places in it. Fix ran behind it until they reached the port, where the carriage stopped. Half a mile out to sea was the steamer Rangoon. It was eleven o'clock, and Mr Fogg was one hour early.
Fix saw him get down from the carriage and, with his companions, take his place in a boat which set off immediately in the direction of the Rangoon. The detective stamped his feet with disappointment.
'He has gone!' he cried. 'And two thousand pounds have gone too! The thief! I will follow him to the end of the world, but at the rate he is spending the money, there will be nothing left of what he has stolen!'
The detective had some reason for thinking this. Mr Fogg had, as a matter of fact, spent more than five thousand pounds since he had left London - and as the money grew less, so also did any reward that the detective could hope for when this affair was over. 
",0.5704,0.7985,0.224,0.082,32.0
A2,B1,1,1.0,0.75,ok,UniversalCEFR/cefr_sp_en,UniversalCEFR/cefr_sp_en,"This movie was released on May 15 , 1992 .",The movie was filmed from October 1991 to January 1992 .,0.798,0.798,0.458,0.0,2.0
A1,A2,1,1.0,0.6,ok,UniversalCEFR/readme_en,UniversalCEFR/readme_en,Set an alarm for 6pm today,i need to set my alarm for tomorrow at 7 am,0.7978,0.7978,0.4,0.0,5.0
A1,A2,1,1.0,0.6,ok,UniversalCEFR/readme_en,UniversalCEFR/readme_en,Set an alarm for 6am tomorrow,i need to set my alarm for tomorrow at 7 am,0.7977,0.7977,1.0,0.0,5.0
A2,B1,1,1.0,0.75,ok,UniversalCEFR/cefr_sp_en,UniversalCEFR/cefr_sp_en,The bridge is 2109 m long .,"The bridge is 2109 m long and it was opened for traffic on December 18 , 2014 .",0.7975,0.7975,0.646,0.0,8.0
B1,B2,1,1.0,0.75,ok,UniversalCEFR/cefr_sp_en,UniversalCEFR/cefr_sp_en,"The commune has an area of 1466.7 sqkm and the city proper , 16.16 sqkm .","The municipality covers an area of 1466 sqkm and the city proper , 16 sqkm .",0.7974,0.7974,0.667,0.0,0.0
B1,B2,1,1.0,0.75,ok,UniversalCEFR/cefr_sp_en,UniversalCEFR/cefr_sp_en,"Japan has more than one traditional system for counting years , including",Japan has had more than one system for designating years .,0.7968,0.7968,0.845,0.0,1.0
B1,B2,1,1.0,0.75,ok,UniversalCEFR/cefr_sp_en,UniversalCEFR/cefr_sp_en,The upperside of the wings is black .,The upperside of the wings is checkered with orange and black .,0.7966,0.7966,0.494,0.052,4.0
B1,B2,1,1.0,0.75,ok,UniversalCEFR/cefr_sp_en,UniversalCEFR/cefr_sp_en,"As of 2005 , the municipality had a total population of 2,647 .","As of 2010 , the municipality had a total population of 819,543 , up from 758,791 as of 2005 .",0.7964,0.7964,0.598,0.12,4.0
A1,B2,3,1.4,0.55,low_sim_for_dist,UniversalCEFR/elg_cefr_en,UniversalCEFR/elg_cefr_en,"One afternoon, Ali is carrying a heavy bag for an old man. 'There's a man behind us,' the old man says. 'Do you know him?' Ali looks at the man behind them. He is big and strong. 'No, I don't know him. He doesn't work in the market.' 'Watch my bag!' the old man says.  Perhaps he's a thief.' Ali thinks of the money in his pocket. 'Let's walk quickly,' he tells the old man. 'I can't walk quickly. You're young, but I'm not!' 
Suddenly, the big man takes the bag from Ali's hand and starts to run away. Ali runs after him. The man hits Ali. Ali falls down, and his money falls out of his pocket. The man puts down the bag. Then he takes Ali's money
and runs away. Ali gives the bag to the old man. 'Thank you very much,' the old man says. 'You're a very good young man.' Ali is unhappy, but he does not talk about the money. That evening, he does not tell his mother and father about it. 'I can start again,' he thinks. The day after that, Ali is at the market. People are making a lot of noise. Ali is standing and waiting for work. Suddenly, an old woman comes to him and says, 'Can you carry my two heavy bags? I live near the statue of Ataturk.' Ali carries them for her
 'Are they very heavy?' she asks. 'Not for me. I'm very strong,' Ali says. 
","'But at least they must give me back my shoes!' cried Passepartout, in an angry voice.
They gave him his shoes.
'They have cost a lot of money,' he said. 'More than a thousand pounds each! And they do not fit very well, either.'
Passepartout, in a very unhappy state of mind, followed Mr Fogg, who had offered his arm to Aouda. Fix still hoped that the robber (as he thought Mr Fogg to be) would never agree to lose the two thousand pounds, and that he would go to prison for seven days. All the same, he followed him closely.
Mr Fogg took a carriage, and Aouda, Passepartout and he took their places in it. Fix ran behind it until they reached the port, where the carriage stopped. Half a mile out to sea was the steamer Rangoon. It was eleven o'clock, and Mr Fogg was one hour early.
Fix saw him get down from the carriage and, with his companions, take his place in a boat which set off immediately in the direction of the Rangoon. The detective stamped his feet with disappointment.
'He has gone!' he cried. 'And two thousand pounds have gone too! The thief! I will follow him to the end of the world, but at the rate he is spending the money, there will be nothing left of what he has stolen!'
The detective had some reason for thinking this. Mr Fogg had, as a matter of fact, spent more than five thousand pounds since he had left London - and as the money grew less, so also did any reward that the detective could hope for when this affair was over. 
",0.5689,0.7964,0.339,0.1,29.0
A1,B1,2,1.2,0.6,similar_complexity,UniversalCEFR/cefr_sp_en,UniversalCEFR/cefr_sp_en,I forgot to bring my umbrella .,Take your umbrella if it 's overcast .,0.6635,0.7962,0.143,0.0,1.0
B1,B2,1,1.0,0.75,ok,UniversalCEFR/cefr_sp_en,UniversalCEFR/cefr_sp_en,The movie got bad reviews from critics .,The movie gained negative reviews from critics and holds a 23 % rating on Rotten Tomatoes .,0.7962,0.7962,0.5,0.0,7.0
B2,C1,1,1.0,0.75,ok,UniversalCEFR/cefr_sp_en,UniversalCEFR/cefr_sp_en,"Symbolically , spires have two functions .","Symbolically , spires have two effects .",0.7961,0.7961,0.4,0.0,0.0
B1,B2,1,1.0,0.75,ok,UniversalCEFR/cefr_sp_en,UniversalCEFR/cefr_sp_en,The first movement is written in sonata form and is in the key of C major .,This first movement is in sonata-allegro form .,0.796,0.796,1.125,0.188,8.0
B1,B2,1,1.0,0.75,ok,UniversalCEFR/cefr_sp_en,UniversalCEFR/cefr_sp_en,"Common-use terminal designs means airlines share check - in counters , gates and IT systems .","A common-use facility or terminal design disallows airlines to have its own proprietary check - in counters , gates and IT systems .",0.7957,0.7957,0.238,0.0,7.0
A1,B2,3,1.4,0.55,low_sim_for_dist,UniversalCEFR/cefr_sp_en,UniversalCEFR/cefr_sp_en,He died on 12 May 2019 at the age of 80 .,"Winters died on 23 April 2019 at the age of 80 , from congestive heart failure .",0.5682,0.7955,1.875,0.0,4.0
B1,B2,1,1.0,0.75,ok,UniversalCEFR/cefr_sp_en,UniversalCEFR/cefr_sp_en,Strategic bombing was an idea first tried in World War I .,Strategic bombing was important in World War II .,0.7954,0.7954,0.818,0.0,3.0
A1,A2,1,1.0,0.6,similar_complexity,UniversalCEFR/readme_en,UniversalCEFR/readme_en,Set an alarm for 10pm tonight,What time is my alarm set for tomorrow?,0.7953,0.7953,0.125,0.0,3.0
A2,B1,1,1.0,0.75,ok,UniversalCEFR/cefr_sp_en,UniversalCEFR/cefr_sp_en,"It showed that 5,308,483 people were living in the United States .","It showed that 5,308,483 people were living in the United States , of whom 893,602 were slaves .",0.7952,0.7952,0.143,0.071,4.0
A2,B1,1,1.0,0.75,ok,UniversalCEFR/cefr_sp_en,UniversalCEFR/cefr_sp_en,The movie got very bad reviews from movie critics .,The movie got very positive reviews .,0.795,0.795,0.444,0.111,3.0
A1,B2,3,1.4,0.55,low_sim_for_dist,UniversalCEFR/cefr_sp_en,UniversalCEFR/cefr_sp_en,"Thomas died on April 30 , 2016 , at the age of 91 .","He died in England on November 16 , 2018 at the age of 81 , due to complications of hip surgery .",0.5679,0.795,0.688,0.062,8.0
B2,C1,1,1.0,0.75,ok,UniversalCEFR/cefr_sp_en,UniversalCEFR/cefr_sp_en,It may be possible to terraform Mars to allow a wide variety of living things .,"Various works of fiction put forward the idea of terraforming Mars to allow a wide variety of life forms , including humans , to survive unaided on Mars ' surface .",0.7949,0.7949,0.615,0.081,12.0
B1,B2,1,1.0,0.75,ok,UniversalCEFR/cefr_sp_en,UniversalCEFR/cefr_sp_en,"In multiplayer mode , up to 4 people can play against each other non-stop .","Up to four people can play in multiplayer mode , which has specific rules predetermined by the players .",0.7949,0.7949,0.557,0.0,4.0
A1,B2,3,1.4,0.55,low_sim_for_dist,UniversalCEFR/cefr_sp_en,UniversalCEFR/cefr_sp_en,"Harris died on 9 May 2019 , at the age of 93 .",He died on 11 May 2018 at the age of 52 from cardiac arrest .,0.5676,0.7946,0.33,0.0,3.0
B2,C1,1,1.0,0.75,ok,UniversalCEFR/cefr_sp_en,UniversalCEFR/cefr_sp_en,In rocks of the Mesozoic era gastropods are more common as fossils and their shell is often well preserved .,"Rocks of the Cenozoic era yield very large numbers of gastropod fossils , many of these fossils being closely related to modern living forms .",0.7946,0.7946,0.412,0.13,4.0
B1,B2,1,1.0,0.75,ok,UniversalCEFR/cefr_sp_en,UniversalCEFR/cefr_sp_en,A knee lift is a move where a wrestler uses their knee and brings it up to hit the opponent under the chin .,An attack in which a wrestler brings the knee up to hit the opponent under the chin as if performing an uppercut .,0.7945,0.7945,0.484,0.038,1.0
B2,C1,1,1.0,0.75,ok,UniversalCEFR/cefr_sp_en,UniversalCEFR/cefr_sp_en,"The wrestler holds both the opponent 's arms under his / her own , and delivers a series of headbutts to the opponent , who is unable to counter .",Trapping headbutts are where a wrestler holds both of the opponent 's arms under their own and hits the opponent with a series of headbutts .,0.7945,0.7945,0.252,0.046,1.0
A1,B2,3,1.4,0.55,low_sim_for_dist,UniversalCEFR/cefr_sp_en,UniversalCEFR/cefr_sp_en,"Pazos died on 24 May 2019 , at the age of 89 .",He died on 11 May 2018 at the age of 52 from cardiac arrest .,0.5673,0.7943,0.455,0.0,3.0
B1,B2,1,1.0,0.75,similar_complexity,UniversalCEFR/cefr_sp_en,UniversalCEFR/cefr_sp_en,This gives the number 's distance from zero on the real number line .,Absolute value may be thought of as the number 's distance from zero on the real number line .,0.7942,0.7942,0.043,0.043,5.0
B2,C1,1,1.0,0.75,similar_complexity,UniversalCEFR/cefr_sp_en,UniversalCEFR/cefr_sp_en,During the twelfth century the area was marshland .,During the twelfth century the area was swampland .,0.794,0.794,0.0,0.0,0.0
A2,B1,1,1.0,0.75,ok,UniversalCEFR/cefr_sp_en,UniversalCEFR/cefr_sp_en,I wish I could go back in time .,Sometimes I wish I had the power to go back in time and change some of the decisions I made .,0.7938,0.7938,0.725,0.025,12.0
B1,B2,1,1.0,0.75,ok,UniversalCEFR/cefr_sp_en,UniversalCEFR/cefr_sp_en,The film received positive reviews from critics .,"The film generated mostly positive reviews , and performances from the cast were praised .",0.7934,0.7934,0.165,0.077,6.0
B1,B2,1,1.0,0.75,ok,UniversalCEFR/cefr_sp_en,UniversalCEFR/cefr_sp_en,Most sea snakes are able to breathe through their skin .,Most species of the sea snakes are able to respire through the top of their skin .,0.7933,0.7933,0.438,0.125,6.0
A1,B1,2,1.2,0.6,ok,UniversalCEFR/cefr_sp_en,UniversalCEFR/cefr_sp_en,He died on 18 October 2017 .,"He died of pneumonia and heart failure on 7 January 2018 , aged 61 .",0.6609,0.7931,0.75,0.0,6.0
B2,C1,1,1.0,0.75,ok,UniversalCEFR/cefr_sp_en,UniversalCEFR/cefr_sp_en,"Not only did nimravids have varied tooth styles , but they also showed the same range of size size and shape as felids .","Not only did nimravids exhibit diverse dentition , but they also showed the same diversity in size and morphology as cats .",0.7929,0.7929,0.682,0.045,2.0
A1,A2,1,1.0,0.6,ok,UniversalCEFR/readme_en,UniversalCEFR/readme_en,Set alarm for 9am every Friday,set alarm for 8:45am tomorrow,0.7927,0.7927,0.35,0.0,1.0
A1,B1,2,1.2,0.6,similar_complexity,UniversalCEFR/cefr_sp_en,UniversalCEFR/cefr_sp_en,"He died on 6 January 2015 , aged 82 .",He died in the early hours of 13 July 2019 after a brief illness .,0.6605,0.7926,0.05,0.0,7.0
B2,C1,1,1.0,0.75,ok,UniversalCEFR/cefr_sp_en,UniversalCEFR/cefr_sp_en,This list is arranged by the place the river drains .,"This list is arranged by drainage basin , with respective tributaries indented under each larger stream 's name .",0.7926,0.7926,1.212,0.1,7.0
B1,B2,1,1.0,0.75,ok,UniversalCEFR/cefr_sp_en,UniversalCEFR/cefr_sp_en,The film received generally positive reviews .,"The film generated mostly positive reviews , and performances from the cast were praised .",0.7923,0.7923,0.808,0.077,7.0
A1,B2,3,1.4,0.55,low_sim_for_dist,UniversalCEFR/elg_cefr_en,UniversalCEFR/elg_cefr_en,"Donna was there with her family, at a table under some trees. Her eyes were on the dancers . . . but she didn't see them; the music was in her ears . . . but she didn't hear it. She didn't want to look or listen or dance; she didn't want to be there. She only wanted to see the lovely, shy boy from the boat, perhaps to dance with him. 
First Mr and Mrs Webb wanted to go to a little place near the beach where they always had good fish. They wanted to have a good time on their first evening in Spain, and later there was the disco in the square at Comilla's . . . Mark didn't want to go. 
He didn't want to eat or dance or talk or laugh. He wanted to sit quietly and think about the good-looking girl on the boat. Where was she now? But Dave and Harry and Nick and Sue all wanted him to go . . . Later that evening he walked into the square at Comilla's with his friends. 
They found a table at one of the cafes and they all sat down. Mark looked slowly at the people at the tables near them . . . Donna looked sadly at the people dancing and standing in the square . . . then their eyes met. 
Time stopped. He was here! She was here! He smiled at her with his nice blue eyes. She smiled back at him with her dark brown eyes. Suddenly he wasn't shy.  
","'But at least they must give me back my shoes!' cried Passepartout, in an angry voice.
They gave him his shoes.
'They have cost a lot of money,' he said. 'More than a thousand pounds each! And they do not fit very well, either.'
Passepartout, in a very unhappy state of mind, followed Mr Fogg, who had offered his arm to Aouda. Fix still hoped that the robber (as he thought Mr Fogg to be) would never agree to lose the two thousand pounds, and that he would go to prison for seven days. All the same, he followed him closely.
Mr Fogg took a carriage, and Aouda, Passepartout and he took their places in it. Fix ran behind it until they reached the port, where the carriage stopped. Half a mile out to sea was the steamer Rangoon. It was eleven o'clock, and Mr Fogg was one hour early.
Fix saw him get down from the carriage and, with his companions, take his place in a boat which set off immediately in the direction of the Rangoon. The detective stamped his feet with disappointment.
'He has gone!' he cried. 'And two thousand pounds have gone too! The thief! I will follow him to the end of the world, but at the rate he is spending the money, there will be nothing left of what he has stolen!'
The detective had some reason for thinking this. Mr Fogg had, as a matter of fact, spent more than five thousand pounds since he had left London - and as the money grew less, so also did any reward that the detective could hope for when this affair was over. 
",0.5658,0.7921,0.196,0.085,33.0
A1,A2,1,1.0,0.6,ok,UniversalCEFR/readme_en,UniversalCEFR/readme_en,Set alarm for 7 am tomorrow,What time is my alarm set for tomorrow?,0.7915,0.7915,0.325,0.0,3.0
B1,B2,1,1.0,0.75,ok,UniversalCEFR/cefr_sp_en,UniversalCEFR/cefr_sp_en,The film earned mainly negative reviews from critics .,"The movie received mostly positive reviews from critics , and performances from the cast were praised .",0.7913,0.7913,0.042,0.133,7.0
A1,B2,3,1.4,0.55,low_sim_for_dist,UniversalCEFR/cefr_sp_en,UniversalCEFR/cefr_sp_en,Skiing is a winter sport .,Be prepared for blizzards in winter .,0.5652,0.7912,1.0,0.0,1.0
A1,A2,1,1.0,0.6,ok,UniversalCEFR/readme_en,UniversalCEFR/readme_en,cancel alarm for tomorrow morning,Set an alarm for tomorrow at 2am,0.791,0.791,1.967,0.0,1.0
A1,A2,1,1.0,0.6,similar_complexity,UniversalCEFR/cefr_sp_en,UniversalCEFR/cefr_sp_en,"He died on 6 January 2015 , aged 82 .",He died 23 December 2018 at the age of 86 after a brief illness .,0.7904,0.7904,0.018,0.0,6.0
A2,B1,1,1.0,0.75,ok,UniversalCEFR/cefr_sp_en,UniversalCEFR/cefr_sp_en,There are also 3D jigsaw puzzles .,Jigsaw puzzles come in a variety of sizes .,0.7902,0.7902,0.75,0.0,3.0
B1,B2,1,1.0,0.75,ok,UniversalCEFR/cefr_sp_en,UniversalCEFR/cefr_sp_en,"The book has been in print since it was first published , and has sold over one million copies .","As of 2017 , the books had collectively sold more than seven million copies .",0.7902,0.7902,0.583,0.056,6.0
B1,B2,1,1.0,0.75,ok,UniversalCEFR/cefr_sp_en,UniversalCEFR/cefr_sp_en,Credits are adapted from the album 's liner notes .,The following credits are sourced from liner notes .,0.79,0.79,0.931,0.0,1.0
C1,C2,1,1.0,0.75,ok,UniversalCEFR/cefr_sp_en,UniversalCEFR/cefr_sp_en,Epoxides can be made by oxidation of alkenes .,Epoxides can be deoxygenated using oxophilic reagents .,0.7899,0.7899,2.089,0.0,1.0
B1,B2,1,1.0,0.75,ok,UniversalCEFR/cefr_sp_en,UniversalCEFR/cefr_sp_en,"The median income for a household in 2000 was $ 16,563 per year .","The median income for a household in the city was $ 16,563 , and the median income for a family was $ 33,125 .",0.7898,0.7898,0.056,0.389,8.0
B1,B2,1,1.0,0.75,ok,UniversalCEFR/cefr_sp_en,UniversalCEFR/cefr_sp_en,Nomads keep moving for different reasons .,People are nomads for many reasons .,0.7896,0.7896,1.0,0.0,0.0
B1,B2,1,1.0,0.75,ok,UniversalCEFR/cefr_sp_en,UniversalCEFR/cefr_sp_en,"The median income for a household was $ 34,669 .","The median income for a household in the city as of the 2000 census was $ 62,550 , while the median income for a family was $ 67,500 .",0.7896,0.7896,0.519,0.364,15.0
B1,B2,1,1.0,0.75,ok,UniversalCEFR/cefr_sp_en,UniversalCEFR/cefr_sp_en,"The median income for a household in the city was $ 39,375 , and the median income for a family was $ 48,250 .","According to the 2010 census , the median income for a household in the county was $ 36,363 , and the median income for a family was $ 41,381 .",0.7894,0.7894,0.283,0.025,4.0
B1,B2,1,1.0,0.75,ok,UniversalCEFR/cefr_sp_en,UniversalCEFR/cefr_sp_en,"As people from Europe began exploring Africa in the early 1800s , guns were made to handle the very large animals that people saw .","As Europeans made inroads into Africa in the early 19th century , guns were developed to handle the very large game encountered .",0.7886,0.7886,0.505,0.041,2.0
B2,C1,1,1.0,0.75,ok,UniversalCEFR/cefr_sp_en,UniversalCEFR/cefr_sp_en,"In addition to the , the city has academies of sculpture and fine arts and a museum of statuary and antiquities , and a yearly marble technology fair .",The city has academies of sculpture and fine arts and a museum of statuaries and antiquities .,0.7885,0.7885,0.197,0.043,10.0
B1,B2,1,1.0,0.75,ok,UniversalCEFR/cefr_sp_en,UniversalCEFR/cefr_sp_en,A single- tasking system can only run one program at a time .,"A single- tasking system can only run one program at a time , while a multi-tasking operating system allows more than one program to be running in concurrency .",0.7882,0.7882,0.655,0.131,16.0
B1,B2,1,1.0,0.75,ok,UniversalCEFR/cefr_sp_en,UniversalCEFR/cefr_sp_en,Small businesses often face a lot of problems because of their size .,Another problem for several small businesses is the fact that much larger businesses can influence their chances for success .,0.7882,0.7882,0.912,0.022,7.0
C1,C2,1,1.0,0.75,ok,UniversalCEFR/cefr_sp_en,UniversalCEFR/cefr_sp_en,The related term homodesmotic reaction also takes into account orbital hybridization .,The related term homodesmotic reaction also takes into account orbital hybridization and in addition there is no change in the number of carbon to hydrogen bonds .,0.7881,0.7881,1.497,0.077,15.0
A1,A2,1,1.0,0.6,ok,UniversalCEFR/cefr_sp_en,UniversalCEFR/cefr_sp_en,He died on 4 August 2018 .,"He died on 12 July 2019 , four days before his 85th birthday .",0.7881,0.7881,0.611,0.0,5.0
A2,B1,1,1.0,0.75,ok,UniversalCEFR/cefr_sp_en,UniversalCEFR/cefr_sp_en,Title V includes various other extra rules .,Title V includes technical provisions .,0.7877,0.7877,1.457,0.0,2.0
B2,C1,1,1.0,0.75,ok,UniversalCEFR/cefr_sp_en,UniversalCEFR/cefr_sp_en,"Web feeds are designed to be machine - readable rather than human-readable , which tends to be a source of confusion when people first encounter web feeds .","Web feeds are designed to be machine readable , so there is no requirement that they be destined only for user consumption .",0.7876,0.7876,0.046,0.145,5.0
A2,B1,1,1.0,0.75,ok,UniversalCEFR/cefr_sp_en,UniversalCEFR/cefr_sp_en,The children have already gone to sleep .,"Since the children are so quiet , they must be asleep already .",0.7873,0.7873,0.26,0.0,4.0
B1,B2,1,1.0,0.75,ok,UniversalCEFR/cefr_sp_en,UniversalCEFR/cefr_sp_en,Small businesses often face a lot of problems because of their size .,Another problem for many small businesses is the capacity of much larger businesses to influence or sometimes determine their chances for success .,0.7871,0.7871,0.97,0.008,10.0
A1,B2,3,1.4,0.55,low_sim_for_dist,UniversalCEFR/cefr_sp_en,UniversalCEFR/cefr_sp_en,"She died on 12 February 2019 , at the age of 79 .","He died in England on November 16 , 2018 at the age of 81 , due to complications of hip surgery .",0.5622,0.7871,0.688,0.062,8.0
B1,B2,1,1.0,0.75,similar_complexity,UniversalCEFR/cefr_sp_en,UniversalCEFR/cefr_sp_en,Another danger is that most BASE jumpers have very small areas in which to land .,Another risk is that most BASE jumping venues have very small areas in which to land .,0.7871,0.7871,0.021,0.0,1.0
B1,B2,1,1.0,0.75,ok,UniversalCEFR/cefr_sp_en,UniversalCEFR/cefr_sp_en,The movie received mixed reviews from critics .,"The movie received mostly positive reviews from critics , and performances from the cast were praised .",0.7869,0.7869,0.095,0.133,8.0
A2,B1,1,1.0,0.75,ok,UniversalCEFR/readme_en,UniversalCEFR/readme_en,Poke holes in the pumpkin with push pins to outline a stenciled design.,Push the knife straight into the pumpkin along the outline of your design.,0.7869,0.7869,0.231,0.154,0.0
B1,B2,1,1.0,0.75,ok,UniversalCEFR/cefr_sp_en,UniversalCEFR/cefr_sp_en,When a wrestler jumps and stamps both feet on any part of an opponent .,When a wrestler jumps forward from an elevated position and executes a mid-air backflip .,0.7868,0.7868,0.867,0.067,1.0
C1,C2,1,1.0,0.75,ok,UniversalCEFR/cefr_sp_en,UniversalCEFR/cefr_sp_en,"The release of pituitary hormones by both the anterior and posterior lobes is under the control of the hypothalamus , albeit in different ways .",The hypothalamus releases factors down the pituitary stalk to the pituitary gland where they cause the release of pituitary hormones .,0.7868,0.7868,0.52,0.076,3.0
B1,B2,1,1.0,0.75,ok,UniversalCEFR/cefr_sp_en,UniversalCEFR/cefr_sp_en,"Upgrading works has begun since early 2016 , beginning with train set 217 / 218 .","Refurbishment works has begun since January 2016 , beginning with train set 217 / 218 .",0.7867,0.7867,0.6,0.0,0.0
A2,B1,1,1.0,0.75,similar_complexity,UniversalCEFR/cefr_sp_en,UniversalCEFR/cefr_sp_en,The movie received mixed reviews .,This movie got mostly positive reviews .,0.7867,0.7867,0.1,0.0,1.0
B1,B2,1,1.0,0.75,ok,UniversalCEFR/cefr_sp_en,UniversalCEFR/cefr_sp_en,"The median income for a household in the city was $ 28,542 , and the median income for a family was $ 27,500 .","According to the 2010 census , the median income for a household in the county was $ 36,363 , and the median income for a family was $ 41,381 .",0.7866,0.7866,0.283,0.025,4.0
B1,B2,1,1.0,0.75,ok,UniversalCEFR/cefr_sp_en,UniversalCEFR/cefr_sp_en,The film received mixed reviews .,The movie gained mixed reviews from critics and holds a 50 % rating on Rotten Tomatoes .,0.7865,0.7865,0.543,0.0,9.0
A1,B1,2,1.2,0.6,ok,UniversalCEFR/readme_en,UniversalCEFR/readme_en,Beat egg in a small bowl.,"Grease an 9"" x 9"" square pan Whisk eggs until light in a medium-sized bowl.",0.6554,0.7865,0.762,0.0,8.0
B2,C1,1,1.0,0.75,ok,UniversalCEFR/cefr_sp_en,UniversalCEFR/cefr_sp_en,Both of these calculations can be computed efficiently using the square- and - multiply algorithm for .,Both of these calculations can be computed efficiently using the square- and - multiply algorithm for modular exponentiation .,0.7864,0.7864,0.576,0.0,2.0
B1,B2,1,1.0,0.75,ok,UniversalCEFR/cefr_sp_en,UniversalCEFR/cefr_sp_en,"The median income for a household in 2000 was $ 16,563 per year .","The median income for a household in the city was $ 32,588 , and the median income for a family was $ 36,165 .",0.7862,0.7862,0.056,0.389,8.0
A1,A2,1,1.0,0.6,very_short_text,UniversalCEFR/readme_en,UniversalCEFR/readme_en,set alarm for 7am,set alarm for 8:45am tomorrow,0.7862,0.7862,1.083,0.0,1.0
A2,B1,1,1.0,0.75,ok,UniversalCEFR/cefr_sp_en,UniversalCEFR/cefr_sp_en,She went home late .,She hurried out of the house because she was already late .,0.7861,0.7861,0.523,0.091,7.0
B1,B2,1,1.0,0.75,ok,UniversalCEFR/cefr_sp_en,UniversalCEFR/cefr_sp_en,"The book has remained in print since its initial publication in 1971 , and has sold over two million copies .","As of 2017 , the books had collectively sold more than seven million copies .",0.786,0.786,0.139,0.111,6.0
A1,A2,1,1.0,0.6,ok,UniversalCEFR/readme_en,UniversalCEFR/readme_en,cancel alarm for 7 am tomorrow,cancel all alarms this week while I'm on vacation,0.786,0.786,0.244,0.0,4.0
B1,B2,1,1.0,0.75,ok,UniversalCEFR/cefr_sp_en,UniversalCEFR/cefr_sp_en,The film received mixed to positive reviews .,"The movie received mostly positive reviews from critics , and performances from the cast were praised .",0.7858,0.7858,0.381,0.133,8.0
C1,C2,1,1.0,0.75,ok,UniversalCEFR/cefr_sp_en,UniversalCEFR/cefr_sp_en,Nitrogen dioxide is normally made by oxidation of nitric oxide by oxygen in air .,Nitrogen dioxide is formed in most combustion processes using air as the oxidant .,0.7858,0.7858,0.516,0.071,1.0
B1,B2,1,1.0,0.75,similar_complexity,UniversalCEFR/cefr_sp_en,UniversalCEFR/cefr_sp_en,"As of 2005 , the municipality had a total population of 7,172 .","As of 2005 , the municipality had a total population of 758,791 , with 748,551 in the municipal seat .",0.7855,0.7855,0.016,0.032,5.0
B1,B2,1,1.0,0.75,ok,UniversalCEFR/cefr_sp_en,UniversalCEFR/cefr_sp_en,Fingering is generally considered safe sex as long as there are no open wounds on the fingers .,The practice is generally considered safe sex as long as the hands are protected with a latex gloves .,0.7855,0.7855,0.082,0.052,1.0
B1,B2,1,1.0,0.75,ok,UniversalCEFR/cefr_sp_en,UniversalCEFR/cefr_sp_en,Common toads can live for many years and have survived for fifty years in captivity .,The common toad reaches maturity at three to seven years .,0.7855,0.7855,0.1,0.133,5.0
A1,B2,3,1.4,0.55,low_sim_for_dist,UniversalCEFR/cefr_sp_en,UniversalCEFR/cefr_sp_en,Sheep and cows eat grass for food .,"Agriculture is important , particularly cattle breeding in the mountains and dairy farming in the plains .",0.5608,0.7851,2.01,0.133,8.0
B1,B2,1,1.0,0.75,ok,UniversalCEFR/cefr_sp_en,UniversalCEFR/cefr_sp_en,"On September 1 , a tropical wave moved off the coast of Africa and moved west .","A strong tropical wave moved off the coast of Africa late on August 20 , and almost convective banding and a broad circulation .",0.7849,0.7849,0.524,0.024,7.0
B1,B2,1,1.0,0.75,similar_complexity,UniversalCEFR/cefr_sp_en,UniversalCEFR/cefr_sp_en,An elbow drop is where a wrestler jumps or falls down onto their opponent while driving their elbow into anywhere on the opponent 's body .,"An elbow smash is where a wrestler makes a punching motion , tucks their hand towards their chest so the elbow and forearm make contact .",0.7849,0.7849,0.103,0.005,1.0
A1,A2,1,1.0,0.6,ok,UniversalCEFR/readme_en,UniversalCEFR/readme_en,show my alarms for tomorrow,Set an alarm for tomorrow at 2am,0.7843,0.7843,0.767,0.0,1.0
A2,B1,1,1.0,0.75,ok,UniversalCEFR/cefr_sp_en,UniversalCEFR/cefr_sp_en,This system is found in other fish as well .,"This system is found in most fish , including sharks .",0.784,0.784,0.889,0.0,0.0
B1,B2,1,1.0,0.75,ok,UniversalCEFR/cefr_sp_en,UniversalCEFR/cefr_sp_en,A tropical wave moved off the coast of Africa on August 9 .,Tropical Depression Ten-E originated from a tropical wave that moved off the west coast of Africa on August 14 .,0.7836,0.7836,0.593,0.053,8.0
A1,B2,3,1.4,0.55,low_sim_for_dist,UniversalCEFR/cefr_sp_en,UniversalCEFR/cefr_sp_en,He has many works .,"For over three decades , he has combined teaching with a writing profession .",0.5597,0.7835,1.667,0.0,8.0
B1,B2,1,1.0,0.75,ok,UniversalCEFR/cefr_sp_en,UniversalCEFR/cefr_sp_en,"The median income for a household in 2000 was $ 16,563 per year .","The median income for a household in the city was $ 45,015 , and the median income for a family was $ 51,162 .",0.783,0.783,0.056,0.389,8.0
B2,C1,1,1.0,0.75,ok,UniversalCEFR/cefr_sp_en,UniversalCEFR/cefr_sp_en,"Superscalar CPU design is concerned with improving accuracy of the instruction dispatcher , and allowing it to keep the multiple functional units busy at all times .","It is common for modern CPUs to have multiple parallel execution units , which is referred to as superscalar design .",0.782,0.782,0.48,0.065,6.0
A2,B1,1,1.0,0.75,ok,UniversalCEFR/cefr_sp_en,UniversalCEFR/cefr_sp_en,The park has 104 species of plants .,There are 351 identified plant species in the park ; three of these are rare and protected .,0.7819,0.7819,0.5,0.067,9.0
B1,B2,1,1.0,0.75,ok,UniversalCEFR/cefr_sp_en,UniversalCEFR/cefr_sp_en,"The median income for a household was $ 41,290 .","The median income for a household in the city was $ 32,588 , and the median income for a family was $ 36,165 .",0.7814,0.7814,0.484,0.389,11.0
B2,C1,1,1.0,0.75,ok,UniversalCEFR/cefr_sp_en,UniversalCEFR/cefr_sp_en,Choirs can sing with or without instrumental accompaniment .,An a cappella choir is a choir which sings without any instrumental accompaniment .,0.7813,0.7813,1.067,0.154,5.0
B1,B2,1,1.0,0.75,ok,UniversalCEFR/cefr_sp_en,UniversalCEFR/cefr_sp_en,"During the war , the town was completely destroyed .","During the war , the town was completely destroyed and the land was made uninhabitable to such an extent that a decision was made not to rebuild it .",0.7811,0.7811,0.718,0.097,19.0
A1,B1,2,1.2,0.6,ok,UniversalCEFR/cefr_sp_en,UniversalCEFR/cefr_sp_en,He died on 12 May 2019 at the age of 80 .,He died in the early hours of 13 July 2019 after a brief illness .,0.6504,0.7805,1.125,0.0,4.0
A1,B2,3,1.4,0.55,low_sim_for_dist,UniversalCEFR/cefr_sp_en,UniversalCEFR/cefr_sp_en,"He died on October 2 , 2005 in New York City , U.S.","On April 20 , 2019 , Picker died in New York City from colon cancer at the age of 87 .",0.5574,0.7804,0.667,0.0,5.0
A1,A2,1,1.0,0.6,ok,UniversalCEFR/readme_en,UniversalCEFR/readme_en,cancel alarm for tomorrow morning,set alarm for 8:45am tomorrow,0.7804,0.7804,1.05,0.0,1.0
A1,A2,1,1.0,0.6,similar_complexity,UniversalCEFR/readme_en,UniversalCEFR/readme_en,Set the alarm for 8 pm central time.,Set an alarm for tomorrow at 2am,0.7803,0.7803,0.024,0.0,1.0
B1,B2,1,1.0,0.75,similar_complexity,UniversalCEFR/cefr_sp_en,UniversalCEFR/cefr_sp_en,This movie got mixed to positive reviews .,The movie gained mixed reviews from critics and holds a 50 % rating on Rotten Tomatoes .,0.7802,0.7802,0.0,0.0,7.0
B1,B2,1,1.0,0.75,ok,UniversalCEFR/cefr_sp_en,UniversalCEFR/cefr_sp_en,"The median income for a household was $ 34,669 .","The median income for a household in the county was $ 46,941 , and the median income for a family was $ 52,281 .",0.7801,0.7801,0.373,0.389,11.0
B1,B2,1,1.0,0.75,ok,UniversalCEFR/cefr_sp_en,UniversalCEFR/cefr_sp_en,"The median income for a household was $ 41,290 .","The median income for a household in the city was $ 45,015 , and the median income for a family was $ 51,162 .",0.7801,0.7801,0.484,0.389,11.0
B1,B2,1,1.0,0.75,ok,UniversalCEFR/cefr_sp_en,UniversalCEFR/cefr_sp_en,A knee lift is a move where a wrestler uses their knee and brings it up to hit the opponent under the chin .,A knee strike is where a wrestler strikes their opponent using their knees .,0.7799,0.7799,1.117,0.02,10.0
B1,B2,1,1.0,0.75,ok,UniversalCEFR/cefr_sp_en,UniversalCEFR/cefr_sp_en,"A bird bath is an attraction for many different species of birds to visit gardens , especially during the summer and drought periods .","A birdbath is an attraction for many different species of birds to visit gardens , especially during the summer and drought periods .",0.7799,0.7799,0.236,0.0,1.0
B1,B2,1,1.0,0.75,ok,UniversalCEFR/cefr_sp_en,UniversalCEFR/cefr_sp_en,They are usually in pairs or small noisy groups of 10 to 30 .,"It is most often found in pairs or small noisy flocks of up to 10 individuals , but sometimes up to 30 .",0.7798,0.7798,0.091,0.105,8.0
B1,B2,1,1.0,0.75,ok,UniversalCEFR/cefr_sp_en,UniversalCEFR/cefr_sp_en,"Strategic bombing was used in World War I , though it was not understood in its present form .",Strategic bombing was important in World War II .,0.7797,0.7797,0.647,0.118,9.0
A1,A2,1,1.0,0.6,similar_complexity,UniversalCEFR/readme_en,UniversalCEFR/readme_en,set an alarm for 6pm,i need to set my alarm for tomorrow at 7 am,0.7797,0.7797,0.05,0.0,6.0
A1,B1,2,1.2,0.6,ok,UniversalCEFR/cefr_sp_en,UniversalCEFR/cefr_sp_en,"He died , aged 80 , on 22 July 2014 .",He died in the early hours of 13 July 2019 after a brief illness .,0.6497,0.7796,0.55,0.0,7.0
A1,A2,1,1.0,0.6,ok,UniversalCEFR/readme_en,UniversalCEFR/readme_en,Set an alarm for 10pm tonight,i need to set my alarm for tomorrow at 7 am,0.7795,0.7795,0.8,0.0,5.0
B2,C1,1,1.0,0.75,ok,UniversalCEFR/cefr_sp_en,UniversalCEFR/cefr_sp_en,Asian mist is the illegal move of spitting a colored liquid into an opponent 's face in professional wrestling .,The illegal maneuver of spitting a colored liquid into the face of an opponent in professional wrestling .,0.7795,0.7795,0.387,0.118,2.0
A1,A2,1,1.0,0.6,ok,UniversalCEFR/readme_en,UniversalCEFR/readme_en,cancel alarm for tomorrow morning,cancel all alarms this week while I'm on vacation,0.7794,0.7794,1.244,0.0,4.0
B1,B2,1,1.0,0.75,ok,UniversalCEFR/cefr_sp_en,UniversalCEFR/cefr_sp_en,Its name was announced as Suttung in IAU Circular 8177 .,Its name was announced as Thrym in IAU Circular 8177 .,0.7793,0.7793,0.222,0.0,0.0
B1,B2,1,1.0,0.75,ok,UniversalCEFR/cefr_sp_en,UniversalCEFR/cefr_sp_en,Carl XVI Gustaf is the Swedish king .,"Sweden is a constitutional monarchy and King Carl XVI Gustaf is the head of state , but the role of the monarch is limited to ceremonial and representative functions .",0.7791,0.7791,0.714,0.214,21.0
A1,B2,3,1.4,0.55,low_sim_for_dist,UniversalCEFR/cefr_sp_en,UniversalCEFR/cefr_sp_en,"She died on 12 February 2019 , at the age of 79 .",She suffered a miscarriage and survived clinical death .,0.5565,0.7791,2.5,0.0,0.0
A2,B1,1,1.0,0.75,ok,UniversalCEFR/cefr_sp_en,UniversalCEFR/cefr_sp_en,Blouses are more feminine than shirts .,I have more shirts than blouses .,0.7788,0.7788,1.0,0.0,0.0
B1,B2,1,1.0,0.75,ok,UniversalCEFR/cefr_sp_en,UniversalCEFR/cefr_sp_en,Underwear is worn for many reasons .,"In countries where the weather is cold , underwear is one more layer of clothing that helps the wearer to keep warm .",0.7788,0.7788,0.405,0.095,15.0
B1,B2,1,1.0,0.75,similar_complexity,UniversalCEFR/cefr_sp_en,UniversalCEFR/cefr_sp_en,"In most species , the female does most or all of the nest construction , though the male often helps .","The male then leads the female to potential nest sites , and the female will choose one .",0.7787,0.7787,0.014,0.021,2.0
A1,B1,2,1.2,0.6,similar_complexity,UniversalCEFR/cefr_sp_en,UniversalCEFR/cefr_sp_en,He died on 18 October 2017 .,He died 23 December 2018 in Mumbai at the age of 86 after a brief illness .,0.6489,0.7786,0.096,0.0,9.0
B1,B2,1,1.0,0.75,ok,UniversalCEFR/cefr_sp_en,UniversalCEFR/cefr_sp_en,"The median income for a household was $ 41,290 .","The median income for a household in the city was $ 16,563 , and the median income for a family was $ 33,125 .",0.7786,0.7786,0.484,0.389,11.0
A1,A2,1,1.0,0.6,ok,UniversalCEFR/cefr_sp_en,UniversalCEFR/cefr_sp_en,He died on 26 September 2017 in Paris at the age of 91 .,He died in Paris .,0.7784,0.7784,0.15,0.0,6.0
B1,B2,1,1.0,0.75,ok,UniversalCEFR/cefr_sp_en,UniversalCEFR/cefr_sp_en,"There is no exact total number of deaths , because many were unrecorded .","Estimates for the total number of casualties in the war vary , because many deaths went unrecorded .",0.7783,0.7783,0.229,0.062,4.0
B2,C1,1,1.0,0.75,ok,UniversalCEFR/cefr_sp_en,UniversalCEFR/cefr_sp_en,"Shy and harmless towards humans , smalleye hammerhead sharks are fished throughout its range and is sold as food .","Timid and harmless to humans , the smalleye hammerhead is caught incidentally by inshore artisanal multispecies fisheries throughout its range , and marketed as food .",0.7782,0.7782,0.877,0.012,5.0
A2,B1,1,1.0,0.75,ok,UniversalCEFR/cefr_sp_en,UniversalCEFR/cefr_sp_en,The sun began to rise .,The sun started to rise and the animals began to move around .,0.7782,0.7782,0.683,0.167,7.0
A1,B2,3,1.4,0.55,low_sim_for_dist,UniversalCEFR/elg_cefr_en,UniversalCEFR/elg_cefr_en,"""Quick,' she thought. 'I can't stop.' But all the streets were the same. Where was she now? Suddenly, she came round a corner and her legs went cold. The street did not go through - it stopped.  There were some cars and a big old building. An old cinema, perhaps. But there was no road through. Kim looked back. 
The man stood at the corner and waited. He started to walk slowly down the street.  Kim looked round. There was a door in the building. She ran to it. It opened! She went in and shut the door behind her. Noise. People. Women. Talking, shouting, moving their arms. The market! She was in the market in the old town, near the big shopping street. That door was a back door to the market and the big street was very near.
She started to walk through the market. She was in a slow-moving river of people with heavy shopping bags. She moved with the river. Every time one person stopped and looked at some fruit or fish, all of them stopped. Kim wanted to go quickly, but it was not easy. All these women with bags of food for the family! Then, in the sea of faces, Kim saw those same dark
eyes again. Watching her. He was here in the market!  Kim started to run. There were shopping bags under her feet. She fell and got up again. People shouted at her. One woman tried to catch hold of her.
","'But at least they must give me back my shoes!' cried Passepartout, in an angry voice.
They gave him his shoes.
'They have cost a lot of money,' he said. 'More than a thousand pounds each! And they do not fit very well, either.'
Passepartout, in a very unhappy state of mind, followed Mr Fogg, who had offered his arm to Aouda. Fix still hoped that the robber (as he thought Mr Fogg to be) would never agree to lose the two thousand pounds, and that he would go to prison for seven days. All the same, he followed him closely.
Mr Fogg took a carriage, and Aouda, Passepartout and he took their places in it. Fix ran behind it until they reached the port, where the carriage stopped. Half a mile out to sea was the steamer Rangoon. It was eleven o'clock, and Mr Fogg was one hour early.
Fix saw him get down from the carriage and, with his companions, take his place in a boat which set off immediately in the direction of the Rangoon. The detective stamped his feet with disappointment.
'He has gone!' he cried. 'And two thousand pounds have gone too! The thief! I will follow him to the end of the world, but at the rate he is spending the money, there will be nothing left of what he has stolen!'
The detective had some reason for thinking this. Mr Fogg had, as a matter of fact, spent more than five thousand pounds since he had left London - and as the money grew less, so also did any reward that the detective could hope for when this affair was over. 
",0.5557,0.778,0.093,0.08,27.0
B1,B2,1,1.0,0.75,similar_complexity,UniversalCEFR/cefr_sp_en,UniversalCEFR/cefr_sp_en,"As of 2005 , the municipality had a total population of 2647 .","As of 2005 , the municipality had a total population of 758,791 , with 748,551 in the municipal seat .",0.7777,0.7777,0.016,0.032,5.0
B1,B2,1,1.0,0.75,ok,UniversalCEFR/cefr_sp_en,UniversalCEFR/cefr_sp_en,Twelve matches were performed at the event .,"Twelve matches were contested at the event , including three matches contested on the pre-show .",0.7775,0.7775,0.057,0.2,8.0
B1,B2,1,1.0,0.75,ok,UniversalCEFR/cefr_sp_en,UniversalCEFR/cefr_sp_en,When a wrestler jumps and stamps both feet on any part of an opponent .,"A move in which a wrestler jumps from the top turnbuckle , top rope or the apron landing one knee across a supine opponent .",0.7775,0.7775,0.261,0.174,9.0
B1,B2,1,1.0,0.75,similar_complexity,UniversalCEFR/cefr_sp_en,UniversalCEFR/cefr_sp_en,"In the summer of 2014 , during a fight in his house he took a hit to the head .","In the summer of 2014 , during a brawl in his house he took a hit to the head and had a bad fall that resulted in a coma .",0.7773,0.7773,0.046,0.046,10.0
A1,A2,1,1.0,0.6,ok,UniversalCEFR/cefr_sp_en,UniversalCEFR/cefr_sp_en,"He died on 3 May 2015 , aged 84 , after a long illness .","Elders died after a long illness on 3 May 2015 , aged 84 .",0.7773,0.7773,0.444,0.0,0.0
B2,C1,1,1.0,0.75,ok,UniversalCEFR/cefr_sp_en,UniversalCEFR/cefr_sp_en,There are two practices of balancing a chemical equation .,One balances a chemical equation by changing the scalar number for each chemical formula .,0.7769,0.7769,0.024,0.071,5.0
B1,B2,1,1.0,0.75,ok,UniversalCEFR/cefr_sp_en,UniversalCEFR/cefr_sp_en,"In 2005 , the municipality had a total population of 15,935 .","As of 2010 , the municipality had a total population of 8,441 , up from 7,233 as of 2005 .",0.7769,0.7769,0.904,0.231,5.0
A1,B1,2,1.2,0.6,ok,UniversalCEFR/cefr_sp_en,UniversalCEFR/cefr_sp_en,"The DVD was released on October 10 , 2006 .","A DVD of the first series was released on 19 September 2005 , however there is still no word of series two on DVD .",0.6475,0.7769,0.381,0.19,15.0
B1,B2,1,1.0,0.75,ok,UniversalCEFR/readme_en,UniversalCEFR/readme_en,"The use of the term ""Iron Age"" in the archaeology of South, East, and Southeast Asia is more recent and less common than for Western Eurasia.",The Iron Age as an archaeological period is roughly defined as that part of the prehistory of a culture or region during which ferrous metallurgy was the dominant technology of metalworking.,0.7766,0.7766,0.86,0.007,5.0
B1,B2,1,1.0,0.75,ok,UniversalCEFR/cefr_sp_en,UniversalCEFR/cefr_sp_en,The size of the main cast was smaller compared to the previous series .,"The size of the principal cast was reduced compared to the previous series , with a fixed number of characters appearing in every episode .",0.7766,0.7766,0.528,0.023,10.0
B1,B2,1,1.0,0.75,ok,UniversalCEFR/cefr_sp_en,UniversalCEFR/cefr_sp_en,Programs are composed of instructions which operate on values .,"In a register machine , programs are composed of instructions which operate on values .",0.7757,0.7757,0.427,0.0,4.0
A1,A2,1,1.0,0.6,similar_complexity,UniversalCEFR/readme_en,UniversalCEFR/readme_en,Set off alarm in 5 minutes,How much time before my alarm goes off?,0.7752,0.7752,0.125,0.0,3.0
B1,B2,1,1.0,0.75,ok,UniversalCEFR/cefr_sp_en,UniversalCEFR/cefr_sp_en,POTS can be caused by many different things .,There are many different treatments for the symptoms of POTS .,0.7751,0.7751,0.6,0.0,2.0
A1,B1,2,1.2,0.6,ok,UniversalCEFR/cefr_sp_en,UniversalCEFR/cefr_sp_en,He died on 12 May 2019 at the age of 80 .,"He died in London on 5 December 2013 , aged 75 , from undisclosed causes .",0.6458,0.775,2.275,0.0,2.0
A1,B2,3,1.4,0.55,low_sim_for_dist,UniversalCEFR/elg_cefr_en,UniversalCEFR/elg_cefr_en,"Donna was there with her family, at a table under some trees. Her eyes were on the dancers . . . but she didn't see them; the music was in her ears . . . but she didn't hear it. She didn't want to look or listen or dance; she didn't want to be there. She only wanted to see the lovely, shy boy from the boat, perhaps to dance with him. 
First Mr and Mrs Webb wanted to go to a little place near the beach where they always had good fish. They wanted to have a good time on their first evening in Spain, and later there was the disco in the square at Comillas . . . Mark didn't want to go. 
He didn't want to eat or dance or talk or laugh. He wanted to sit quietly and think about the good-looking girl on the boat. Where was she now? But Dave and Harry and Nick and Sue all wanted him to go . . . Later that evening he walked into the square at Comillas with his friends. 
They found a table at one of the caf,s and they all sat down. Mark looked slowly at the people at the tables near them . . . Donna looked sadly at the people dancing and standing in the square . . . then their eyes met. 
Time stopped. He was here! She was here! He smiled at her with his nice blue eyes. She smiled back at him with her dark brown eyes. Suddenly he wasn't shy.  
","Then his eyes wandered over the town to far away where the ships' lights shone. The moon in its first quarter hung over the hill to the west, and the stars were clear and bright. Five minutes later, Dr Kemp pulled down the window again, and returned to his writing desk.
It must have been about an hour after this that the front-door bell rang. He sat listening. He heard the servant go to the door, and waited for the sound of her feet on the staircase, but she did not come.
'What was that about?' Dr Kemp asked himself. He tried to go on with his work, failed, and went downstairs. He rang the bell and called to the servant as she appeared in the
hall.
'Was that a letter?' he asked.
'Only the bell ringing, sir, and no one there,' she answered.
'I'm restless tonight,' he said to himself. He went back to his study.
Soon afterwards he was hard at work again, and his room was silent except for the sounds of the clock and his pen moving over the paper.
It was two o'clock before he had finished his work for the night. He rose and went upstairs to bed. When he had taken off his coat and shirt, he felt thirsty. He took a lamp and went down to the dining room in search of a drink.
Dr Kemp's scientific work had trained him to notice things quickly. As he crossed the hall, he saw a dark spot on the floor near the stairs. He went on upstairs, and then he asked himself what the dark spot on the floor might be. 
",0.5533,0.7746,0.087,0.066,33.0
B1,B2,1,1.0,0.75,ok,UniversalCEFR/cefr_sp_en,UniversalCEFR/cefr_sp_en,The injured people were rushed to hospital .,People injured in the crash were taken to the hospital .,0.774,0.774,0.643,0.1,3.0
A1,A2,1,1.0,0.6,ok,UniversalCEFR/readme_en,UniversalCEFR/readme_en,cancel alarm for 7 am tomorrow,i need to set my alarm for tomorrow at 7 am,0.7737,0.7737,1.6,0.0,5.0
B2,C1,1,1.0,0.75,ok,UniversalCEFR/cefr_sp_en,UniversalCEFR/cefr_sp_en,The state and union territory capitals are sorted according to no legislative and judicial capitals .,"The state and union territory capitals are sorted according to administrative , legislative and judicial capitals .",0.773,0.773,0.8,0.0,0.0
A2,B1,1,1.0,0.75,ok,UniversalCEFR/cefr_sp_en,UniversalCEFR/cefr_sp_en,The movie received mixed reviews .,The movie got very positive reviews .,0.7726,0.7726,0.6,0.0,1.0
A2,B1,1,1.0,0.75,ok,UniversalCEFR/cefr_sp_en,UniversalCEFR/cefr_sp_en,The movie received mixed reviews .,The film received positive reviews from critics .,0.772,0.772,0.257,0.0,2.0
A1,B2,3,1.4,0.55,low_sim_for_dist,UniversalCEFR/elg_cefr_en,UniversalCEFR/elg_cefr_en,"Donna was there with her family, at a table under some trees. Her eyes were on the dancers . . . but she didn't see them; the music was in her ears . . . but she didn't hear it. She didn't want to look or listen or dance; she didn't want to be there. She only wanted to see the lovely, shy boy from the boat, perhaps to dance with him. 
First Mr and Mrs Webb wanted to go to a little place near the beach where they always had good fish. They wanted to have a good time on their first evening in Spain, and later there was the disco in the square at Comilla's . . . Mark didn't want to go. 
He didn't want to eat or dance or talk or laugh. He wanted to sit quietly and think about the good-looking girl on the boat. Where was she now? But Dave and Harry and Nick and Sue all wanted him to go . . . Later that evening he walked into the square at Comilla's with his friends. 
They found a table at one of the cafes and they all sat down. Mark looked slowly at the people at the tables near them . . . Donna looked sadly at the people dancing and standing in the square . . . then their eyes met. 
Time stopped. He was here! She was here! He smiled at her with his nice blue eyes. She smiled back at him with her dark brown eyes. Suddenly he wasn't shy.  
","Then his eyes wandered over the town to far away where the ships' lights shone. The moon in its first quarter hung over the hill to the west, and the stars were clear and bright. Five minutes later, Dr Kemp pulled down the window again, and returned to his writing desk.
It must have been about an hour after this that the front-door bell rang. He sat listening. He heard the servant go to the door, and waited for the sound of her feet on the staircase, but she did not come.
'What was that about?' Dr Kemp asked himself. He tried to go on with his work, failed, and went downstairs. He rang the bell and called to the servant as she appeared in the
hall.
'Was that a letter?' he asked.
'Only the bell ringing, sir, and no one there,' she answered.
'I'm restless tonight,' he said to himself. He went back to his study.
Soon afterwards he was hard at work again, and his room was silent except for the sounds of the clock and his pen moving over the paper.
It was two o'clock before he had finished his work for the night. He rose and went upstairs to bed. When he had taken off his coat and shirt, he felt thirsty. He took a lamp and went down to the dining room in search of a drink.
Dr Kemp's scientific work had trained him to notice things quickly. As he crossed the hall, he saw a dark spot on the floor near the stairs. He went on upstairs, and then he asked himself what the dark spot on the floor might be. 
",0.5512,0.7716,0.059,0.068,34.0
A2,B1,1,1.0,0.75,ok,UniversalCEFR/cefr_sp_en,UniversalCEFR/cefr_sp_en,There are two temples .,The complex consists of two temples .,0.7714,0.7714,0.5,0.0,2.0
B1,B2,1,1.0,0.75,ok,UniversalCEFR/cefr_sp_en,UniversalCEFR/cefr_sp_en,The film received mixed to positive reviews .,The movie gained mixed reviews from critics and holds a 50 % rating on Rotten Tomatoes .,0.771,0.771,0.429,0.0,7.0
B2,C1,1,1.0,0.75,ok,UniversalCEFR/cefr_sp_en,UniversalCEFR/cefr_sp_en,The lesser black - backed gull is smaller than the European herring gull .,They are similar in size but slightly smaller than the herring gull .,0.771,0.771,0.25,0.167,0.0
A1,A2,1,1.0,0.6,ok,UniversalCEFR/cefr_sp_en,UniversalCEFR/cefr_sp_en,"He died on 3 May 2015 , aged 84 , after a long illness .",He died 23 December 2018 at the age of 86 after a brief illness .,0.7709,0.7709,0.263,0.0,2.0
A1,B1,2,1.2,0.6,ok,UniversalCEFR/cefr_sp_en,UniversalCEFR/cefr_sp_en,He died on 4 August 2018 .,"He died of pneumonia and heart failure on 7 January 2018 , aged 61 .",0.6423,0.7708,1.0,0.0,6.0
A1,A2,1,1.0,0.6,ok,UniversalCEFR/readme_en,UniversalCEFR/readme_en,Set the alarm for 8 pm central time.,i need to set my alarm for tomorrow at 7 am,0.7707,0.7707,0.657,0.0,3.0
B1,B2,1,1.0,0.75,ok,UniversalCEFR/cefr_sp_en,UniversalCEFR/cefr_sp_en,When a wrestler jumps and stamps both feet on any part of an opponent .,A move in which a wrestler jumps / falls down on an opponent driving his knee into anywhere on the opponent 's body .,0.7706,0.7706,0.136,0.136,8.0
B1,B2,1,1.0,0.75,ok,UniversalCEFR/cefr_sp_en,UniversalCEFR/cefr_sp_en,"He is a key figure in landscape painting , and painted many works .","Though he experimented in various genres of art , his unique talent was landscape painting .",0.7706,0.7706,1.024,0.0,2.0
B1,B2,1,1.0,0.75,ok,UniversalCEFR/cefr_sp_en,UniversalCEFR/cefr_sp_en,"In 2002 , it had a population of 557,000 and a population density of 99 / km2 .","As of 2008 , the city has an estimated population of 197,437 and the density of 1,010 people per km2 .",0.7704,0.7704,0.158,0.073,4.0
B1,B2,1,1.0,0.75,ok,UniversalCEFR/cefr_sp_en,UniversalCEFR/cefr_sp_en,"The median income for a household in the county was $ 64,294 .","The median income for a household in the city was $ 45,015 , and the median income for a family was $ 51,162 .",0.7702,0.7702,0.256,0.289,8.0
B1,B2,1,1.0,0.75,ok,UniversalCEFR/cefr_sp_en,UniversalCEFR/cefr_sp_en,A knee lift is a move where a wrestler uses their knee and brings it up to hit the opponent under the chin .,An attack where a wrestler will strike an opponent using the knee .,0.77,0.77,0.848,0.091,11.0
A1,B1,2,1.2,0.6,ok,UniversalCEFR/cefr_sp_en,UniversalCEFR/cefr_sp_en,"She died on June 9 , 2014 , at the age of 103 .",She turned 100 in September 2017 and died on 19 January 2018 in Rome .,0.6416,0.77,1.325,0.1,2.0
B1,B2,1,1.0,0.75,ok,UniversalCEFR/cefr_sp_en,UniversalCEFR/cefr_sp_en,The film received positive reviews from critics .,The movie gained negative reviews from critics and holds a 23 % rating on Rotten Tomatoes .,0.7699,0.7699,0.786,0.0,7.0
A2,B1,1,1.0,0.75,ok,UniversalCEFR/cefr_sp_en,UniversalCEFR/cefr_sp_en,"According to Statistics Canada , the county has a total area of 2004.44 km2 .",The county covers an area of 2004.44 km2 .,0.7696,0.7696,0.803,0.0,5.0
B1,B2,1,1.0,0.75,ok,UniversalCEFR/cefr_sp_en,UniversalCEFR/cefr_sp_en,"As of 2005 , the municipality had a total population of 7,172 .","As of 2010 , the municipality had a total population of 819,543 , up from 758,791 as of 2005 .",0.7695,0.7695,0.598,0.12,4.0
B1,B2,1,1.0,0.75,similar_complexity,UniversalCEFR/cefr_sp_en,UniversalCEFR/cefr_sp_en,Critics gave it mixed reviews .,The movie gained mixed reviews from critics and holds a 50 % rating on Rotten Tomatoes .,0.7695,0.7695,0.143,0.0,9.0
B2,C1,1,1.0,0.75,ok,UniversalCEFR/cefr_sp_en,UniversalCEFR/cefr_sp_en,Many forms of amnesia fix themselves without being treated .,There are three generalized categories in which amnesia could be acquired by a person .,0.7695,0.7695,0.413,0.0,5.0
B1,B2,1,1.0,0.75,similar_complexity,UniversalCEFR/cefr_sp_en,UniversalCEFR/cefr_sp_en,He was then nominated by the prime minister to serve as the Minister of Finance .,Mehr was then nominated by the Prime Minister to serve as the Minister of Finance .,0.7694,0.7694,0.133,0.0,0.0
B1,B2,1,1.0,0.75,ok,UniversalCEFR/cefr_sp_en,UniversalCEFR/cefr_sp_en,"The median income for a household in the county was $ 64,294 .","The median income for a household in the city was $ 32,588 , and the median income for a family was $ 36,165 .",0.7692,0.7692,0.256,0.289,8.0
B1,B2,1,1.0,0.75,ok,UniversalCEFR/cefr_sp_en,UniversalCEFR/cefr_sp_en,"The main economic activities of the town are tourism , commerce and fishing .","The main economic activities of the municipality are the same as the province : tourism , agriculture and fishing .",0.769,0.769,0.304,0.093,5.0
B1,B2,1,1.0,0.75,ok,UniversalCEFR/cefr_sp_en,UniversalCEFR/cefr_sp_en,"In 2005 , the municipality had a total population of 15,935 .","As of 2005 , the municipality had a total population of 758,791 , with 748,551 in the municipal seat .",0.7689,0.7689,0.321,0.143,6.0
B2,C1,1,1.0,0.75,ok,UniversalCEFR/cefr_sp_en,UniversalCEFR/cefr_sp_en,"In computational linguistics , a stem is the part of the word that never changes even when different forms of the word are used .",The stem is the part of the word that never changes even when morphologically inflected ; a lemma is the base form of the word .,0.7686,0.7686,0.27,0.118,1.0
B1,B2,1,1.0,0.75,ok,UniversalCEFR/cefr_sp_en,UniversalCEFR/cefr_sp_en,An elbow drop is where a wrestler jumps or falls down onto their opponent while driving their elbow into anywhere on the opponent 's body .,Drops are types of moves where a wrestlers either jumps or falls down onto their opponent on the floor and lands with a specific part of the body .,0.7685,0.7685,0.266,0.013,3.0
B1,B2,1,1.0,0.75,ok,UniversalCEFR/cefr_sp_en,UniversalCEFR/cefr_sp_en,"In modern times , belts for both men and women are used in BDSM .","Today , chastity belts are sometimes used in BDSM play in consensual relationships .",0.7684,0.7684,1.981,0.006,1.0
A1,B1,2,1.2,0.6,ok,UniversalCEFR/cefr_sp_en,UniversalCEFR/cefr_sp_en,Skiing is a winter sport .,"Skiing , snowboarding and mountaineering are among the most popular sports in Switzerland .",0.6404,0.7684,2.333,0.0,7.0
A1,B1,2,1.2,0.6,ok,UniversalCEFR/cefr_sp_en,UniversalCEFR/cefr_sp_en,He died on 9 May 2019 at the age of 93 .,"He died of pneumonia and heart failure on 7 January 2018 , aged 61 .",0.6402,0.7682,1.875,0.0,2.0
B2,C1,1,1.0,0.75,ok,UniversalCEFR/cefr_sp_en,UniversalCEFR/cefr_sp_en,"As the enamel and dentin are destroyed , the cavity becomes more noticeable .","After enamel and dentin are destroyed and cavity reaches the dental pulp and nerves of the tooth , the tooth becomes sensitive since the nerves are exposed .",0.7681,0.7681,0.244,0.224,14.0
A2,B1,1,1.0,0.75,ok,UniversalCEFR/cefr_sp_en,UniversalCEFR/cefr_sp_en,The movie received mixed reviews .,The film received generally positive reviews .,0.7681,0.7681,0.9,0.0,1.0
B1,B2,1,1.0,0.75,ok,UniversalCEFR/cefr_sp_en,UniversalCEFR/cefr_sp_en,It is usually possible to save a text conversation for later reference .,It is possible to save a conversation to read later or look at again .,0.768,0.768,0.988,0.071,2.0
B2,C1,1,1.0,0.75,ok,UniversalCEFR/cefr_sp_en,UniversalCEFR/cefr_sp_en,"Six professional wrestling matches were on the event 's supercard , a scheduling of more than one main event .","The event had eight professional wrestling matches with different wrestlers involved in scripted feuds , plots and storylines .",0.7677,0.7677,1.405,0.056,1.0
B1,B2,1,1.0,0.75,ok,UniversalCEFR/readme_en,UniversalCEFR/readme_en,"If filename is a multi-image file, then imread reads the first image in the file.","A = imread(filename) reads the image from the file specified by filename, inferring the format of the file from its contents.",0.7674,0.7674,0.762,0.098,5.0
B1,B2,1,1.0,0.75,ok,UniversalCEFR/cefr_sp_en,UniversalCEFR/cefr_sp_en,"The median income for a household in the county was $ 64,294 .","The median income for a household in the city was $ 16,563 , and the median income for a family was $ 33,125 .",0.7671,0.7671,0.256,0.289,8.0
A1,B1,2,1.2,0.6,ok,UniversalCEFR/readme_en,UniversalCEFR/readme_en,set alarm every 5 minutes for 15 minutes,Use the Alarm tab to set one-time or recurring alarms and choose options for how to be notified,0.6392,0.767,0.947,0.114,13.0
A1,A2,1,1.0,0.6,ok,UniversalCEFR/cefr_sp_en,UniversalCEFR/cefr_sp_en,No one brought drinks .,None of them drink .,0.7669,0.7669,0.75,0.0,0.0
B1,B2,1,1.0,0.75,ok,UniversalCEFR/cefr_sp_en,UniversalCEFR/cefr_sp_en,"After the war , the buildings were used as an immigration and migration hostel .","After the war , the buildings were used to house new migrants to Australia .",0.7667,0.7667,0.308,0.077,0.0
B2,C1,1,1.0,0.75,ok,UniversalCEFR/cefr_sp_en,UniversalCEFR/cefr_sp_en,Para-alpine skiing classification is designed to give insurance equal competition between alpine skiers with different types of limited physical and seeing powers .,Para-alpine skiing classification is the order system for para-alpine skiing .,0.7666,0.7666,0.67,0.207,11.0
B1,B2,1,1.0,0.75,ok,UniversalCEFR/cefr_sp_en,UniversalCEFR/cefr_sp_en,Civil rights are protected by law and custom .,Civil rights guarantee equal protection under the law .,0.7665,0.7665,1.125,0.0,0.0
B2,C1,1,1.0,0.75,ok,UniversalCEFR/readme_en,UniversalCEFR/readme_en,"Hello, ladies and gentlemen, and welcome to This Week In Apple Rumors, our regular look back at all of the week's unconfirmed","Every week the numerous blogs covering the machinations of the Apple empire float unconfirmed rumors, blatant speculation",0.7663,0.7663,1.527,0.072,5.0
B1,B2,1,1.0,0.75,ok,UniversalCEFR/cefr_sp_en,UniversalCEFR/cefr_sp_en,"As of 2005 , the municipality had a total population of 2647 .",The municipality had 258 inhabitants in 2003 .,0.7663,0.7663,1.756,0.111,4.0
A1,A2,1,1.0,0.6,ok,UniversalCEFR/readme_en,UniversalCEFR/readme_en,Add an alarm on Saturday at  11 am,set alarm for 8:45am tomorrow,0.7662,0.7662,1.321,0.0,3.0
A2,B1,1,1.0,0.75,ok,UniversalCEFR/cefr_sp_en,UniversalCEFR/cefr_sp_en,I wish I could have done it .,I wish I had done it differently .,0.766,0.766,0.714,0.0,0.0
B1,B2,1,1.0,0.75,ok,UniversalCEFR/cefr_sp_en,UniversalCEFR/cefr_sp_en,"As of 2010 , the municipality had a total population of 8,343 , up from 7,172 as of 2005 .","As of 2005 , the municipality had a total population of 758,791 , with 748,551 in the municipal seat .",0.7656,0.7656,0.582,0.088,1.0
B2,C1,1,1.0,0.75,ok,UniversalCEFR/cefr_sp_en,UniversalCEFR/cefr_sp_en,"After the rinse cycle , the machine begins the extraction process , which recovers dry-cleaning solvent for reuse .","At the end of the wash cycle , the machine starts a rinse cycle where the garment load is rinsed with freshly distilled solvent dispensed from the solvent tank .",0.7655,0.7655,0.828,0.097,11.0
B1,B2,1,1.0,0.75,ok,UniversalCEFR/cefr_sp_en,UniversalCEFR/cefr_sp_en,"In multiplayer mode , up to 4 people can play against each other non-stop .",The game supports multiplayer with support for up to four players simultaneously .,0.7652,0.7652,1.365,0.0,1.0
B1,B2,1,1.0,0.75,ok,UniversalCEFR/cefr_sp_en,UniversalCEFR/cefr_sp_en,"Starting in 1941 , all entering students had to be high school graduates .","Starting in 1941 , all entering students had to be high school graduates , allowing the seminary to discontinue all high school classes .",0.7651,0.7651,0.35,0.2,9.0
A1,A2,1,1.0,0.6,ok,UniversalCEFR/readme_en,UniversalCEFR/readme_en,Add an alarm on Saturday at  11 am,Set an alarm for tomorrow at 2am,0.7649,0.7649,0.405,0.0,1.0
B1,B2,1,1.0,0.75,ok,UniversalCEFR/cefr_sp_en,UniversalCEFR/cefr_sp_en,The movie got bad reviews from critics .,"The movie received mostly positive reviews from critics , and performances from the cast were praised .",0.7647,0.7647,1.095,0.133,8.0
B1,B2,1,1.0,0.75,ok,UniversalCEFR/cefr_sp_en,UniversalCEFR/cefr_sp_en,The movie got mixed and positive reviews from critics .,The film had a chilly reception with critics .,0.7644,0.7644,0.375,0.0,1.0
B1,B2,1,1.0,0.75,ok,UniversalCEFR/cefr_sp_en,UniversalCEFR/cefr_sp_en,Three matches happened on the pre-show .,"Twelve matches were contested at the event , including three matches contested on the pre-show .",0.7644,0.7644,0.629,0.2,8.0
B1,B2,1,1.0,0.75,ok,UniversalCEFR/cefr_sp_en,UniversalCEFR/cefr_sp_en,The movie received negative reviews from critics .,"The movie received mostly positive reviews from critics , and performances from the cast were praised .",0.7643,0.7643,0.333,0.133,8.0
A1,B1,2,1.2,0.6,ok,UniversalCEFR/readme_en,UniversalCEFR/readme_en,Set alarm for 9am every Friday,Use the Alarm tab to set one-time or recurring alarms and choose options for how to be notified,0.6369,0.7642,0.347,0.053,14.0
B1,B2,1,1.0,0.75,ok,UniversalCEFR/cefr_sp_en,UniversalCEFR/cefr_sp_en,Larger code size can be used to increase program speed when using .,Larger code size can be traded for higher program speed when applying loop unrolling .,0.7641,0.7641,0.571,0.0,2.0
B1,B2,1,1.0,0.75,ok,UniversalCEFR/cefr_sp_en,UniversalCEFR/cefr_sp_en,The film received negative reviews from critics .,"The movie received mostly positive reviews from critics , and performances from the cast were praised .",0.7641,0.7641,0.19,0.133,8.0
A2,B1,1,1.0,0.75,ok,UniversalCEFR/cefr_sp_en,UniversalCEFR/cefr_sp_en,She died after a long illness on 6 April 2014 at the age of 85 .,"She died in her sleep on 6 March 2018 , from natural causes at the age of 88 .",0.764,0.764,0.226,0.0,2.0
B2,C1,1,1.0,0.75,ok,UniversalCEFR/cefr_sp_en,UniversalCEFR/cefr_sp_en,The didgeridoo is now often used as an instrument in the experimental and avant-garde music scene .,"A didgeridoo is a type of musical instrument that , according to western musicological classification , falls into the category of aerophone .",0.7638,0.7638,1.085,0.041,3.0
A1,A2,1,1.0,0.6,ok,UniversalCEFR/cefr_sp_en,UniversalCEFR/cefr_sp_en,"She died on June 9 , 2014 , at the age of 103 .",She died after long illness on 6 April 2014 .,0.7637,0.7637,1.411,0.0,1.0
A1,B1,2,1.2,0.6,similar_complexity,UniversalCEFR/elg_cefr_en,UniversalCEFR/elg_cefr_en,"But I wanted to see Paris again one day, and this was perhaps the only time for an escape. 'OK,' I said to Ned. At nine o'clock, I opened my door and started to walk to the little boat. But suddenly, the Nautilus stopped on the sea floor. Then Captain Nemo arrived. 'You wanted the answer to a question, I think, Mr Aronnax,' he said. 'Come with me.'
 I went with him to the window. There were some old boats on the sea floor, and Nemo's men were there in their diving suits. They walked to the old boats and came back with gold in their hands. 'These boats went down to the sea floor in 1702, heavy with South American gold. My men and I sometimes come here and take a little gold. But it isn't for us. There are unhappy people in many countries. The gold is for them.' I remembered the problems in Crete and started to understand Captain Nemo. But Ned was not a happy man. 'Where were you?' he asked me later. 
'We waited for you, but you didn't come.' Chapter 6 To the South Pole* A day later, we were many leagues from the coast. 'The roads here are very bad, Mr Aronnax,' Captain Nemo said. 'But do you want to walk on them with me?' Roads under the sea? I didn't understand. But I put on my diving suit and went with the captain. Nemo walked quickly underwater. I wanted to stay with him, but it was very difficult. My feet came down on the sea floor, but the sea floor moved with me. What was under my feet?""
","On 24th February 1815 the ship Pharaoh came in to Marseilles. A man on the shore jumped into a boat and went out to the ship.
A young man, about twenty years old, looked over the side of the ship. He seemed to be the captain. He was the type of man who meets danger without fear.
'Oh! Is it you, Dantes?' cried the man in the boat. 'What has happened?'
'A very sad thing, Mr Morrel,' replied the young man. 'When our ship was near Civitavecchia, we lost our brave Captain Leclerc.'
He turned to his men and gave a quick order. Then he turned again to Morrel. The Pharaoh was Morrel's ship, and Edmond Dantes was First Officer.
'We will all die one day, Edmond,' said Morrel. 'The goods …?'
'They are safe, Mr Morrel. Now, come on board. Here is Danglars. He does all the buying and selling. I must look after my ship.'
Morrel climbed quickly onto the ship and met Danglars. Danglars was about twenty-five years old. Nobody on the Pharaoh liked him.
'Well, Mr Morrel,' said Danglars. 'You heard about the sad death of Captain Leclerc?'
'Yes. He was a brave and good man.'
'And a good seaman. He was old and wise, a good ship's captain for Morrel and Son,' replied Danglars.
'A young man can be a good captain, too,' Morrel said. 'Look at our friend Edmond. He works well.'
'Yes,' said Danglars. He looked at Dantes. He did not like him. 'Yes, he is young and he is very sure of himself. When the captain died, we had to take orders from him. And as a result, we lost a day and a half at the island of Elba. We needed to come straight to Marseilles.'
",0.6363,0.7635,0.03,0.012,19.0
C1,C2,1,1.0,0.75,ok,UniversalCEFR/cefr_sp_en,UniversalCEFR/cefr_sp_en,Tube worms form an important part of the community around a hydrothermal vent .,"Siboglinid tube worms , which may grow to over 2 m tall in the largest species , often form an important part of the community around a hydrothermal vent .",0.7635,0.7635,0.308,0.038,13.0
B1,B2,1,1.0,0.75,ok,UniversalCEFR/cefr_sp_en,UniversalCEFR/cefr_sp_en,"The median income for a household was $ 34,669 .","According to the 2010 census , the median income for a household in the county was $ 36,363 , and the median income for a family was $ 41,381 .",0.7633,0.7633,0.201,0.364,15.0
A2,B1,1,1.0,0.75,ok,UniversalCEFR/cefr_sp_en,UniversalCEFR/cefr_sp_en,"Construction of the bridge began on March 17 , 1952 .",Construction of the bridge started in September 1938 .,0.7628,0.7628,0.857,0.0,0.0
A1,A2,1,1.0,0.6,ok,UniversalCEFR/readme_en,UniversalCEFR/readme_en,Set an alarm for 6am tomorrow,What time is my alarm set for tomorrow?,0.7627,0.7627,0.325,0.0,3.0
B1,B2,1,1.0,0.75,ok,UniversalCEFR/cefr_sp_en,UniversalCEFR/cefr_sp_en,When a wrestler jumps and stamps both feet on any part of an opponent .,A move in which a wrestler jumps or falls down on an opponent driving their elbow into anywhere on the opponent 's body .,0.7627,0.7627,0.174,0.13,9.0
B1,B2,1,1.0,0.75,ok,UniversalCEFR/cefr_sp_en,UniversalCEFR/cefr_sp_en,The chapel offers regular services .,"The chapel offers regular services , as well as music of pipe organ .",0.7624,0.7624,1.5,0.083,7.0
A2,B1,1,1.0,0.75,ok,UniversalCEFR/cefr_sp_en,UniversalCEFR/cefr_sp_en,The first attack was made on January 17 .,The next attack was launched on 24 January .,0.7623,0.7623,0.429,0.0,0.0
A1,B1,2,1.2,0.6,ok,UniversalCEFR/readme_en,UniversalCEFR/readme_en,Set the alarm for 8 pm central time.,Use the Alarm tab to set one-time or recurring alarms and choose options for how to be notified,0.635,0.762,0.195,0.053,12.0
B1,B2,1,1.0,0.75,ok,UniversalCEFR/cefr_sp_en,UniversalCEFR/cefr_sp_en,The museum also displays copies of the Erfurt Hebrew Manuscripts .,"It also displays facsimiles of the Erfurt Hebrew Manuscripts , a collection of significant religious texts dating from the 12th - 14th century .",0.7619,0.7619,0.289,0.005,9.0
B2,C1,1,1.0,0.75,ok,UniversalCEFR/readme_en,UniversalCEFR/readme_en,"Hello, ladies and gentlemen, and welcome to This Week In Apple Rumors, our regular look back at all of the week's unconfirmed","Every week, the numerous blogs covering the mysterious Apple empire float unconfirmed rumors, blatant speculation and questionably",0.7619,0.7619,1.997,0.013,5.0
A2,B1,1,1.0,0.75,ok,UniversalCEFR/cefr_sp_en,UniversalCEFR/cefr_sp_en,The movie received mixed reviews .,The film received generally favorable reviews .,0.7619,0.7619,1.067,0.0,1.0
B1,B2,1,1.0,0.75,ok,UniversalCEFR/cefr_sp_en,UniversalCEFR/cefr_sp_en,The upper side of the wings is black .,The upperside of the wings is checkered with orange and black .,0.7615,0.7615,1.011,0.034,3.0
B2,C1,1,1.0,0.75,ok,UniversalCEFR/cefr_sp_en,UniversalCEFR/cefr_sp_en,The design claim can be challenged as an argument from analogy .,"The design claim is often challenged as an argument from ignorance , since it is often unexplained or unsupported , or explained by unscientific conjecture .",0.7611,0.7611,0.881,0.13,12.0
B1,B2,1,1.0,0.75,ok,UniversalCEFR/cefr_sp_en,UniversalCEFR/cefr_sp_en,China also has a variety of forest types .,"China has over 32,000 species of vascular plants , and is home to a variety of forest types .",0.761,0.761,0.062,0.062,8.0
A2,B1,1,1.0,0.75,ok,UniversalCEFR/cefr_sp_en,UniversalCEFR/cefr_sp_en,There were two tigers at the zoo .,"In zoos , lions have been known to breed with tigers .",0.7609,0.7609,0.386,0.0,3.0
B1,B2,1,1.0,0.75,ok,UniversalCEFR/cefr_sp_en,UniversalCEFR/cefr_sp_en,The pitching distance is 50 feet .,Fastpitch pitching distance can be between 35 and 45 feet ; it all depends on the age of the players .,0.7609,0.7609,0.529,0.059,12.0
B1,B2,1,1.0,0.75,ok,UniversalCEFR/cefr_sp_en,UniversalCEFR/cefr_sp_en,It is made up of 8 districts and 28 municipalities .,The province has 6 districts and 12 municipalities .,0.7608,0.7608,1.917,0.0,2.0
B2,C1,1,1.0,0.75,ok,UniversalCEFR/cefr_sp_en,UniversalCEFR/cefr_sp_en,The lesser black - backed gull is smaller than the European herring gull .,"The taxonomy of the herring gull / lesser black - backed gull group is very complicated , with different authorities recognizing between two and eight species .",0.7608,0.7608,0.736,0.08,11.0
B1,B2,1,1.0,0.75,ok,UniversalCEFR/cefr_sp_en,UniversalCEFR/cefr_sp_en,The frog spends most of the year underground .,"The frog spends most of its life underground and surfaces only during the monsoon , for mating .",0.7608,0.7608,0.188,0.062,8.0
B1,B2,1,1.0,0.75,ok,UniversalCEFR/cefr_sp_en,UniversalCEFR/cefr_sp_en,The film received positive reviews from critics .,The movie gained mixed reviews from critics and holds a 50 % rating on Rotten Tomatoes .,0.7608,0.7608,1.0,0.0,7.0
A1,B1,2,1.2,0.6,ok,UniversalCEFR/cefr_sp_en,UniversalCEFR/cefr_sp_en,"Long died on January 15 , 2017 , at the age of 63 .","Large died of cancer in New York City on October 28 , 2017 at the age of 74 .",0.634,0.7607,0.125,0.071,6.0
A1,A2,1,1.0,0.6,ok,UniversalCEFR/cefr_sp_en,UniversalCEFR/cefr_sp_en,"He died on 6 January 2015 , aged 82 .","He died on 12 July 2019 , four days before his 85th birthday .",0.7607,0.7607,0.311,0.0,4.0
B1,B2,1,1.0,0.75,ok,UniversalCEFR/cefr_sp_en,UniversalCEFR/cefr_sp_en,This situation almost happened again in 2004 .,The same situation nearly materialized in 2004 .,0.7604,0.7604,0.333,0.0,0.0
B1,B2,1,1.0,0.75,ok,UniversalCEFR/cefr_sp_en,UniversalCEFR/cefr_sp_en,"16 - bit programs usually run in a single virtual DOS machine , sharing memory between them .",16 - bit programs run separately within one 32 - bit NTVDM process .,0.76,0.76,0.262,0.111,5.0
B2,C1,1,1.0,0.75,ok,UniversalCEFR/cefr_sp_en,UniversalCEFR/cefr_sp_en,Free or Zero-fare public transport services are funded in full by means other than collecting a fare from passengers .,"Zero-fare services may be funded by national , regional or local government through taxation or by commercial sponsorship by businesses .",0.7598,0.7598,0.85,0.1,0.0
B1,B2,1,1.0,0.75,ok,UniversalCEFR/cefr_sp_en,UniversalCEFR/cefr_sp_en,Services can be described in terms of their main attributes .,Services can be described in terms of I's .,0.7598,0.7598,0.75,0.0,2.0
A2,B1,1,1.0,0.75,ok,UniversalCEFR/cefr_sp_en,UniversalCEFR/cefr_sp_en,There was also a version played on television .,"As well as the version played on television , there was another , more graphic version created .",0.7597,0.7597,0.317,0.133,7.0
A1,A2,1,1.0,0.6,very_short_text,UniversalCEFR/readme_en,UniversalCEFR/readme_en,cancel alarm for 4pm,Set an alarm for tomorrow at 2am,0.7596,0.7596,0.833,0.0,3.0
B1,B2,1,1.0,0.75,ok,UniversalCEFR/cefr_sp_en,UniversalCEFR/cefr_sp_en,The film was very well received by critics and audiences .,"The film generated mostly positive reviews , and performances from the cast were praised .",0.7593,0.7593,0.992,0.077,3.0
B2,C1,1,1.0,0.75,ok,UniversalCEFR/cefr_sp_en,UniversalCEFR/cefr_sp_en,"These animals have a long tail , small eyes , and few pectoral - fin radials .","Characteristic features are a very long filiform tail , reduced eyes , and a low number of pectoral - fin radials .",0.7593,0.7593,0.538,0.056,5.0
B2,C1,1,1.0,0.75,ok,UniversalCEFR/cefr_sp_en,UniversalCEFR/cefr_sp_en,"For people who keep getting infections , taking antibiotics for a long time is helpful .","In cases where infections are related to intercourse , taking antibiotics afterwards may be useful .",0.7592,0.7592,0.857,0.071,0.0
A1,A2,1,1.0,0.6,ok,UniversalCEFR/readme_en,UniversalCEFR/readme_en,show my alarms for tomorrow,set alarm for 8:45am tomorrow,0.7589,0.7589,0.15,0.0,1.0
B2,C1,1,1.0,0.75,ok,UniversalCEFR/cefr_sp_en,UniversalCEFR/cefr_sp_en,Zinc sulfate can be used to add zinc to the soil .,Zinc sulfate can be used to supplement zinc in the brewing process .,0.7588,0.7588,1.129,0.098,1.0
B2,C1,1,1.0,0.75,ok,UniversalCEFR/cefr_sp_en,UniversalCEFR/cefr_sp_en,The poem satirises a small incident by comparing it to the epic world of the gods .,The poem is sarcastically laughing at the epic world of the gods .,0.7588,0.7588,0.292,0.042,4.0
B1,B2,1,1.0,0.75,ok,UniversalCEFR/cefr_sp_en,UniversalCEFR/cefr_sp_en,The libretto is not always written before the music .,"Usually a libretto is written before the music , but sometimes composers wrote some of the music first and then looked for words to go with it .",0.7587,0.7587,0.355,0.034,17.0
A1,A2,1,1.0,0.6,ok,UniversalCEFR/cefr_sp_en,UniversalCEFR/cefr_sp_en,"He died on October 2 , 2005 in New York City , U.S.","He died in 2005 at the age of 87 in New York City , after suffering from cancer .",0.7585,0.7585,0.667,0.067,5.0
C1,C2,1,1.0,0.75,ok,UniversalCEFR/readme_en,UniversalCEFR/readme_en,"Visual Clustering achieves a very fast computation time that is almost identical to Gaussian Mixture, which was the fastest classical algorithm among the ones tested, and faster performance than K-Means clustering.","Our experiments on real and synthetic datasets and comparisons to ten classical clustering algorithms show that Visual Clustering achieves clustering results that are in-line with human intuition, which is highlighted by very high adjusted mutual information scores, and does so in a fast computation time that outperforms almost all the rest of the classical algorithms, making it efficient for usage on very large datasets.",0.7584,0.7584,0.133,0.137,33.0
A2,B1,1,1.0,0.75,ok,UniversalCEFR/readme_en,UniversalCEFR/readme_en,Pour half of pie filling over bananas in bottom of pie shell.,"Dip slices in lemon juice, shake off excess and distribute banana slices in the bottom of baked pie shell.",0.7582,0.7582,0.443,0.061,7.0
B1,B2,1,1.0,0.75,ok,UniversalCEFR/cefr_sp_en,UniversalCEFR/cefr_sp_en,The main economical resource is agriculture .,The peninsula's main economic resource is agriculture .,0.7579,0.7579,0.381,0.0,1.0
B1,B2,1,1.0,0.75,similar_complexity,UniversalCEFR/cefr_sp_en,UniversalCEFR/cefr_sp_en,This movie got mixed reviews .,The movie gained mixed reviews from critics and holds a 50 % rating on Rotten Tomatoes .,0.7579,0.7579,0.057,0.0,9.0
B1,B2,1,1.0,0.75,ok,UniversalCEFR/cefr_sp_en,UniversalCEFR/cefr_sp_en,A knee lift is a move where a wrestler uses their knee and brings it up to hit the opponent under the chin .,A move in which a wrestler jumps / falls down on an opponent driving his knee into anywhere on the opponent 's body .,0.7578,0.7578,0.484,0.038,1.0
B2,C1,1,1.0,0.75,ok,UniversalCEFR/cefr_sp_en,UniversalCEFR/cefr_sp_en,The first construction had a two storied front section with a one-story extension to the rear .,"The initial construction featured a two-story front section with a one-story extension to the rear , housing the dining room and the winter kitchen .",0.7578,0.7578,0.311,0.082,8.0
A1,B1,2,1.2,0.6,ok,UniversalCEFR/cefr_sp_en,UniversalCEFR/cefr_sp_en,How do I get to the airport ?,I am looking for someone who can drive me to the airport .,0.6315,0.7578,0.75,0.0,5.0
B1,B2,1,1.0,0.75,ok,UniversalCEFR/cefr_sp_en,UniversalCEFR/cefr_sp_en,Multiplayer can be played with up to four players .,Up to five players can play simultaneously .,0.7576,0.7576,0.587,0.0,2.0
A2,B1,1,1.0,0.75,ok,UniversalCEFR/readme_en,UniversalCEFR/readme_en,Make sure banana slices are covered by pie filling.,"Dip slices in lemon juice, shake off excess and distribute banana slices in the bottom of baked pie shell.",0.7574,0.7574,0.14,0.105,10.0
B1,B2,1,1.0,0.75,ok,UniversalCEFR/cefr_sp_en,UniversalCEFR/cefr_sp_en,Her favorite bracelet suddenly disappeared .,There was a scratch on her favorite bracelet .,0.7573,0.7573,2.975,0.0,3.0
B1,B2,1,1.0,0.75,ok,UniversalCEFR/cefr_sp_en,UniversalCEFR/cefr_sp_en,At the beginning of the 19th century the building was sold and partly used as a restaurant .,"From the 19th century , the building was used as a ballroom , a restaurant and even a bowling alley .",0.7573,0.7573,0.022,0.051,1.0
A1,A2,1,1.0,0.6,similar_complexity,UniversalCEFR/readme_en,UniversalCEFR/readme_en,Cancel alarm for 10 pm tonight.,cancel all alarms this week while I'm on vacation,0.7573,0.7573,0.044,0.0,4.0
A1,B1,2,1.2,0.6,ok,UniversalCEFR/readme_en,UniversalCEFR/readme_en,"Use cookie cutters with spooky shapes, like ghosts, bats, or moons.","You could draw a spooky face with sharp teeth, the silhouette of a cat, or a scary ghost.",0.6307,0.7569,0.985,0.111,7.0
B1,B2,1,1.0,0.75,ok,UniversalCEFR/cefr_sp_en,UniversalCEFR/cefr_sp_en,Pipelining improves performance by allowing a number of instructions to work their way through the processor at the same time .,"One of the first , and most powerful , techniques to improve performance is the use of the instruction pipeline .",0.7567,0.7567,0.3,0.117,2.0
A1,B1,2,1.2,0.6,ok,UniversalCEFR/cefr_sp_en,UniversalCEFR/cefr_sp_en,"He died on 6 January 2015 , aged 82 .",His age at death has been estimated from 7 years six months to as old as 15 years .,0.6304,0.7564,0.013,0.125,11.0
A2,B1,1,1.0,0.75,ok,UniversalCEFR/cefr_sp_en,UniversalCEFR/cefr_sp_en,The club also played floorball during the 1980s .,In 2007 the club began to play floorball .,0.7564,0.7564,0.857,0.143,0.0
B2,C1,1,1.0,0.75,ok,UniversalCEFR/cefr_sp_en,UniversalCEFR/cefr_sp_en,Withdrawal of a military occupation may be due to political reasons .,Withdrawal of a military occupation is anticipated and therefore tactical but may be subject to political rather than operational variables .,0.7561,0.7561,0.818,0.0,9.0
B1,B2,1,1.0,0.75,ok,UniversalCEFR/cefr_sp_en,UniversalCEFR/cefr_sp_en,"The median income for a household was $ 41,290 .","The median income for a household in the county was $ 46,941 , and the median income for a family was $ 52,281 .",0.7559,0.7559,0.373,0.389,11.0
B1,B2,1,1.0,0.75,ok,UniversalCEFR/cefr_sp_en,UniversalCEFR/cefr_sp_en,"The dolmen dates from about 3,500 B. C .","The dolmen dates from around 3500 BC , and has traditionally been identified as a communal burial .",0.7556,0.7556,1.495,0.0,8.0
B1,B2,1,1.0,0.75,similar_complexity,UniversalCEFR/cefr_sp_en,UniversalCEFR/cefr_sp_en,"When a system writes data to cache , it must at some point write that data to the backing store as well .",A cache is a block of memory for storing data which is likely used again .,0.7554,0.7554,0.01,0.038,6.0
A1,A2,1,1.0,0.6,ok,UniversalCEFR/readme_en,UniversalCEFR/readme_en,Set alarm for 9am every Friday,i need to set my alarm for tomorrow at 7 am,0.7552,0.7552,1.2,0.0,5.0
B1,B2,1,1.0,0.75,ok,UniversalCEFR/cefr_sp_en,UniversalCEFR/cefr_sp_en,"The median income for a household was $ 41,290 .","The median income for a household in the city as of the 2000 census was $ 62,550 , while the median income for a family was $ 67,500 .",0.755,0.755,0.519,0.364,15.0
B1,B2,1,1.0,0.75,ok,UniversalCEFR/cefr_sp_en,UniversalCEFR/cefr_sp_en,"The median income for a household in 2000 was $ 16,563 per year .","According to the 2010 census , the median income for a household in the county was $ 36,363 , and the median income for a family was $ 41,381 .",0.755,0.755,0.227,0.364,12.0
B2,C1,1,1.0,0.75,ok,UniversalCEFR/cefr_sp_en,UniversalCEFR/cefr_sp_en,As Coordinating Minister of Strategic Sectors he was responsible for the building of several hydroelectric power plants the he had to borrowed money from Chinese banks to build .,As Coordinating Minister of Strategic Sectors he was responsible for building several hydroelectric stations .,0.7548,0.7548,1.464,0.143,14.0
B1,B2,1,1.0,0.75,ok,UniversalCEFR/cefr_sp_en,UniversalCEFR/cefr_sp_en,"The median income for a household in 2000 was $ 16,563 per year .","The median income for a household in the county was $ 46,941 , and the median income for a family was $ 52,281 .",0.7548,0.7548,0.056,0.389,8.0
C1,C2,1,1.0,0.75,ok,UniversalCEFR/cefr_sp_en,UniversalCEFR/cefr_sp_en,"Algebraic geometry occupies a central place in modern mathematics and has multiple conceptual connections with such diverse fields as complex analysis , topology and number theory .","The fundamental objects of study in algebraic geometry are algebraic varieties , which are geometric manifestations of solutions of systems of polynomial equations .",0.7543,0.7543,0.244,0.187,3.0
B1,B2,1,1.0,0.75,ok,UniversalCEFR/cefr_sp_en,UniversalCEFR/cefr_sp_en,Summers can be warm and dry for a long time .,Summers can be warm and dry for extended periods creating ideal fire weather conditions .,0.7542,0.7542,1.886,0.0,4.0
B1,B2,1,1.0,0.75,ok,UniversalCEFR/cefr_sp_en,UniversalCEFR/cefr_sp_en,All the people who were on the ship died when it sank .,Many Titanic passengers drowned .,0.754,0.754,3.5,0.083,8.0
B2,C1,1,1.0,0.75,similar_complexity,UniversalCEFR/cefr_sp_en,UniversalCEFR/cefr_sp_en,The pygmy killer whale avoids human contact .,The pygmy avoids human contact .,0.754,0.754,0.086,0.0,2.0
B1,B2,1,1.0,0.75,ok,UniversalCEFR/cefr_sp_en,UniversalCEFR/cefr_sp_en,A wrestler simply hits the opponent with a chair .,"The wrestler draws a hand back and hits the opponent vertically , usually hitting the top of the head .",0.7538,0.7538,0.111,0.056,9.0
A2,B1,1,1.0,0.75,ok,UniversalCEFR/cefr_sp_en,UniversalCEFR/cefr_sp_en,The movie received mixed reviews .,The movie received negative reviews from critics .,0.7538,0.7538,0.4,0.0,2.0
B1,B2,1,1.0,0.75,similar_complexity,UniversalCEFR/cefr_sp_en,UniversalCEFR/cefr_sp_en,The movie got mixed reviews by critics .,The film had a chilly reception with critics .,0.7537,0.7537,0.054,0.0,1.0
A1,B1,2,1.2,0.6,ok,UniversalCEFR/cefr_sp_en,UniversalCEFR/cefr_sp_en,He died on 9 May 2019 at the age of 93 .,"He died in London on 5 December 2013 , aged 75 , from undisclosed causes .",0.6277,0.7532,2.275,0.0,2.0
A1,B1,2,1.2,0.6,ok,UniversalCEFR/cefr_sp_en,UniversalCEFR/cefr_sp_en,He gave her a loving look .,"Amazed that she loves him , he asks her to marry him .",0.6276,0.7532,0.303,0.091,5.0
B1,B2,1,1.0,0.75,ok,UniversalCEFR/cefr_sp_en,UniversalCEFR/cefr_sp_en,The story has been changed many times in the centuries following its publication .,The story has been changed considerably in various retellings and subjected to numerous modern adaptations and readings .,0.7531,0.7531,0.828,0.018,4.0
B2,C1,1,1.0,0.75,ok,UniversalCEFR/cefr_sp_en,UniversalCEFR/cefr_sp_en,"One method , more obscure than most , is to alternate direction when rounding a number with 0.5 fractional part .",The most basic form of rounding is to replace an arbitrary number by an integer .,0.7529,0.7529,0.784,0.067,2.0
A1,A2,1,1.0,0.6,ok,UniversalCEFR/readme_en,UniversalCEFR/readme_en,cancel the alarm for 4:30am,set alarm for 8:45am tomorrow,0.7528,0.7528,0.5,0.0,0.0
B1,B2,1,1.0,0.75,ok,UniversalCEFR/cefr_sp_en,UniversalCEFR/cefr_sp_en,"Many variations of ketchup were created , but the tomato - based version did not appear until about a century later after other types .","As the century progressed , tomato ketchup began its ascent in popularity in the United States .",0.7528,0.7528,0.291,0.133,7.0
B2,C1,1,1.0,0.75,ok,UniversalCEFR/cefr_sp_en,UniversalCEFR/cefr_sp_en,"Genets are highly agile , have quick reflexes and exceptional climbing skills .","Genets are highly agile creatures , with quick reflexes and exceptional climbing skills , and are the only viverrids that are able to stand bipedally .",0.7528,0.7528,0.561,0.13,12.0
B2,C1,1,1.0,0.75,ok,UniversalCEFR/cefr_sp_en,UniversalCEFR/cefr_sp_en,"An elbow smash is where a wrestler makes a punching motion , tucks their hand towards their chest so the elbow and forearm make contact .",A move similar to a sliding forearm smash in which a wrestler jumps down on an opponent driving their forearm into anywhere on the opponent 's body .,0.7525,0.7525,0.139,0.06,3.0
B2,C1,1,1.0,0.75,ok,UniversalCEFR/cefr_sp_en,UniversalCEFR/cefr_sp_en,It flies slowly with its head facing downwards to see its prey .,"It hunts by flying low and slowly over an area of open ground , hovering over spots that conceal potential prey .",0.7524,0.7524,0.25,0.033,8.0
B2,C1,1,1.0,0.75,ok,UniversalCEFR/cefr_sp_en,UniversalCEFR/cefr_sp_en,The triggers that cause uric acid to build up in the blood are not well understood .,The triggers for precipitation of uric acid are not well understood .,0.7524,0.7524,0.994,0.062,5.0
B2,C1,1,1.0,0.75,similar_complexity,UniversalCEFR/cefr_sp_en,UniversalCEFR/cefr_sp_en,Fourth is the high-strength metal shield that must be placed behind the head of all Top Fuel drivers .,Fourth is the titanium shield that must be placed behind the head of all Dragsters and Funny Cars down to the Alcohol ranks .,0.7522,0.7522,0.076,0.034,4.0
C1,C2,1,1.0,0.75,ok,UniversalCEFR/cefr_sp_en,UniversalCEFR/cefr_sp_en,It can be made by dissolving bromine in hot potassium hydroxide .,Potassium bromate is produced when bromine is passed through a hot solution of potassium hydroxide .,0.7521,0.7521,0.782,0.133,4.0
B2,C1,1,1.0,0.75,ok,UniversalCEFR/readme_en,UniversalCEFR/readme_en,Provider will use reasonable efforts to ensure Client's desired Services are produced in a style and manner consistent with Provider current portfolio and Provider will try to incorporate any reasonable suggestion made by Client.,Client has spent a satisfactory amount of time reviewing Provider's work and has a reasonable expectation that Provider will perform the Services in a similar manner and style unless otherwise specified in this Agreement.,0.7517,0.7517,0.235,0.029,0.0
A1,B1,2,1.2,0.6,ok,UniversalCEFR/cefr_sp_en,UniversalCEFR/cefr_sp_en,He has many works .,"He is a key figure in landscape painting , and painted many works .",0.6264,0.7517,0.833,0.0,8.0
A2,B1,1,1.0,0.75,ok,UniversalCEFR/cefr_sp_en,UniversalCEFR/cefr_sp_en,The movie received mixed reviews .,The film received mostly negative reviews from critics .,0.7517,0.7517,0.275,0.0,3.0
A1,A2,1,1.0,0.6,ok,UniversalCEFR/cefr_sp_en,UniversalCEFR/cefr_sp_en,Skiing is a winter sport .,They went skiing last winter .,0.7517,0.7517,0.8,0.0,0.0
A1,A2,1,1.0,0.6,ok,UniversalCEFR/readme_en,UniversalCEFR/readme_en,Set alarm for 9am every Friday,Set an alarm for tomorrow at 2am,0.7516,0.7516,0.567,0.0,1.0
B2,C1,1,1.0,0.75,ok,UniversalCEFR/cefr_sp_en,UniversalCEFR/cefr_sp_en,Many bird songs are so specific that they can be used for species identification .,Their song is mainly territorial : it communicates the identity and whereabouts of an individual to other birds of the same species .,0.7515,0.7515,0.405,0.095,7.0
A1,B1,2,1.2,0.6,ok,UniversalCEFR/cefr_sp_en,UniversalCEFR/cefr_sp_en,I forgot to bring my umbrella .,The nice gentleman went out of his way to give me his umbrella .,0.6261,0.7513,0.154,0.077,7.0
B1,B2,1,1.0,0.75,ok,UniversalCEFR/cefr_sp_en,UniversalCEFR/cefr_sp_en,A router is connected to two or more data lines from different IP networks .,Routers connect two or more networks and direct traffic between them .,0.7513,0.7513,0.916,0.0,3.0
A1,B1,2,1.2,0.6,ok,UniversalCEFR/cefr_sp_en,UniversalCEFR/cefr_sp_en,"Long died on January 15 , 2017 , at the age of 63 .","He died of pneumonia and heart failure on 7 January 2018 , aged 61 .",0.6261,0.7513,1.125,0.0,2.0
B1,B2,1,1.0,0.75,ok,UniversalCEFR/cefr_sp_en,UniversalCEFR/cefr_sp_en,The movie got mixed reviews by critics .,"The movie received mostly positive reviews from critics , and performances from the cast were praised .",0.7511,0.7511,1.095,0.133,8.0
B1,B2,1,1.0,0.75,similar_complexity,UniversalCEFR/cefr_sp_en,UniversalCEFR/cefr_sp_en,Operators also check clothing for foreign objects before placing them into the machine .,Garments are also checked for foreign objects .,0.751,0.751,0.121,0.0,6.0
B1,B2,1,1.0,0.75,ok,UniversalCEFR/cefr_sp_en,UniversalCEFR/cefr_sp_en,The series was popular with American audiences .,"The series proved popular with American audiences and critical response , though sparse , was positive .",0.7507,0.7507,0.357,0.0,7.0
B1,B2,1,1.0,0.75,ok,UniversalCEFR/cefr_sp_en,UniversalCEFR/cefr_sp_en,The film received positive reviews from critics .,The film had a chilly reception with critics .,0.7507,0.7507,1.232,0.0,1.0
B2,C1,1,1.0,0.75,ok,UniversalCEFR/cefr_sp_en,UniversalCEFR/cefr_sp_en,Fire plays a major role in the ecology of the forest with many plant species needing fire to regenerate .,Plants in wildfire - prone ecosystems often survive through adaptations to their local fire regime .,0.7506,0.7506,1.455,0.105,5.0
A1,A2,1,1.0,0.6,ok,UniversalCEFR/readme_en,UniversalCEFR/readme_en,show my alarms for tomorrow,What time is my alarm set for tomorrow?,0.7506,0.7506,0.725,0.0,3.0
A2,B1,1,1.0,0.75,ok,UniversalCEFR/cefr_sp_en,UniversalCEFR/cefr_sp_en,The stone circle was set up between 2900 and 2600 BC .,"The site was built between 2900 and 2600 BC , though there were possibly earlier buildings before 3000 BC .",0.7504,0.7504,1.156,0.067,6.0
C1,C2,1,1.0,0.75,ok,UniversalCEFR/readme_en,UniversalCEFR/readme_en,"Further, at all times neither Party shall use or disclose any Confidential Information relating in any way to the past, present, or future business affairs, conditions, clients, customers, efforts, employees, financial data, operations, practices, products, processes, properties, sales, or services of or relating in any way to the Company in whatever form to any parties outside of this Agreement.","This Agreement imposes no obligation upon the Parties with respect to any Confidential Information that was possessed before initial business interactions commenced between the Parties; is or becomes a matter of public knowledge through no fault of receiving Party; is rightfully received from a third party not owing a duty of confidentiality; is disclosed without a duty of confidentiality to a third party by, or with the authorization of the disclosing Party; or is independently developed by either Party without prior knowledge of privileged or confidential information.",0.7503,0.7503,0.072,0.154,28.0
B1,B2,1,1.0,0.75,ok,UniversalCEFR/cefr_sp_en,UniversalCEFR/cefr_sp_en,Copper has many uses .,Copper is the most widely used conductor in many kinds of electrical wiring .,0.7503,0.7503,0.596,0.0,9.0
A1,A2,1,1.0,0.6,similar_complexity,UniversalCEFR/readme_en,UniversalCEFR/readme_en,cancel alarm for 7 am tomorrow,set alarm for 8:45am tomorrow,0.7502,0.7502,0.05,0.0,1.0
A1,B1,2,1.2,0.6,ok,UniversalCEFR/cefr_sp_en,UniversalCEFR/cefr_sp_en,He died on 4 August 2018 .,"He died in London on 5 December 2013 , aged 75 , from undisclosed causes .",0.625,0.75,1.4,0.0,6.0
A1,A2,1,1.0,0.6,ok,UniversalCEFR/readme_en,UniversalCEFR/readme_en,Cancel alarm for 10 pm tonight.,set alarm for 8:45am tomorrow,0.7496,0.7496,0.15,0.0,1.0
A1,A2,1,1.0,0.6,very_short_text,UniversalCEFR/readme_en,UniversalCEFR/readme_en,set alarm for 7am,Set an alarm for tomorrow at 2am,0.7486,0.7486,0.167,0.0,3.0
A1,A2,1,1.0,0.6,ok,UniversalCEFR/readme_en,UniversalCEFR/readme_en,Set an alarm for 6pm today,What time is my alarm set for tomorrow?,0.7486,0.7486,0.275,0.0,3.0
A1,A2,1,1.0,0.6,ok,UniversalCEFR/cefr_sp_en,UniversalCEFR/cefr_sp_en,"He died on 6 January 2015 , aged 82 .",She died after a long illness on 6 April 2014 at the age of 85 .,0.7476,0.7476,0.383,0.0,7.0
A1,A2,1,1.0,0.6,ok,UniversalCEFR/cefr_sp_en,UniversalCEFR/cefr_sp_en,She may leave early .,My sister might leave early today .,0.7474,0.7474,0.667,0.0,2.0
A1,A2,1,1.0,0.6,ok,UniversalCEFR/readme_en,UniversalCEFR/readme_en,cancel the alarm for 4:30am,Set an alarm for tomorrow at 2am,0.7466,0.7466,0.417,0.0,2.0
A1,A2,1,1.0,0.6,ok,UniversalCEFR/cefr_sp_en,UniversalCEFR/cefr_sp_en,"He died on 3 May 2015 , aged 84 , after a long illness .","She died after a short illness on 15 May 2015 , aged 86 .",0.7461,0.7461,0.222,0.0,0.0
A1,B1,2,1.2,0.6,ok,UniversalCEFR/cefr_sp_en,UniversalCEFR/cefr_sp_en,He died on 9 May 2019 at the age of 93 .,He died in the early hours of 13 July 2019 after a brief illness .,0.6215,0.7458,1.125,0.0,4.0
A1,B1,2,1.2,0.6,very_short_text,UniversalCEFR/readme_en,UniversalCEFR/cefr_sp_en,Slice 2 bananas.,My brother asked me to pick up more bananas from the market on my way home .,0.6214,0.7457,2.312,0.062,14.0
A1,A2,1,1.0,0.6,ok,UniversalCEFR/cefr_sp_en,UniversalCEFR/cefr_sp_en,"He died , aged 80 on 23 July , 2014 .",He died 23 December 2018 at the age of 86 after a brief illness .,0.7456,0.7456,0.618,0.0,6.0
A1,A2,1,1.0,0.6,ok,UniversalCEFR/readme_en,UniversalCEFR/readme_en,cancel alarm for 7 am tomorrow,Set an alarm for tomorrow at 2am,0.7452,0.7452,0.967,0.0,1.0
A1,A2,1,1.0,0.6,ok,UniversalCEFR/cefr_sp_en,UniversalCEFR/cefr_sp_en,He died on 9 May 2019 at the age of 93 .,He died 23 December 2018 at the age of 86 after a brief illness .,0.7449,0.7449,1.193,0.0,3.0
A1,B1,2,1.2,0.6,ok,UniversalCEFR/elg_cefr_en,UniversalCEFR/elg_cefr_en,"Brian and some other people were with Mike. 'There was some glass on the beach - I didn't see it,' Mike said. 'He's going to the doctor,' Brian said to Janelle. Then he looked at Nick.
'You can go - we don't want you here,' he said. Nick started to answer angrily, but Janelle put her hand on his arm. 'I'm sorry about your foot, Mike,' he said. Mike smiled. 'Thanks, Nick. I know that.' After Mike's accident Brian didn't talk to Nick. Nick was right. That evening his father was not happy. You're asking us for money,' he said. 'Only the money for the plane to Australia, Dad. I have eight hundred pounds in the bank, and I can win the prize money from the competition this weekend  that's a thousand pounds - I'll have one thousand, eight hundred .'I don't know about this, Nick,' his father said. 'I'll talk to your mother about it.'  The day of the surfing competition was hot and sunny. In the morning all the surfers tried to catch the good waves. The judges watched from the beach. Nick and Brian surfed well all morning. Nick did not have time to talk to Janelle in the morning but she waited for him before the afternoon competition. 'You're doing well,' she said. There are only four very good surfers in the competition and you're number two, after Brian. Good luck!'In the afternoon the waves were very big but Nick was a strong swimmer. 
","Jennifer looked at the clock on the waiting-room wall. Nearly half-past eight. The light was still on in Doctor Gibson's room. I'm going to be late, she said to herself, why doesn't he hurry up? The evening surgery was always busy on Thursdays but tonight was worse than usual.
She quickly put the newspapers in a cupboard. Then she took off her white coat and locked it in the cupboard too. She was turning off the lights when someone rang the front doorbell. Oh no, not another patient, not at this hour. She ran to the door and opened it. Outside it was dark but she could see a man, his hands deep in his pockets. He moved his head and the light fell on his face.
'Richard!' she cried in surprise. 'What are you doing here?'
'Can I come in for a minute?'
He did not wait for an answer but pushed past her and went inside. Jennifer turned to him. She was usually pleased when Richard called, but this was the wrong time. 'I'm sorry, but you can't stay. I must hurry. I'm meeting my friend Claire for dinner and...' She stopped. It was Richard's eyes - they looked tired and worried.
'What's the matter?' she asked.
Just then Dr Gibson called from his room. 'Did I hear the doorbell, Nurse? Was it another patient?'
'No, it's only my brother Richard,' she called back.
She turned back to Richard. 'Is something wrong?' she asked again.
He shook his head. 'I'm fine,' he said. 'It's just... well, I had some trouble at work.'
",0.6206,0.7448,0.114,0.074,19.0
A1,A2,1,1.0,0.6,ok,UniversalCEFR/cefr_sp_en,UniversalCEFR/cefr_sp_en,He has many works .,He has edited and written many books and articles .,0.7447,0.7447,1.056,0.111,5.0
A1,A2,1,1.0,0.6,ok,UniversalCEFR/readme_en,UniversalCEFR/readme_en,Set off alarm in 5 minutes,set alarm every 15 minutes for one hour,0.7437,0.7437,0.286,0.0,2.0
A1,A2,1,1.0,0.6,ok,UniversalCEFR/cefr_sp_en,UniversalCEFR/cefr_sp_en,"She died on June 9 , 2014 , at the age of 103 .","She died after a short illness on 15 May 2015 , aged 86 .",0.7435,0.7435,0.903,0.0,1.0
A1,B1,2,1.2,0.6,ok,UniversalCEFR/cefr_sp_en,UniversalCEFR/cefr_sp_en,"English died on November 16 , 2018 in London at the age of 81 .","He died in London on 5 December 2013 , aged 75 , from undisclosed causes .",0.6186,0.7423,1.0,0.0,0.0
A1,B1,2,1.2,0.6,ok,UniversalCEFR/cefr_sp_en,UniversalCEFR/cefr_sp_en,Do you need something to eat ?,I do n't mind getting more food .,0.6186,0.7423,0.262,0.0,1.0
A1,A2,1,1.0,0.6,ok,UniversalCEFR/cefr_sp_en,UniversalCEFR/cefr_sp_en,You should stay with your sister .,Do not listen to your older sister because she is not always right .,0.7411,0.7411,0.346,0.077,7.0
A1,B1,2,1.2,0.6,ok,UniversalCEFR/cefr_sp_en,UniversalCEFR/cefr_sp_en,"She died on 12 February 2019 , at the age of 79 .","He died of pneumonia and heart failure on 7 January 2018 , aged 61 .",0.6173,0.7408,1.125,0.0,2.0
A1,A2,1,1.0,0.6,ok,UniversalCEFR/cefr_sp_en,UniversalCEFR/cefr_sp_en,"She died on 12 February 2019 , at the age of 79 .",She died after long illness on 6 April 2014 .,0.7403,0.7403,0.911,0.0,1.0
A1,A2,1,1.0,0.6,similar_complexity,UniversalCEFR/cefr_sp_en,UniversalCEFR/cefr_sp_en,"He died on 3 May 2015 , aged 84 , after a long illness .",She died after a long illness on 6 April 2014 at the age of 85 .,0.7397,0.7397,0.139,0.0,3.0
A1,A2,1,1.0,0.6,similar_complexity,UniversalCEFR/readme_en,UniversalCEFR/readme_en,How long before my alarm goes off?,What time is my alarm set for tomorrow?,0.7397,0.7397,0.018,0.0,1.0
A1,B1,2,1.2,0.6,ok,UniversalCEFR/cefr_sp_en,UniversalCEFR/cefr_sp_en,"Long died on January 15 , 2017 , at the age of 63 .","He died in London on 5 December 2013 , aged 75 , from undisclosed causes .",0.6154,0.7385,1.525,0.0,2.0
A1,A2,1,1.0,0.6,ok,UniversalCEFR/readme_en,UniversalCEFR/readme_en,Set an alarm for 2:30 pm,i need to set my alarm for tomorrow at 7 am,0.7375,0.7375,0.2,0.0,5.0
A1,B1,2,1.2,0.6,ok,UniversalCEFR/cefr_sp_en,UniversalCEFR/cefr_sp_en,"He died on 3 May 2015 , aged 84 , after a long illness .",He died in the early hours of 13 July 2019 after a brief illness .,0.6134,0.7361,0.194,0.0,3.0
A1,B1,2,1.2,0.6,ok,UniversalCEFR/readme_en,UniversalCEFR/readme_en,Beat egg in a small bowl.,"Then, pass the egg through a flame as you say a prayer.",0.6125,0.735,0.333,0.083,6.0
A1,B1,2,1.2,0.6,very_short_text,UniversalCEFR/readme_en,UniversalCEFR/cefr_sp_en,You're safe here.,You 'd be safe if I had gone .,0.612,0.7344,2.167,0.0,5.0
A1,A2,1,1.0,0.6,"very_short_text,similar_complexity",UniversalCEFR/readme_en,UniversalCEFR/readme_en,cancel alarm for 4pm,set alarm for 8:45am tomorrow,0.734,0.734,0.083,0.0,1.0
A1,B1,2,1.2,0.6,ok,UniversalCEFR/cefr_sp_en,UniversalCEFR/cefr_sp_en,There are four games in the series,All four games in the series received positive reviews from critics .,0.6116,0.7339,1.182,0.0,4.0
A1,B1,2,1.2,0.6,ok,UniversalCEFR/readme_en,UniversalCEFR/readme_en,"And the little prince went away, puzzled.","But it happened that after walking for a long time through sand, and rocks, and snow, the little prince at last came upon a road.",0.6105,0.7326,0.674,0.08,18.0
A1,A2,1,1.0,0.6,ok,UniversalCEFR/cefr_sp_en,UniversalCEFR/cefr_sp_en,"He died on 6 January 2015 , aged 82 .","He died in 2005 at the age of 87 in New York City , after suffering from cancer .",0.731,0.731,0.133,0.067,10.0
A1,B1,2,1.2,0.6,ok,UniversalCEFR/cefr_sp_en,UniversalCEFR/cefr_sp_en,"She died on 12 February 2019 , at the age of 79 .",Shepodd died in August 2017 in London at the age of 89 .,0.609,0.7308,0.325,0.1,2.0
A1,B1,2,1.2,0.6,ok,UniversalCEFR/cefr_sp_en,UniversalCEFR/cefr_sp_en,He died on 12 May 2019 at the age of 80 .,"Bertorelli died on 26 May 2017 , at the age of 69 , after a long illness .",0.609,0.7308,1.208,0.0,4.0
A1,A2,1,1.0,0.6,ok,UniversalCEFR/readme_en,UniversalCEFR/readme_en,Cancel alarm for 10 pm tonight.,Set an alarm for tomorrow at 2am,0.7292,0.7292,0.767,0.0,1.0
A1,A2,1,1.0,0.6,ok,UniversalCEFR/readme_en,UniversalCEFR/readme_en,Add an alarm on Saturday at  11 am,i need to set my alarm for tomorrow at 7 am,0.7281,0.7281,0.229,0.0,3.0
A1,A2,1,1.0,0.6,ok,UniversalCEFR/readme_en,UniversalCEFR/readme_en,show my alarms for tomorrow,i need to set my alarm for tomorrow at 7 am,0.7276,0.7276,1.4,0.0,5.0
A1,B1,2,1.2,0.6,ok,UniversalCEFR/elg_cefr_en,UniversalCEFR/elg_cefr_en,"Brian and some other people were with Mike. 'There was some glass on the beach - I didn't see it,' Mike said. 'He's going to the doctor,' Brian said to Janelle. Then he looked at Nick.
'You can go - we don't want you here,' he said. Nick started to answer angrily, but Janelle put her hand on his arm. 'I'm sorry about your foot, Mike,' he said. Mike smiled. 'Thanks, Nick. I know that.' After Mike's accident Brian didn't talk to Nick. Nick was right. That evening his father was not happy. You're asking us for money,' he said. 'Only the money for the plane to Australia, Dad. I have eight hundred pounds in the bank, and I can win the prize money from the competition this weekend  that's a thousand pounds - I'll have one thousand, eight hundred .'I don't know about this, Nick,' his father said. 'I'll talk to your mother about it.'  The day of the surfing competition was hot and sunny. In the morning all the surfers tried to catch the good waves. The judges watched from the beach. Nick and Brian surfed well all morning. Nick did not have time to talk to Janelle in the morning but she waited for him before the afternoon competition. 'You're doing well,' she said. There are only four very good surfers in the competition and you're number two, after Brian. Good luck!'In the afternoon the waves were very big but Nick was a strong swimmer. 
","They went to an empty table. A waiter came up to them and took their orders. At that moment there was a cheer from the party beside the window. An older man in a light grey suit was standing up. He spoke for a few minutes and then held up his glass. All the others stood up, and looked at a young girl with large gold ear-rings, who was sitting in the chair next to him. Everyone was laughing, and then they began to sing 'Happy birthday to you'. They were all looking at the girl, but she herself just sat there without a smile on her face. The song came to an end, and there was another loud cheer and more laughing and shouting. Someone called out 'Twenty-one today, twenty-one today...', and this time everyone in the restaurant sang too.
Suddenly there was a loud crash. Then someone screamed and a voice shouted, 'Bring a towel - quickly.'
The man in the grey suit was lying across the table. He was holding his face, which was red with blood. On the table there was broken glass.
Someone said in a loud voice, 'What happened - did he fall?' Several people were speaking at the same time. 'It's his heart, you know...'
'Joe's been in and out of hospital for years...'
'His head hit those glasses'.
The man was still lying across the table. Jennifer jumped up, and both she and Claire ran over to him.

",0.6061,0.7273,0.163,0.055,1.0
A1,A2,1,1.0,0.6,ok,UniversalCEFR/cefr_sp_en,UniversalCEFR/cefr_sp_en,He died on 18 October 2017 .,"He died on 12 July 2019 , four days before his 85th birthday .",0.7273,0.7273,0.361,0.0,5.0
A1,A2,1,1.0,0.6,ok,UniversalCEFR/readme_en,UniversalCEFR/readme_en,"Good morning , Angela , how have you been lately ?",Nice to see you ; how have you been feeling lately ?,0.7268,0.7268,0.725,0.1,2.0
A1,A2,1,1.0,0.6,ok,UniversalCEFR/cefr_sp_en,UniversalCEFR/cefr_sp_en,"She died on 12 February 2019 , at the age of 79 .","She died after a short illness on 15 May 2015 , aged 86 .",0.7268,0.7268,0.403,0.0,1.0
A1,A2,1,1.0,0.6,ok,UniversalCEFR/readme_en,UniversalCEFR/readme_en,Set an alarm for 2:30 pm,What time is my alarm set for tomorrow?,0.7268,0.7268,0.875,0.0,3.0
A1,B1,2,1.2,0.6,ok,UniversalCEFR/cefr_sp_en,UniversalCEFR/cefr_sp_en,He died on 12 May 2019 at the age of 80 .,"On 26 September 1904 , he died of heart failure at the age of 54 years .",0.6056,0.7267,1.208,0.083,4.0
A1,B1,2,1.2,0.6,ok,UniversalCEFR/cefr_sp_en,UniversalCEFR/cefr_sp_en,May I join you ?,"I 'd like to join you , but it depends on what I am doing that day .",0.6051,0.7261,0.25,0.062,12.0
A1,B1,2,1.2,0.6,ok,UniversalCEFR/cefr_sp_en,UniversalCEFR/cefr_sp_en,He died on 12 May 2019 at the age of 80 .,"Pilcher died on 6 February 2019 , at the age of 94 , following a stroke .",0.6048,0.7258,1.648,0.0,3.0
A1,B1,2,1.2,0.6,ok,UniversalCEFR/elg_cefr_en,UniversalCEFR/elg_cefr_en,"But I wanted to see Paris again one day, and this was perhaps the only time for an escape. 'OK,' I said to Ned. At nine o'clock, I opened my door and started to walk to the little boat. But suddenly, the Nautilus stopped on the sea floor. Then Captain Nemo arrived. 'You wanted the answer to a question, I think, Mr Aronnax,' he said. 'Come with me.'
 I went with him to the window. There were some old boats on the sea floor, and Nemo's men were there in their diving suits. They walked to the old boats and came back with gold in their hands. 'These boats went down to the sea floor in 1702, heavy with South American gold. My men and I sometimes come here and take a little gold. But it isn't for us. There are unhappy people in many countries. The gold is for them.' I remembered the problems in Crete and started to understand Captain Nemo. But Ned was not a happy man. 'Where were you?' he asked me later. 
'We waited for you, but you didn't come.' Chapter 6 To the South Pole* A day later, we were many leagues from the coast. 'The roads here are very bad, Mr Aronnax,' Captain Nemo said. 'But do you want to walk on them with me?' Roads under the sea? I didn't understand. But I put on my diving suit and went with the captain. Nemo walked quickly underwater. I wanted to stay with him, but it was very difficult. My feet came down on the sea floor, but the sea floor moved with me. What was under my feet?""
","I was one of the few lucky passengers on the Lady Vain. When the ship went down in the Pacific in February 1887, I found myself in a small boat with another passenger, Helmar, and a sailor. I never knew the sailor's name. A fourth man jumped from the ship, trying to reach us. But his head hit the side of the ship. He went down under the water and never came up again.
We had only a little bread and a small container of water on board. On the first day, the sea was very rough and we were almost thrown out of the boat. But then the sea became calmer and that danger passed. We spoke little. Most of the time, we did not move. We lay under the hot sun, looking out across the ocean.
On the fourth day, we had no more water to drink. We became very thirsty. Then on the sixth day, Helmar finally spoke of the idea that was already in all our minds. 'We need to kill someone. Then the other two can drink his blood.'
Helmar had two longer sticks and one shorter one. The person with the short stick had to die. But the sailor chose the short stick and he did not accept the result. The love of life was too strong in him. He attacked Helmar, and the two men fought. I tried to help Helmar. But as I was going towards them, the boat moved suddenly. Helmar and the sailor fell straight over the side together and went down like stones.
In my weak state, I lay in the boat, laughing quietly. I did not know why I was laughing. But for many minutes I could not stop.
",0.6046,0.7255,0.026,0.058,16.0
A1,B1,2,1.2,0.6,ok,UniversalCEFR/cefr_sp_en,UniversalCEFR/cefr_sp_en,"She died on 12 February 2019 , at the age of 79 .","Shammi died in her sleep on the March 6 , 2018 , from natural causes at the age of 88 .",0.6044,0.7253,0.425,0.067,7.0
A1,A2,1,1.0,0.6,ok,UniversalCEFR/cefr_sp_en,UniversalCEFR/cefr_sp_en,"She died on June 9 , 2014 , at the age of 103 .",She turned 100 in September 2017 and died on 19 January 2018 .,0.7242,0.7242,1.625,0.0,0.0
A1,B1,2,1.2,0.6,ok,UniversalCEFR/cefr_sp_en,UniversalCEFR/cefr_sp_en,He died on 18 October 2017 .,"Large died of cancer in New York City on October 28 , 2017 at the age of 74 .",0.6034,0.724,0.25,0.071,10.0
A1,A2,1,1.0,0.6,ok,UniversalCEFR/cefr_sp_en,UniversalCEFR/cefr_sp_en,"He died , aged 80 , on 22 July 2014 .",He died 23 December 2018 at the age of 86 after a brief illness .,0.7237,0.7237,0.618,0.0,6.0
A1,A2,1,1.0,0.6,ok,UniversalCEFR/cefr_sp_en,UniversalCEFR/cefr_sp_en,He died on 9 May 2019 at the age of 93 .,"He died on 12 July 2019 , four days before his 85th birthday .",0.7233,0.7233,1.486,0.0,1.0
A1,B1,2,1.2,0.6,ok,UniversalCEFR/cefr_sp_en,UniversalCEFR/cefr_sp_en,He died on 12 May 2019 at the age of 80 .,"Carluccio died on 8 November 2017 aged 80 , from complications after a fall at his home .",0.6023,0.7228,2.221,0.0,5.0
A1,B1,2,1.2,0.6,ok,UniversalCEFR/cefr_sp_en,UniversalCEFR/cefr_sp_en,"The DVD was released on October 10 , 2006 .","A DVD of series one has been released on 19 September 2005 , however there is still no word of series two on DVD .",0.6019,0.7223,0.429,0.19,15.0
A1,B1,2,1.2,0.6,very_short_text,UniversalCEFR/readme_en,UniversalCEFR/readme_en,show all alarms,Use the Alarm tab to set one-time or recurring alarms and choose options for how to be notified,0.6019,0.7222,0.281,0.053,16.0
A1,B1,2,1.2,0.6,ok,UniversalCEFR/elg_cefr_en,UniversalCEFR/elg_cefr_en,"Saturday, Tom and Becky walked and played in the cave. Then they stopped near some  water. ""What time is it?"" Becky asked. ""I don't know,"" Tom said. ""Let's go back now.""
The two children walked and walked. But they didn't find the door to the cave. Becky was afraid. She wanted to sit down and eat. ""Maybe they're looking for us now,"" she said. ""Here's some food,"" Tom said. ""Eat this and wait here .
 I'm going to look for the door."" Tom walked and walked. But he didn't find the cave door. Suddenly, there was a man near him. Tom was afraid, but he stayed quiet. He looked at the man. It was Injun Joe!
Tom was very afraid and he made a noise. Injun Joe went away quickly. Tom went back to Becky, but he didn't talk to her about Injun Joe. They were in the cave for three days. Tuesday, Becky didn't want to walk. Again Tom said, ""Stay here. I'm going to look for the door."" This time he went to a new place. There was light there. He went to the light. It came from a small door in the cave. Tom went out of the cave. Then he went back to Becky. ""Come with me,"" he said. ""We can go out of the cave now."" Tom and Becky went out of the cave. They were very happy. They went to the river and waited there. Some men in a small boat came to them. 
","Jennifer looked at the clock on the waiting-room wall. Nearly half-past eight. The light was still on in Doctor Gibson's room. I'm going to be late, she said to herself, why doesn't he hurry up? The evening surgery was always busy on Thursdays but tonight was worse than usual.
She quickly put the newspapers in a cupboard. Then she took off her white coat and locked it in the cupboard too. She was turning off the lights when someone rang the front doorbell. Oh no, not another patient, not at this hour. She ran to the door and opened it. Outside it was dark but she could see a man, his hands deep in his pockets. He moved his head and the light fell on his face.
'Richard!' she cried in surprise. 'What are you doing here?'
'Can I come in for a minute?'
He did not wait for an answer but pushed past her and went inside. Jennifer turned to him. She was usually pleased when Richard called, but this was the wrong time. 'I'm sorry, but you can't stay. I must hurry. I'm meeting my friend Claire for dinner and...' She stopped. It was Richard's eyes - they looked tired and worried.
'What's the matter?' she asked.
Just then Dr Gibson called from his room. 'Did I hear the doorbell, Nurse? Was it another patient?'
'No, it's only my brother Richard,' she called back.
She turned back to Richard. 'Is something wrong?' she asked again.
He shook his head. 'I'm fine,' he said. 'It's just... well, I had some trouble at work.'
",0.6012,0.7215,0.383,0.16,16.0
A1,B1,2,1.2,0.6,ok,UniversalCEFR/elg_cefr_en,UniversalCEFR/elg_cefr_en,"Donna was there with her family, at a table under some trees. Her eyes were on the dancers . . . but she didn't see them; the music was in her ears . . . but she didn't hear it. She didn't want to look or listen or dance; she didn't want to be there. She only wanted to see the lovely, shy boy from the boat, perhaps to dance with him. 
First Mr and Mrs Webb wanted to go to a little place near the beach where they always had good fish. They wanted to have a good time on their first evening in Spain, and later there was the disco in the square at Comillas . . . Mark didn't want to go. 
He didn't want to eat or dance or talk or laugh. He wanted to sit quietly and think about the good-looking girl on the boat. Where was she now? But Dave and Harry and Nick and Sue all wanted him to go . . . Later that evening he walked into the square at Comillas with his friends. 
They found a table at one of the caf,s and they all sat down. Mark looked slowly at the people at the tables near them . . . Donna looked sadly at the people dancing and standing in the square . . . then their eyes met. 
Time stopped. He was here! She was here! He smiled at her with his nice blue eyes. She smiled back at him with her dark brown eyes. Suddenly he wasn't shy.  
","Jennifer looked at the clock on the waiting-room wall. Nearly half-past eight. The light was still on in Doctor Gibson's room. I'm going to be late, she said to herself, why doesn't he hurry up? The evening surgery was always busy on Thursdays but tonight was worse than usual.
She quickly put the newspapers in a cupboard. Then she took off her white coat and locked it in the cupboard too. She was turning off the lights when someone rang the front doorbell. Oh no, not another patient, not at this hour. She ran to the door and opened it. Outside it was dark but she could see a man, his hands deep in his pockets. He moved his head and the light fell on his face.
'Richard!' she cried in surprise. 'What are you doing here?'
'Can I come in for a minute?'
He did not wait for an answer but pushed past her and went inside. Jennifer turned to him. She was usually pleased when Richard called, but this was the wrong time. 'I'm sorry, but you can't stay. I must hurry. I'm meeting my friend Claire for dinner and...' She stopped. It was Richard's eyes - they looked tired and worried.
'What's the matter?' she asked.
Just then Dr Gibson called from his room. 'Did I hear the doorbell, Nurse? Was it another patient?'
'No, it's only my brother Richard,' she called back.
She turned back to Richard. 'Is something wrong?' she asked again.
He shook his head. 'I'm fine,' he said. 'It's just... well, I had some trouble at work.'
",0.6011,0.7213,0.261,0.1,20.0
A1,B1,2,1.2,0.6,ok,UniversalCEFR/cefr_sp_en,UniversalCEFR/cefr_sp_en,"He died , aged 80 on 23 July , 2014 .","Peret died in Barcelona in 2014 from lung cancer , aged 79 .",0.601,0.7212,1.244,0.111,4.0
A1,B1,2,1.2,0.6,ok,UniversalCEFR/cefr_sp_en,UniversalCEFR/cefr_sp_en,"Long died on January 15 , 2017 , at the age of 63 .",His age at death has been estimated from 7 years six months to as old as 15 years .,0.6009,0.7211,0.438,0.125,8.0
A1,B1,2,1.2,0.6,ok,UniversalCEFR/cefr_sp_en,UniversalCEFR/cefr_sp_en,He died on 12 May 2019 at the age of 80 .,"She died in her sleep on 6 March 2018 , from natural causes at the age of 88 .",0.6005,0.7206,1.018,0.0,6.0
A1,A2,1,1.0,0.6,ok,UniversalCEFR/cefr_sp_en,UniversalCEFR/cefr_sp_en,"He died , aged 80 on 23 July , 2014 .","He died on 12 July 2019 , four days before his 85th birthday .",0.7204,0.7204,0.911,0.0,4.0
A1,B1,2,1.2,0.6,ok,UniversalCEFR/cefr_sp_en,UniversalCEFR/cefr_sp_en,He died on 26 September 2017 in Paris at the age of 91 .,She turned 100 in September 2017 and died on 19 January 2018 in Rome .,0.6001,0.7201,0.8,0.1,0.0
A1,A2,1,1.0,0.6,similar_complexity,UniversalCEFR/cefr_sp_en,UniversalCEFR/cefr_sp_en,He died on 18 October 2017 .,He died 23 December 2018 at the age of 86 after a brief illness .,0.7187,0.7187,0.068,0.0,7.0
A1,A2,1,1.0,0.6,ok,UniversalCEFR/readme_en,UniversalCEFR/readme_en,Turn off all of my alarms today.,cancel all alarms this week while I'm on vacation,0.7176,0.7176,0.984,0.0,2.0
A1,A2,1,1.0,0.6,very_short_text,UniversalCEFR/readme_en,UniversalCEFR/readme_en,Turn off all alarms,cancel all alarms this week while I'm on vacation,0.7173,0.7173,0.556,0.0,5.0
A1,A2,1,1.0,0.6,ok,UniversalCEFR/cefr_sp_en,UniversalCEFR/cefr_sp_en,Is that your bike ?,Is that your car ?,0.7162,0.7162,0.25,0.0,0.0
A1,A2,1,1.0,0.6,"very_short_text,similar_complexity",UniversalCEFR/readme_en,UniversalCEFR/readme_en,cancel alarm for 4pm,cancel all alarms this week while I'm on vacation,0.7153,0.7153,0.111,0.0,6.0
A1,A2,1,1.0,0.6,similar_complexity,UniversalCEFR/cefr_sp_en,UniversalCEFR/cefr_sp_en,"He died on 6 January 2015 , aged 82 .","She died after a short illness on 15 May 2015 , aged 86 .",0.7151,0.7151,0.022,0.0,4.0
A1,A2,1,1.0,0.6,ok,UniversalCEFR/readme_en,UniversalCEFR/readme_en,Set the alarm for 8 pm central time.,set alarm every 15 minutes for one hour,0.7147,0.7147,0.429,0.0,0.0
A1,A2,1,1.0,0.6,ok,UniversalCEFR/readme_en,UniversalCEFR/readme_en,Cancel my alarm(s) for Saturday,Set an alarm for tomorrow at 2am,0.7082,0.7082,0.333,0.0,0.0
A1,A2,1,1.0,0.6,ok,UniversalCEFR/cefr_sp_en,UniversalCEFR/cefr_sp_en,"He died , aged 80 on 23 July , 2014 .",She died after a long illness on 6 April 2014 at the age of 85 .,0.708,0.708,0.217,0.0,7.0
A1,A2,1,1.0,0.6,similar_complexity,UniversalCEFR/readme_en,UniversalCEFR/readme_en,Set alarm for 9am every Friday,set alarm every 15 minutes for one hour,0.7076,0.7076,0.114,0.0,2.0
A1,A2,1,1.0,0.6,ok,UniversalCEFR/readme_en,UniversalCEFR/readme_en,set an alarm for 6pm,What time is my alarm set for tomorrow?,0.7055,0.7055,0.625,0.0,4.0
A1,A2,1,1.0,0.6,ok,UniversalCEFR/readme_en,UniversalCEFR/readme_en,"Peel the onion, but do not cut it.",Remove onion and bay leaf.,0.7044,0.7044,1.075,0.0,3.0
A1,A2,1,1.0,0.6,ok,UniversalCEFR/readme_en,UniversalCEFR/readme_en,Set off alarm in 5 minutes,set alarm for 8:45am tomorrow,0.7034,0.7034,0.75,0.0,1.0
A1,A2,1,1.0,0.6,ok,UniversalCEFR/cefr_sp_en,UniversalCEFR/cefr_sp_en,"He died , aged 80 , on 22 July 2014 .","He died on 12 July 2019 , four days before his 85th birthday .",0.7023,0.7023,0.911,0.0,4.0
A1,A2,1,1.0,0.6,similar_complexity,UniversalCEFR/readme_en,UniversalCEFR/readme_en,Set the alarm for 8 pm central time.,What time is my alarm set for tomorrow?,0.7021,0.7021,0.018,0.0,1.0
A1,A2,1,1.0,0.6,ok,UniversalCEFR/readme_en,UniversalCEFR/readme_en,cancel alarm for tomorrow morning,i need to set my alarm for tomorrow at 7 am,0.7,0.7,2.6,0.0,5.0
A1,A2,1,1.0,0.6,ok,UniversalCEFR/readme_en,UniversalCEFR/readme_en,Set off alarm in 5 minutes,Set an alarm for tomorrow at 2am,0.6989,0.6989,0.167,0.0,1.0
A1,A2,1,1.0,0.6,ok,UniversalCEFR/readme_en,UniversalCEFR/cefr_sp_en,How long before my alarm goes off?,The alarm will ring in a second .,0.6982,0.6982,0.286,0.0,0.0
A1,A2,1,1.0,0.6,ok,UniversalCEFR/readme_en,UniversalCEFR/readme_en,Set alarm for 8 pm tonight,When is the next alarm set for?,0.6979,0.6979,0.571,0.0,2.0
A1,A2,1,1.0,0.6,ok,UniversalCEFR/readme_en,UniversalCEFR/readme_en,cancel alarm for tomorrow morning,What time is my alarm set for tomorrow?,0.6978,0.6978,1.925,0.0,3.0
A1,A2,1,1.0,0.6,ok,UniversalCEFR/cefr_sp_en,UniversalCEFR/cefr_sp_en,He died on 12 May 2019 at the age of 80 .,She died after a long illness on 6 April 2014 at the age of 85 .,0.6966,0.6966,0.792,0.0,4.0
A1,A2,1,1.0,0.6,ok,UniversalCEFR/cefr_sp_en,UniversalCEFR/cefr_sp_en,"He died , aged 80 , on 22 July 2014 .",She died after a long illness on 6 April 2014 at the age of 85 .,0.6965,0.6965,0.217,0.0,7.0
A1,A2,1,1.0,0.6,ok,UniversalCEFR/cefr_sp_en,UniversalCEFR/readme_en,They put the food in bags .,I love that they put their food in nice plastic containers as opposed to cramming it in little paper takeout boxes.,0.696,0.696,1.143,0.048,15.0
A1,A2,1,1.0,0.6,ok,UniversalCEFR/readme_en,UniversalCEFR/readme_en,"And the little prince went away, puzzled.",But the little prince could not restrain his admiration,0.6958,0.6958,0.508,0.0,2.0
A1,A2,1,1.0,0.6,ok,UniversalCEFR/cefr_sp_en,UniversalCEFR/cefr_sp_en,It 's 10 p. m.,Is it already 5 p. m.?,0.694,0.694,1.35,0.0,1.0
A1,A2,1,1.0,0.6,"very_short_text,similar_complexity",UniversalCEFR/readme_en,UniversalCEFR/readme_en,Clear all alarms,cancel all alarms this week while I'm on vacation,0.6933,0.6933,0.111,0.0,6.0
A1,A2,1,1.0,0.6,ok,UniversalCEFR/readme_en,UniversalCEFR/readme_en,How long before my alarm goes off?,When is the next alarm set for?,0.6931,0.6931,0.429,0.0,0.0
A1,A2,1,1.0,0.6,ok,UniversalCEFR/cefr_sp_en,UniversalCEFR/cefr_sp_en,She may leave early .,She must go home soon .,0.6926,0.6926,0.6,0.0,1.0
A1,A2,1,1.0,0.6,ok,UniversalCEFR/cefr_sp_en,UniversalCEFR/cefr_sp_en,"He died , aged 80 on 23 July , 2014 .","Juuso died on 23 August 2014 , aged 68 .",0.6898,0.6898,1.0,0.0,0.0
A1,A2,1,1.0,0.6,ok,UniversalCEFR/readme_en,UniversalCEFR/readme_en,Set an alarm for 2:30 pm,set alarm every 15 minutes for one hour,0.6888,0.6888,1.286,0.0,2.0
A1,A2,1,1.0,0.6,ok,UniversalCEFR/readme_en,UniversalCEFR/cefr_sp_en,how much longer until my alarm goes off,The alarm will ring in a second .,0.6884,0.6884,0.429,0.0,1.0
A1,A2,1,1.0,0.6,ok,UniversalCEFR/cefr_sp_en,UniversalCEFR/cefr_sp_en,He died on 12 May 2019 at the age of 80 .,"Skirton died on 11 or 12 May 2019 , at the age of 80 .",0.6884,0.6884,0.486,0.0,1.0
A1,A2,1,1.0,0.6,ok,UniversalCEFR/readme_en,UniversalCEFR/readme_en,cancel the alarm for 4:30am,cancel all alarms this week while I'm on vacation,0.6878,0.6878,0.306,0.0,5.0
A1,A2,1,1.0,0.6,ok,UniversalCEFR/readme_en,UniversalCEFR/readme_en,Set alarm for 9am every Friday,What time is my alarm set for tomorrow?,0.6855,0.6855,0.525,0.0,3.0
A1,A2,1,1.0,0.6,ok,UniversalCEFR/cefr_sp_en,UniversalCEFR/cefr_sp_en,"The DVD was released on October 10 , 2006 .","The film was released on VHS in 1989 , and on DVD in 2004 .",0.6845,0.6845,1.152,0.182,5.0
A1,A2,1,1.0,0.6,ok,UniversalCEFR/readme_en,UniversalCEFR/readme_en,Let’s vote for Karen Bass for mayor.,"So, let’s talk about Karen Bass and what we’re here to do.",0.6836,0.6836,0.429,0.125,6.0
A1,A2,1,1.0,0.6,ok,UniversalCEFR/readme_en,UniversalCEFR/readme_en,Set off alarm in 5 minutes,i need to set my alarm for tomorrow at 7 am,0.683,0.683,0.8,0.0,5.0
A1,A2,1,1.0,0.6,very_short_text,UniversalCEFR/readme_en,UniversalCEFR/readme_en,set alarm for 7am,What time is my alarm set for tomorrow?,0.6827,0.6827,0.208,0.0,5.0
A1,A2,1,1.0,0.6,ok,UniversalCEFR/cefr_sp_en,UniversalCEFR/cefr_sp_en,Did you lose yours ?,Did you forget yours ?,0.6822,0.6822,0.5,0.0,0.0
A1,A2,1,1.0,0.6,ok,UniversalCEFR/cefr_sp_en,UniversalCEFR/cefr_sp_en,"He died on 3 May 2015 , aged 84 , after a long illness .","He died in 2005 at the age of 87 in New York City , after suffering from cancer .",0.682,0.682,0.111,0.067,6.0
A1,A2,1,1.0,0.6,ok,UniversalCEFR/readme_en,UniversalCEFR/readme_en,snooze alarm for 15 minutes,set alarm every 15 minutes for one hour,0.6817,0.6817,0.964,0.0,3.0
A1,A2,1,1.0,0.6,very_short_text,UniversalCEFR/readme_en,UniversalCEFR/readme_en,cancel alarm for 4pm,i need to set my alarm for tomorrow at 7 am,0.6815,0.6815,1.467,0.0,7.0
A1,A2,1,1.0,0.6,ok,UniversalCEFR/cefr_sp_en,UniversalCEFR/cefr_sp_en,"He died , aged 80 on 23 July , 2014 .","Juuso died after a long illness on 23 August 2014 , aged 69 .",0.6811,0.6811,1.022,0.0,4.0
A1,A2,1,1.0,0.6,ok,UniversalCEFR/readme_en,UniversalCEFR/readme_en,clear all of my alarms please,cancel all alarms this week while I'm on vacation,0.6802,0.6802,0.556,0.0,3.0
A1,A2,1,1.0,0.6,ok,UniversalCEFR/readme_en,UniversalCEFR/readme_en,Cancel my alarm(s) for Saturday,set alarm for 8:45am tomorrow,0.6792,0.6792,0.583,0.0,2.0
A1,A2,1,1.0,0.6,ok,UniversalCEFR/readme_en,UniversalCEFR/readme_en,Set an alarm for 2:30 pm,How much time before my alarm goes off?,0.6789,0.6789,0.875,0.0,3.0
A1,A2,1,1.0,0.6,ok,UniversalCEFR/readme_en,UniversalCEFR/readme_en,Set an alarm for 2:30 pm,Set my alarm to let me know when the game ends.,0.6786,0.6786,0.273,0.0,6.0
A1,A2,1,1.0,0.6,ok,UniversalCEFR/cefr_sp_en,UniversalCEFR/cefr_sp_en,He died on 4 August 2018 .,He died 23 December 2018 at the age of 86 after a brief illness .,0.6786,0.6786,0.318,0.0,7.0
A1,A2,1,1.0,0.6,ok,UniversalCEFR/elg_cefr_en,UniversalCEFR/elg_cefr_en,"Brian and some other people were with Mike. 'There was some glass on the beach - I didn't see it,' Mike said. 'He's going to the doctor,' Brian said to Janelle. Then he looked at Nick.
'You can go - we don't want you here,' he said. Nick started to answer angrily, but Janelle put her hand on his arm. 'I'm sorry about your foot, Mike,' he said. Mike smiled. 'Thanks, Nick. I know that.' After Mike's accident Brian didn't talk to Nick. Nick was right. That evening his father was not happy. You're asking us for money,' he said. 'Only the money for the plane to Australia, Dad. I have eight hundred pounds in the bank, and I can win the prize money from the competition this weekend  that's a thousand pounds - I'll have one thousand, eight hundred .'I don't know about this, Nick,' his father said. 'I'll talk to your mother about it.'  The day of the surfing competition was hot and sunny. In the morning all the surfers tried to catch the good waves. The judges watched from the beach. Nick and Brian surfed well all morning. Nick did not have time to talk to Janelle in the morning but she waited for him before the afternoon competition. 'You're doing well,' she said. There are only four very good surfers in the competition and you're number two, after Brian. Good luck!'In the afternoon the waves were very big but Nick was a strong swimmer. 
","The old man on the ground did not move again. He was dead. John Canty kicked the door of his family's room and it opened.
' There,' he said to his wife. ' There is your dear son. How much money do you think that he has got for us ? I will tell you. Not one penny ! And now he is mad, too. Listen to this.' Canty turned to Edward. 'Boy, who are you? '
Edward looked at him angrily. ' I give orders, not you. But I will answer you. My name is Edward, Prince of Wales.' 
Nobody spoke for a minute. Then the old grandmother laughed loudly. Her son laughed too. But Tom's mother and sisters ran to him.
'Oh, my poor boy,' said Tom's mother. She looked at the cuts on his face and feet. She put her arms round him. 'You are always reading and learning. Why didn't you listen to your mother ? Your books are making you ill.'
'Please don't cry, Mrs Canty. Your son is well. He is at Westminster Palace. Take me there now and we will find him.'
'Oh, poor child ! I am your mother. I love you. Don't say these things.'
It was not funny but Tom's grandmother laughed again.
'Poor child ! Hah! I am poor, not him. He never thinks about his poor old grandmother. Here I am at the end of my life - a life of hard work. I only want a little drink sometimes. I am not asking for much. And then he comes home with no money.'
'No money - no food,' said John Canty to Edward, and he pushed him hard to the floor.
",0.6782,0.6782,0.439,0.009,27.0
A1,A2,1,1.0,0.6,very_short_text,UniversalCEFR/readme_en,UniversalCEFR/readme_en,Add salt and pepper.,"Add flour, salt, baking powder, vanilla, and nuts.",0.6776,0.6776,0.75,0.0,4.0
A1,A2,1,1.0,0.6,ok,UniversalCEFR/readme_en,UniversalCEFR/cefr_sp_en,Set an alarm for 2:30 pm,The alarm will ring in a second .,0.6766,0.6766,0.571,0.0,2.0
A1,A2,1,1.0,0.6,very_short_text,UniversalCEFR/readme_en,UniversalCEFR/cefr_sp_en,Definitely read this book!,Do you want to read this book ?,0.6766,0.6766,2.214,0.0,3.0
A1,A2,1,1.0,0.6,very_short_text,UniversalCEFR/readme_en,UniversalCEFR/readme_en,set alarm for 7am,How much time before my alarm goes off?,0.6758,0.6758,0.208,0.0,5.0
A1,A2,1,1.0,0.6,ok,UniversalCEFR/readme_en,UniversalCEFR/readme_en,show my alarms for tomorrow,When is the next alarm set for?,0.6756,0.6756,1.171,0.0,2.0
A1,A2,1,1.0,0.6,ok,UniversalCEFR/readme_en,UniversalCEFR/readme_en,Set alarm for 7 am tomorrow,When is the next alarm set for?,0.6754,0.6754,0.771,0.0,2.0
A1,A2,1,1.0,0.6,similar_complexity,UniversalCEFR/cefr_sp_en,UniversalCEFR/cefr_sp_en,"Long died on January 15 , 2017 , at the age of 63 .",She died after a long illness on 6 April 2014 at the age of 85 .,0.674,0.674,0.042,0.0,4.0
A1,A2,1,1.0,0.6,ok,UniversalCEFR/readme_en,UniversalCEFR/readme_en,cancel the alarm for 4:30am,How much time before my alarm goes off?,0.6735,0.6735,0.375,0.0,4.0
A1,A2,1,1.0,0.6,ok,UniversalCEFR/readme_en,UniversalCEFR/readme_en,Set an alarm for 10pm tonight,When is the next alarm set for?,0.6728,0.6728,0.571,0.0,2.0
A1,A2,1,1.0,0.6,ok,UniversalCEFR/cefr_sp_en,UniversalCEFR/cefr_sp_en,He has many works .,He is a man whose career has been long and successful .,0.6726,0.6726,0.409,0.0,7.0
A1,A2,1,1.0,0.6,ok,UniversalCEFR/cefr_sp_en,UniversalCEFR/cefr_sp_en,"He died , aged 80 , on 22 July 2014 .","Juuso died on 23 August 2014 , aged 68 .",0.6724,0.6724,1.0,0.0,0.0
A1,A2,1,1.0,0.6,similar_complexity,UniversalCEFR/readme_en,UniversalCEFR/readme_en,show my alarms for tomorrow,cancel all alarms this week while I'm on vacation,0.6724,0.6724,0.044,0.0,4.0
A1,A2,1,1.0,0.6,ok,UniversalCEFR/readme_en,UniversalCEFR/cefr_sp_en,Are you going home now ?,I said I was going home .,0.6718,0.6718,0.6,0.167,1.0
A1,A2,1,1.0,0.6,ok,UniversalCEFR/cefr_sp_en,UniversalCEFR/cefr_sp_en,"He died on 3 May 2015 , aged 84 , after a long illness .","He died on 12 July 2019 , four days before his 85th birthday .",0.6706,0.6706,0.556,0.0,0.0
A1,A2,1,1.0,0.6,ok,UniversalCEFR/readme_en,UniversalCEFR/readme_en,Preheat oven to 350 degrees F (175 degrees C).,Bake at 375°F (190°C) for about 45 minutes.,0.6697,0.6697,0.857,0.143,0.0
A1,A2,1,1.0,0.6,ok,UniversalCEFR/cefr_sp_en,UniversalCEFR/cefr_sp_en,"He died on 6 January 2015 , aged 82 .",Hovey died on 6 January 2015 at the age of 82 .,0.6693,0.6693,0.3,0.0,3.0
A1,A2,1,1.0,0.6,ok,UniversalCEFR/cefr_sp_en,UniversalCEFR/cefr_sp_en,Does he have a wife ?,"He is married to since 1990 , has four children .",0.6692,0.6692,1.125,0.0,3.0
A1,A2,1,1.0,0.6,ok,UniversalCEFR/readme_en,UniversalCEFR/readme_en,Set an alarm for 10pm tonight,Set my alarm to let me know when the game ends.,0.6677,0.6677,0.727,0.0,6.0
A1,A2,1,1.0,0.6,ok,UniversalCEFR/cefr_sp_en,UniversalCEFR/cefr_sp_en,"He died on 6 January 2015 , aged 82 .","Elders died after a long illness on 3 May 2015 , aged 84 .",0.6675,0.6675,0.2,0.0,4.0
A1,A2,1,1.0,0.6,ok,UniversalCEFR/readme_en,UniversalCEFR/readme_en,Set an alarm for 2:30 pm,When is the next alarm set for?,0.6675,0.6675,0.429,0.0,2.0
A1,A2,1,1.0,0.6,"very_short_text,similar_complexity",UniversalCEFR/readme_en,UniversalCEFR/readme_en,Show me my alarm,Set my alarm to let me know when the game ends.,0.6657,0.6657,0.023,0.0,7.0
A1,A2,1,1.0,0.6,ok,UniversalCEFR/cefr_sp_en,UniversalCEFR/cefr_sp_en,"The DVD was released on October 10 , 2006 .","The movie was released on October 15 , 2010 .",0.6655,0.6655,0.333,0.0,0.0
A1,A2,1,1.0,0.6,ok,UniversalCEFR/cefr_sp_en,UniversalCEFR/cefr_sp_en,He died on 12 May 2019 at the age of 80 .,"He died in 2005 at the age of 87 in New York City , after suffering from cancer .",0.6634,0.6634,1.042,0.067,7.0
A1,A2,1,1.0,0.6,ok,UniversalCEFR/readme_en,UniversalCEFR/readme_en,Set the alarm for 8 pm central time.,Set my alarm to let me know when the game ends.,0.6624,0.6624,0.584,0.0,4.0
A1,A2,1,1.0,0.6,very_short_text,UniversalCEFR/readme_en,UniversalCEFR/readme_en,Slice 2 bananas.,Cover all bananas with filling.,0.6621,0.6621,0.8,0.0,3.0
A1,A2,1,1.0,0.6,ok,UniversalCEFR/readme_en,UniversalCEFR/readme_en,Set an alarm for 15 minutes for my meditation,set alarm every 15 minutes for one hour,0.6617,0.6617,0.089,0.125,1.0
A1,A2,1,1.0,0.6,ok,UniversalCEFR/readme_en,UniversalCEFR/readme_en,How long before my alarm goes off?,set alarm for 8:45am tomorrow,0.6616,0.6616,0.893,0.0,3.0
A1,A2,1,1.0,0.6,similar_complexity,UniversalCEFR/readme_en,UniversalCEFR/readme_en,Set the alarm for 8 pm central time.,How much time before my alarm goes off?,0.6614,0.6614,0.018,0.0,1.0
A1,A2,1,1.0,0.6,ok,UniversalCEFR/readme_en,UniversalCEFR/readme_en,set alarm every 5 minutes,i need to set my alarm for tomorrow at 7 am,0.6614,0.6614,1.8,0.0,6.0
A1,A2,1,1.0,0.6,ok,UniversalCEFR/cefr_sp_en,UniversalCEFR/cefr_sp_en,"He died , aged 80 on 23 July , 2014 .","She died after a short illness on 15 May 2015 , aged 86 .",0.6608,0.6608,0.578,0.0,4.0
A1,A2,1,1.0,0.6,ok,UniversalCEFR/cefr_sp_en,UniversalCEFR/cefr_sp_en,Barack Obama was a great president .,Obama is a person whose power is respected .,0.6604,0.6604,0.458,0.125,2.0
A1,A2,1,1.0,0.6,ok,UniversalCEFR/readme_en,UniversalCEFR/readme_en,Cancel alarm for 10 pm tonight.,i need to set my alarm for tomorrow at 7 am,0.6603,0.6603,1.4,0.0,5.0
A1,A2,1,1.0,0.6,ok,UniversalCEFR/readme_en,UniversalCEFR/cefr_sp_en,Set off alarm in 5 minutes,The alarm will ring in a second .,0.6602,0.6602,0.429,0.0,2.0
A1,A2,1,1.0,0.6,ok,UniversalCEFR/readme_en,UniversalCEFR/readme_en,cancel the alarm for 4:30am,i need to set my alarm for tomorrow at 7 am,0.6602,0.6602,1.05,0.0,6.0
A1,A2,1,1.0,0.6,ok,UniversalCEFR/readme_en,UniversalCEFR/readme_en,Add an alarm on Saturday at  11 am,What time is my alarm set for tomorrow?,0.6597,0.6597,0.446,0.0,1.0
A1,A2,1,1.0,0.6,ok,UniversalCEFR/readme_en,UniversalCEFR/readme_en,Set an alarm for 10pm tonight,set alarm every 15 minutes for one hour,0.6591,0.6591,0.286,0.0,2.0
A1,A2,1,1.0,0.6,ok,UniversalCEFR/cefr_sp_en,UniversalCEFR/cefr_sp_en,"He died , aged 80 , on 22 July 2014 .","Juuso died after a long illness on 23 August 2014 , aged 69 .",0.6586,0.6586,1.022,0.0,4.0
A1,A2,1,1.0,0.6,ok,UniversalCEFR/readme_en,UniversalCEFR/readme_en,cancel alarm for 7 am tomorrow,What time is my alarm set for tomorrow?,0.6583,0.6583,0.925,0.0,3.0
A1,A2,1,1.0,0.6,ok,UniversalCEFR/readme_en,UniversalCEFR/readme_en,Cancel my alarm(s) for Saturday,i need to set my alarm for tomorrow at 7 am,0.6582,0.6582,0.967,0.0,4.0
A1,A2,1,1.0,0.6,ok,UniversalCEFR/readme_en,UniversalCEFR/readme_en,Set alarm for every 5 minutes,i need to set my alarm for tomorrow at 7 am,0.6567,0.6567,1.4,0.0,5.0
A1,A2,1,1.0,0.6,ok,UniversalCEFR/readme_en,UniversalCEFR/cefr_sp_en,Set the alarm for 8 pm central time.,The alarm will ring in a second .,0.6565,0.6565,0.286,0.0,0.0
A1,A2,1,1.0,0.6,ok,UniversalCEFR/readme_en,UniversalCEFR/readme_en,Set the alarm for 8 pm central time.,When is the next alarm set for?,0.6559,0.6559,0.429,0.0,0.0
A1,A2,1,1.0,0.6,ok,UniversalCEFR/readme_en,UniversalCEFR/readme_en,cancel the alarm for 4:30am,What time is my alarm set for tomorrow?,0.6544,0.6544,0.375,0.0,4.0
A1,A2,1,1.0,0.6,very_short_text,UniversalCEFR/readme_en,UniversalCEFR/readme_en,cancel alarm for 4pm,How much time before my alarm goes off?,0.654,0.654,0.792,0.0,5.0
A1,A2,1,1.0,0.6,ok,UniversalCEFR/readme_en,UniversalCEFR/readme_en,Set an alarm for 6am tomorrow,When is the next alarm set for?,0.6538,0.6538,0.771,0.0,2.0
A1,A2,1,1.0,0.6,ok,UniversalCEFR/readme_en,UniversalCEFR/readme_en,Set an alarm for 6pm today,When is the next alarm set for?,0.6537,0.6537,0.171,0.0,2.0
A1,A2,1,1.0,0.6,ok,UniversalCEFR/cefr_sp_en,UniversalCEFR/cefr_sp_en,He died on 26 September 2017 in Paris at the age of 91 .,He died 23 December 2018 at the age of 86 after a brief illness .,0.6534,0.6534,0.418,0.0,1.0
A1,A2,1,1.0,0.6,ok,UniversalCEFR/cefr_sp_en,UniversalCEFR/cefr_sp_en,"He died , aged 80 , on 22 July 2014 .","She died after a short illness on 15 May 2015 , aged 86 .",0.6528,0.6528,0.578,0.0,4.0
A1,A2,1,1.0,0.6,ok,UniversalCEFR/readme_en,UniversalCEFR/readme_en,Cancel alarm for 10 pm tonight.,What time is my alarm set for tomorrow?,0.6522,0.6522,0.725,0.0,3.0
A1,A2,1,1.0,0.6,ok,UniversalCEFR/cefr_sp_en,UniversalCEFR/cefr_sp_en,"She died on 12 February 2019 , at the age of 79 .","Skirton died on 11 or 12 May 2019 , at the age of 80 .",0.652,0.652,0.264,0.0,1.0
A1,A2,1,1.0,0.6,ok,UniversalCEFR/readme_en,UniversalCEFR/readme_en,set an alarm for 6pm,How much time before my alarm goes off?,0.6518,0.6518,0.625,0.0,4.0
A1,A2,1,1.0,0.6,ok,UniversalCEFR/readme_en,UniversalCEFR/readme_en,Set alarm for 8 pm tonight,Set my alarm to let me know when the game ends.,0.6511,0.6511,0.727,0.0,6.0
A1,A2,1,1.0,0.6,ok,UniversalCEFR/readme_en,UniversalCEFR/readme_en,snooze alarm for 15 minutes,How much time before my alarm goes off?,0.6511,0.6511,1.375,0.0,4.0
A1,A2,1,1.0,0.6,ok,UniversalCEFR/cefr_sp_en,UniversalCEFR/readme_en,Is that your bike ?,That's a very sweet bike!,0.6508,0.6508,0.5,0.0,1.0
A1,A2,1,1.0,0.6,ok,UniversalCEFR/cefr_sp_en,UniversalCEFR/cefr_sp_en,"She died on 12 February 2019 , at the age of 79 .","He died on 12 July 2019 , four days before his 85th birthday .",0.6507,0.6507,0.736,0.0,1.0
A1,A2,1,1.0,0.6,similar_complexity,UniversalCEFR/readme_en,UniversalCEFR/readme_en,How long before my alarm goes off?,Set an alarm for tomorrow at 2am,0.6504,0.6504,0.024,0.0,1.0
A1,A2,1,1.0,0.6,ok,UniversalCEFR/readme_en,UniversalCEFR/readme_en,set alarm every 5 minutes,set alarm for 8:45am tomorrow,0.6503,0.6503,0.25,0.0,0.0
A1,A2,1,1.0,0.6,ok,UniversalCEFR/cefr_sp_en,UniversalCEFR/cefr_sp_en,He died on 26 September 2017 in Paris at the age of 91 .,"He died on 12 July 2019 , four days before his 85th birthday .",0.6503,0.6503,0.711,0.0,1.0
A1,A2,1,1.0,0.6,ok,UniversalCEFR/readme_en,UniversalCEFR/readme_en,show my alarms for tomorrow,Set my alarm to let me know when the game ends.,0.6499,0.6499,1.327,0.0,6.0
A1,A2,1,1.0,0.6,ok,UniversalCEFR/readme_en,UniversalCEFR/readme_en,Set alarm for 8 pm tonight,set alarm every 15 minutes for one hour,0.6499,0.6499,0.286,0.0,2.0
A1,A2,1,1.0,0.6,similar_complexity,UniversalCEFR/readme_en,UniversalCEFR/readme_en,Set alarm for 8 pm tonight,How much time before my alarm goes off?,0.6499,0.6499,0.125,0.0,3.0
A1,A2,1,1.0,0.6,very_short_text,UniversalCEFR/readme_en,UniversalCEFR/cefr_sp_en,Show me my alarm,The alarm will ring in a second .,0.6495,0.6495,0.321,0.0,3.0
A1,A2,1,1.0,0.6,ok,UniversalCEFR/cefr_sp_en,UniversalCEFR/cefr_sp_en,Do you know what you 're doing this weekend ?,Do you have weekend plans ?,0.6485,0.6485,0.422,0.111,4.0
A1,A2,1,1.0,0.6,ok,UniversalCEFR/cefr_sp_en,UniversalCEFR/cefr_sp_en,Delpire died in Paris on 26 September 2017 in Paris at the age of 91 .,He died in Paris .,0.6479,0.6479,0.583,0.167,8.0
A1,A2,1,1.0,0.6,ok,UniversalCEFR/cefr_sp_en,UniversalCEFR/cefr_sp_en,I forgot to bring my umbrella .,It will rain tonight so you should take an umbrella .,0.6477,0.6477,0.2,0.0,4.0
A1,A2,1,1.0,0.6,ok,UniversalCEFR/cefr_sp_en,UniversalCEFR/cefr_sp_en,He died on 12 May 2019 at the age of 80 .,She turned 100 in September 2017 and died on 19 January 2018 .,0.6469,0.6469,1.875,0.0,0.0
A1,A2,1,1.0,0.6,very_short_text,UniversalCEFR/readme_en,UniversalCEFR/readme_en,Turn on all alarms,cancel all alarms this week while I'm on vacation,0.6453,0.6453,0.806,0.0,5.0
A1,A2,1,1.0,0.6,ok,UniversalCEFR/readme_en,UniversalCEFR/readme_en,How long before my alarm goes off?,i need to set my alarm for tomorrow at 7 am,0.6451,0.6451,0.657,0.0,3.0
A1,A2,1,1.0,0.6,very_short_text,UniversalCEFR/readme_en,UniversalCEFR/readme_en,set alarm for 7am,When is the next alarm set for?,0.645,0.645,0.238,0.0,4.0
A1,A2,1,1.0,0.6,ok,UniversalCEFR/readme_en,UniversalCEFR/readme_en,Set alarm for every 5 minutes,set alarm for 8:45am tomorrow,0.6448,0.6448,0.15,0.0,1.0
A1,A2,1,1.0,0.6,ok,UniversalCEFR/readme_en,UniversalCEFR/readme_en,Add salt and pepper to taste.,"Add flour, salt, baking powder, vanilla, and nuts.",0.6448,0.6448,0.917,0.0,2.0
A1,A2,1,1.0,0.6,ok,UniversalCEFR/readme_en,UniversalCEFR/readme_en,set alarm every 5 minutes,How much time before my alarm goes off?,0.6446,0.6446,1.125,0.0,4.0
A1,A2,1,1.0,0.6,ok,UniversalCEFR/readme_en,UniversalCEFR/readme_en,Set alarm for 7 am tomorrow,How much time before my alarm goes off?,0.6444,0.6444,0.325,0.0,3.0
A1,A2,1,1.0,0.6,ok,UniversalCEFR/readme_en,UniversalCEFR/readme_en,set an alarm for 6pm,When is the next alarm set for?,0.6436,0.6436,0.179,0.0,3.0
A1,A2,1,1.0,0.6,similar_complexity,UniversalCEFR/readme_en,UniversalCEFR/readme_en,Set an alarm for 10pm tonight,How much time before my alarm goes off?,0.6414,0.6414,0.125,0.0,3.0
A1,A2,1,1.0,0.6,ok,UniversalCEFR/readme_en,UniversalCEFR/readme_en,Set alarm for 9am every Friday,When is the next alarm set for?,0.6412,0.6412,0.971,0.0,2.0
A1,A2,1,1.0,0.6,very_short_text,UniversalCEFR/readme_en,UniversalCEFR/readme_en,set alarm for 7am,set alarm every 15 minutes for one hour,0.641,0.641,0.619,0.0,4.0
A1,A2,1,1.0,0.6,ok,UniversalCEFR/elg_cefr_en,UniversalCEFR/elg_cefr_en,"You're very good to me, Mr Selim. You're my teacher.' 'I like teaching you. You're a son to me,' Selim says. One day, Ali sees Mrs Yildiz again, but he walks away quickly. He does not want to see her. 'Ali, Ali! Why are you running away?' she asks. Ali stops. 'I'm not very clever,' he says. 'Did Yusuf tell you?' He tells her about that day in Yusuf 's office at the
newspaper. 'I'm sorry now,' he says. 
'What are you talking about?' Mrs Yildiz says. 'Don't you know? One of your photos is in the newspaper today!' 'My photo? In the newspaper? Which photo?' 'There are two children on a bridge. They're catching a big fish.''Oh, Mrs Yildiz, I'm very happy,' Ali says, and he laughs happily. 'Can I carry your bags for you now?' 'No, thank you. Go home now,' she says. Ali runs to Selim's shop. 'My photo's in the newspaper!' he tells him. 'Yes, here it is,' Selim says, and he shows Ali the newspaper. 'I don't understand! How. . . ? Who. . . ?' Selim is smiling. 'It was you! You showed my photo to Yusuf !' Selim smiles again. 
Then he says, 'But you can't stop learning.' 'Yes, you're  right,' Ali says.  'Tomorrow is a very important day for you.' Ali doesn't understand. 'Tomorrow? Why is tomorrow important?' 'The newspaper has a job for a young person,' Selim tells him. 'That person is going to learn about photography.'
","Faisal was a rich young man of Baghdad. He lived in a large house with many servants. But he didn't have a wife. He wasn't interested in love.
One day Faisal went for a walk in the streets of the city. He saw a lot of young girls in front of him. He didn't want to meet them, so he turned into a small street. He looked up and saw a beautiful young girl at a window. From that minute, Faisal was in love.
Then a man on a horse came into the street. He had many servants with him. He stopped outside the girl's house and went inside.
'Is that her father?' Faisal thought.
He went home, but he couldn't eat or sleep. He thought about the girl. Who was she? He had to know.
An old woman worked in Faisal's house. She asked, 'What's wrong with you, sir? Are you ill?'
'No,' answered Faisal.' But I'm in love.' He told the old woman about the girl at the window.
'I know that girl,' said the old woman.' She's the daughter of a judge. Her father is a very important man.'
'How can I meet her?' asked Faisal.
'Listen,' said the old woman. 'I know the people in the girl's house. I'll speak to the girl about you. She'll listen to me.'
The old woman went to the house and spoke to the girl about Faisal. The girl listened. She was very interested.
'I would like to meet this young man,' she said. 

",0.6398,0.6398,0.194,0.051,14.0
A1,A2,1,1.0,0.6,ok,UniversalCEFR/cefr_sp_en,UniversalCEFR/cefr_sp_en,"He died on 3 May 2015 , aged 84 , after a long illness .",She died after long illness on 6 April 2014 .,0.6394,0.6394,0.73,0.0,2.0
A1,A2,1,1.0,0.6,ok,UniversalCEFR/cefr_sp_en,UniversalCEFR/cefr_sp_en,There will be very angry people .,There will be war .,0.6394,0.6394,0.833,0.0,2.0
A1,A2,1,1.0,0.6,ok,UniversalCEFR/cefr_sp_en,UniversalCEFR/cefr_sp_en,I like your sister .,You look like your sister .,0.6391,0.6391,0.45,0.0,1.0
A1,A2,1,1.0,0.6,ok,UniversalCEFR/cefr_sp_en,UniversalCEFR/cefr_sp_en,"Long died on January 15 , 2017 , at the age of 63 .",Large died on 3 November 2018 from a heart attack at the age of 75 .,0.6384,0.6384,0.375,0.0,4.0
A1,A2,1,1.0,0.6,ok,UniversalCEFR/readme_en,UniversalCEFR/readme_en,set an alarm for 6pm,set alarm every 15 minutes for one hour,0.6381,0.6381,1.036,0.0,3.0
A1,A2,1,1.0,0.6,ok,UniversalCEFR/readme_en,UniversalCEFR/readme_en,Set alarm for every 5 minutes,How much time before my alarm goes off?,0.638,0.638,0.725,0.0,3.0
A1,A2,1,1.0,0.6,ok,UniversalCEFR/cefr_sp_en,UniversalCEFR/cefr_sp_en,"She died on 12 February 2019 , at the age of 79 .",He died 23 December 2018 at the age of 86 after a brief illness .,0.6376,0.6376,0.443,0.0,3.0
A1,A2,1,1.0,0.6,ok,UniversalCEFR/readme_en,UniversalCEFR/readme_en,Set an alarm for 6pm today,How much time before my alarm goes off?,0.6372,0.6372,0.275,0.0,3.0
A1,A2,1,1.0,0.6,very_short_text,UniversalCEFR/readme_en,UniversalCEFR/cefr_sp_en,They broke right away.,Many things were broken .,0.6371,0.6371,0.5,0.0,0.0
A1,A2,1,1.0,0.6,ok,UniversalCEFR/cefr_sp_en,UniversalCEFR/cefr_sp_en,He died on 12 May 2019 at the age of 80 .,"Ryman died on February 8 , 2019 in New York City at the age of 88 .",0.637,0.637,0.875,0.0,4.0
A1,A2,1,1.0,0.6,very_short_text,UniversalCEFR/readme_en,UniversalCEFR/cefr_sp_en,Stop the alarm.,The alarm will ring in a second .,0.6368,0.6368,0.429,0.0,4.0
A1,A2,1,1.0,0.6,very_short_text,UniversalCEFR/readme_en,UniversalCEFR/readme_en,Show me my alarm,Set an alarm for tomorrow at 2am,0.636,0.636,0.583,0.0,2.0
A1,A2,1,1.0,0.6,ok,UniversalCEFR/readme_en,UniversalCEFR/readme_en,Add an alarm on Saturday at  11 am,set alarm every 15 minutes for one hour,0.6355,0.6355,0.857,0.0,0.0
A1,A2,1,1.0,0.6,ok,UniversalCEFR/readme_en,UniversalCEFR/readme_en,set alarm every 5 minutes for 15 minutes,set alarm for 8:45am tomorrow,0.6355,0.6355,0.25,0.167,2.0
A1,A2,1,1.0,0.6,ok,UniversalCEFR/cefr_sp_en,UniversalCEFR/cefr_sp_en,Do you have a car ?,Is that your car ?,0.6354,0.6354,0.65,0.0,1.0
A1,A2,1,1.0,0.6,ok,UniversalCEFR/cefr_sp_en,UniversalCEFR/cefr_sp_en,He died on 4 August 2018 .,"Peoples died on 4 August 2018 , aged 70 .",0.6345,0.6345,1.1,0.0,1.0
A1,A2,1,1.0,0.6,ok,UniversalCEFR/cefr_sp_en,UniversalCEFR/cefr_sp_en,He died on 12 May 2019 at the age of 80 .,"Peoples died on 4 August 2018 , aged 70 .",0.6344,0.6344,1.975,0.0,3.0
A1,A2,1,1.0,0.6,very_short_text,UniversalCEFR/readme_en,UniversalCEFR/cefr_sp_en,It's practically brand new.,"If it was new , I 'd buy it .",0.634,0.634,3.625,0.125,4.0
A1,A2,1,1.0,0.6,ok,UniversalCEFR/readme_en,UniversalCEFR/readme_en,set alarm every 5 minutes,Set an alarm for tomorrow at 2am,0.634,0.634,1.167,0.0,2.0
A1,A2,1,1.0,0.6,ok,UniversalCEFR/cefr_sp_en,UniversalCEFR/cefr_sp_en,"The DVD was released on October 10 , 2006 .","The film was released on September 20 , 2002 .",0.6339,0.6339,0.5,0.0,0.0
A1,A2,1,1.0,0.6,ok,UniversalCEFR/readme_en,UniversalCEFR/readme_en,"Sounds great, you're looking at a beautiful home here.",I would like to pick a time to look at houses with you .,0.633,0.633,1.658,0.077,4.0
A1,A2,1,1.0,0.6,ok,UniversalCEFR/cefr_sp_en,UniversalCEFR/cefr_sp_en,"He died on 6 January 2015 , aged 82 .","Ryman died on February 8 , 2019 in New York City at the age of 88 .",0.6326,0.6326,0.3,0.0,7.0
A1,A2,1,1.0,0.6,ok,UniversalCEFR/cefr_sp_en,UniversalCEFR/cefr_sp_en,"Ryman died on February 8 , 2019 , at the age of 88 .","He died on 12 July 2019 , four days before his 85th birthday .",0.6324,0.6324,0.486,0.0,1.0
A1,A2,1,1.0,0.6,ok,UniversalCEFR/cefr_sp_en,UniversalCEFR/cefr_sp_en,"Winters died on 23 April 2019 , at the age of 80 .",He died 23 December 2018 at the age of 86 after a brief illness .,0.6321,0.6321,0.318,0.0,3.0
A1,A2,1,1.0,0.6,ok,UniversalCEFR/readme_en,UniversalCEFR/readme_en,Cancel alarm for 10 pm tonight.,Set my alarm to let me know when the game ends.,0.632,0.632,1.327,0.0,6.0
A1,A2,1,1.0,0.6,ok,UniversalCEFR/readme_en,UniversalCEFR/readme_en,cancel alarm for 7 am tomorrow,How much time before my alarm goes off?,0.6317,0.6317,0.925,0.0,3.0
A1,A2,1,1.0,0.6,very_short_text,UniversalCEFR/readme_en,UniversalCEFR/readme_en,cancel alarm for 4pm,What time is my alarm set for tomorrow?,0.6303,0.6303,0.792,0.0,5.0
A1,A2,1,1.0,0.6,ok,UniversalCEFR/readme_en,UniversalCEFR/readme_en,Set alarm for every 5 minutes,Set an alarm for tomorrow at 2am,0.6301,0.6301,0.767,0.0,1.0
A1,A2,1,1.0,0.6,ok,UniversalCEFR/cefr_sp_en,UniversalCEFR/cefr_sp_en,Wass died on 4 January 2017 in London at the age of 93 .,"Beutel died on 8 May 2019 , at the age of 72 .",0.6301,0.6301,0.375,0.0,2.0
A1,A2,1,1.0,0.6,ok,UniversalCEFR/cefr_sp_en,UniversalCEFR/cefr_sp_en,"Pazos died on 24 May 2019 , at the age of 89 .",He died 23 December 2018 at the age of 86 after a brief illness .,0.6296,0.6296,0.818,0.0,3.0
A1,A2,1,1.0,0.6,ok,UniversalCEFR/cefr_sp_en,UniversalCEFR/cefr_sp_en,"He died on 3 May 2015 , aged 84 , after a long illness .","Puar died after a short illness on 1 January 2015 , aged 83 .",0.6293,0.6293,0.778,0.0,0.0
A1,A2,1,1.0,0.6,ok,UniversalCEFR/cefr_sp_en,UniversalCEFR/cefr_sp_en,"He died , aged 80 on 23 July , 2014 .","He died in 2005 at the age of 87 in New York City , after suffering from cancer .",0.6292,0.6292,0.467,0.067,10.0
A1,A2,1,1.0,0.6,ok,UniversalCEFR/cefr_sp_en,UniversalCEFR/cefr_sp_en,He died on 6 October 1837 in Paris .,He died in Paris .,0.6284,0.6284,0.417,0.0,2.0
A1,A2,1,1.0,0.6,ok,UniversalCEFR/readme_en,UniversalCEFR/readme_en,Turn off all of my alarms today.,Set an alarm for tomorrow at 2am,0.6282,0.6282,0.262,0.0,1.0
A1,A2,1,1.0,0.6,similar_complexity,UniversalCEFR/readme_en,UniversalCEFR/readme_en,set an alarm for 6pm,Set my alarm to let me know when the game ends.,0.6279,0.6279,0.023,0.0,7.0
A1,A2,1,1.0,0.6,ok,UniversalCEFR/cefr_sp_en,UniversalCEFR/cefr_sp_en,"He died , aged 80 on 23 July , 2014 .",She died after long illness on 6 April 2014 .,0.6277,0.6277,1.086,0.0,2.0
A1,A2,1,1.0,0.6,ok,UniversalCEFR/cefr_sp_en,UniversalCEFR/cefr_sp_en,"He died on 6 January 2015 , aged 82 .","Puar died after a short illness on 1 January 2015 , aged 83 .",0.6272,0.6272,0.533,0.0,4.0
A1,A2,1,1.0,0.6,very_short_text,UniversalCEFR/readme_en,UniversalCEFR/readme_en,Show me my alarm,set alarm for 8:45am tomorrow,0.6272,0.6272,1.5,0.0,0.0
A1,A2,1,1.0,0.6,ok,UniversalCEFR/cefr_sp_en,UniversalCEFR/cefr_sp_en,"He died on 6 January 2015 , aged 82 .",She died after long illness on 6 April 2014 .,0.6269,0.6269,0.486,0.0,2.0
A1,A2,1,1.0,0.6,ok,UniversalCEFR/readme_en,UniversalCEFR/readme_en,Set alarm for 9am every Friday,cancel all alarms this week while I'm on vacation,0.6265,0.6265,0.156,0.0,4.0
A1,A2,1,1.0,0.6,ok,UniversalCEFR/cefr_sp_en,UniversalCEFR/cefr_sp_en,"He died , aged 80 , on 22 July 2014 .",She died after long illness on 6 April 2014 .,0.6256,0.6256,1.086,0.0,2.0
A1,A2,1,1.0,0.6,ok,UniversalCEFR/readme_en,UniversalCEFR/readme_en,Beat egg in a small bowl.,"To do a reading, crack the egg over a glass of water.",0.6255,0.6255,0.167,0.083,6.0
A1,A2,1,1.0,0.6,ok,UniversalCEFR/cefr_sp_en,UniversalCEFR/cefr_sp_en,"He died on 6 January 2015 , aged 82 .","Peoples died on 4 August 2018 , aged 70 .",0.6252,0.6252,0.8,0.0,0.0
A1,A2,1,1.0,0.6,ok,UniversalCEFR/readme_en,UniversalCEFR/readme_en,set alarm every 5 minutes for 15 minutes,i need to set my alarm for tomorrow at 7 am,0.6244,0.6244,1.8,0.167,4.0
A1,A2,1,1.0,0.6,ok,UniversalCEFR/cefr_sp_en,UniversalCEFR/cefr_sp_en,"He died , aged 80 , on 22 July 2014 .","He died in 2005 at the age of 87 in New York City , after suffering from cancer .",0.6244,0.6244,0.467,0.067,10.0
A1,A2,1,1.0,0.6,very_short_text,UniversalCEFR/readme_en,UniversalCEFR/readme_en,Show current set alarms.,When is the next alarm set for?,0.6244,0.6244,1.571,0.0,3.0
A1,A2,1,1.0,0.6,ok,UniversalCEFR/cefr_sp_en,UniversalCEFR/cefr_sp_en,"He died , aged 80 on 23 July , 2014 .","Trass died on 14 February 2017 , aged 88 .",0.624,0.624,1.4,0.0,0.0
A1,A2,1,1.0,0.6,very_short_text,UniversalCEFR/readme_en,UniversalCEFR/readme_en,Stop alarm.,Set an alarm for tomorrow at 2am,0.6236,0.6236,0.667,0.0,4.0
A1,A2,1,1.0,0.6,very_short_text,UniversalCEFR/readme_en,UniversalCEFR/cefr_sp_en,Stop alarm.,The alarm will ring in a second .,0.6224,0.6224,0.929,0.0,5.0
A1,A2,1,1.0,0.6,ok,UniversalCEFR/elg_cefr_en,UniversalCEFR/elg_cefr_en,"Brian and some other people were with Mike. 'There was some glass on the beach - I didn't see it,' Mike said. 'He's going to the doctor,' Brian said to Janelle. Then he looked at Nick.
'You can go - we don't want you here,' he said. Nick started to answer angrily, but Janelle put her hand on his arm. 'I'm sorry about your foot, Mike,' he said. Mike smiled. 'Thanks, Nick. I know that.' After Mike's accident Brian didn't talk to Nick. Nick was right. That evening his father was not happy. You're asking us for money,' he said. 'Only the money for the plane to Australia, Dad. I have eight hundred pounds in the bank, and I can win the prize money from the competition this weekend  that's a thousand pounds - I'll have one thousand, eight hundred .'I don't know about this, Nick,' his father said. 'I'll talk to your mother about it.'  The day of the surfing competition was hot and sunny. In the morning all the surfers tried to catch the good waves. The judges watched from the beach. Nick and Brian surfed well all morning. Nick did not have time to talk to Janelle in the morning but she waited for him before the afternoon competition. 'You're doing well,' she said. There are only four very good surfers in the competition and you're number two, after Brian. Good luck!'In the afternoon the waves were very big but Nick was a strong swimmer. 
","Lou took Nicky's bag and paid the taxi driver. The taxi drove away.
Nicky followed Lou to the shop and they went inside. There was a man in the shop. He looked up and saw Nicky and Lou. Then he smiled.
'How are you, Lou?' the man said.
'I'm OK,' Lou said, smiling. 'But Mrs Brady isn't happy with you, Sam.'
'Not happy?' said Sam. 'Why?'
'Last week's meat was bad,' Lou said. 'We couldn't use it. Mrs Brady had to throw it away. She was very angry.'
'But I don't understand,' Sam said. 'It was good meat-'
'Ha!' Lou laughed. 'Good? Mrs Brady didn't call it that! I want to see today's meat.'
'Of course! Of course!' Sam said. 'Come out to the back, Lou. Come and see it. We only send the best meat to Mrs Brady.'
Lou went with Sam. 'Wait there, Nicky,' he said. 'I won't be long.'
Lou and Sam went through a door at the back of the shop. Then Nicky was alone. The sun came in through a window. The room got hotter and hotter. Nicky got hotter and hotter. He began to feel ill.
'I've got to go outside,' he thought. 'I can wait for Lou there.' He went out into the street.
Three boys were at the other end of the street. They were older than Nicky. They kicked a ball and shouted. There were two motorbikes near them. One was yellow. The other was black and had an open sidecar.
Nicky watched the young men. Then an old woman came out of a building.
'Go away!' she shouted at them.
",0.6224,0.6224,0.464,0.022,24.0
A1,A2,1,1.0,0.6,very_short_text,UniversalCEFR/readme_en,UniversalCEFR/readme_en,Stop the alarm.,Set an alarm for tomorrow at 2am,0.6222,0.6222,0.167,0.0,3.0
A1,A2,1,1.0,0.6,ok,UniversalCEFR/readme_en,UniversalCEFR/readme_en,Set off alarm in 5 minutes,cancel all alarms this week while I'm on vacation,0.622,0.622,0.556,0.0,4.0
A1,A2,1,1.0,0.6,"very_short_text,similar_complexity",UniversalCEFR/readme_en,UniversalCEFR/cefr_sp_en,The clock struck six.,That clock is five minutes fast .,0.622,0.622,0.083,0.0,2.0
A1,A2,1,1.0,0.6,"very_short_text,similar_complexity",UniversalCEFR/readme_en,UniversalCEFR/readme_en,Show me my alarm,i need to set my alarm for tomorrow at 7 am,0.6218,0.6218,0.05,0.0,6.0
A1,A2,1,1.0,0.6,very_short_text,UniversalCEFR/readme_en,UniversalCEFR/readme_en,Slice 2 bananas.,Make sure banana slices are covered by pie filling.,0.6208,0.6208,1.333,0.0,7.0
A1,A2,1,1.0,0.6,similar_complexity,UniversalCEFR/readme_en,UniversalCEFR/readme_en,Set alarm for 7 am tomorrow,set alarm every 15 minutes for one hour,0.6205,0.6205,0.086,0.0,2.0
A1,A2,1,1.0,0.6,very_short_text,UniversalCEFR/readme_en,UniversalCEFR/readme_en,Show all alarms please,i need to set my alarm for tomorrow at 7 am,0.6204,0.6204,1.55,0.0,6.0
A1,A2,1,1.0,0.6,ok,UniversalCEFR/cefr_sp_en,UniversalCEFR/cefr_sp_en,"Ryman died on February 8 , 2019 , at the age of 88 .",He died 23 December 2018 at the age of 86 after a brief illness .,0.6203,0.6203,0.193,0.0,3.0
A1,A2,1,1.0,0.6,very_short_text,UniversalCEFR/readme_en,UniversalCEFR/readme_en,Show all alarms please,cancel all alarms this week while I'm on vacation,0.6199,0.6199,0.194,0.0,5.0
A1,A2,1,1.0,0.6,ok,UniversalCEFR/cefr_sp_en,UniversalCEFR/cefr_sp_en,"He died , aged 80 , on 22 July 2014 .","Trass died on 14 February 2017 , aged 88 .",0.6197,0.6197,1.4,0.0,0.0
A1,A2,1,1.0,0.6,ok,UniversalCEFR/cefr_sp_en,UniversalCEFR/readme_en,I have two fish in a bowl .,"Goldfish are swimming in a bowl, then a person drops food into the bowl and the fish eat.",0.6196,0.6196,1.175,0.167,11.0
A1,A2,1,1.0,0.6,ok,UniversalCEFR/readme_en,UniversalCEFR/readme_en,Set an alarm for 6am tomorrow,How much time before my alarm goes off?,0.6195,0.6195,0.325,0.0,3.0
A1,A2,1,1.0,0.6,very_short_text,UniversalCEFR/readme_en,UniversalCEFR/readme_en,Show all alarms please,When is the next alarm set for?,0.6194,0.6194,1.321,0.0,3.0
A1,A2,1,1.0,0.6,very_short_text,UniversalCEFR/readme_en,UniversalCEFR/readme_en,cancel alarm for 4pm,set alarm every 15 minutes for one hour,0.6186,0.6186,0.381,0.0,4.0
A1,A2,1,1.0,0.6,ok,UniversalCEFR/cefr_sp_en,UniversalCEFR/cefr_sp_en,Wass died on 4 January 2017 at the age of 93 .,"Beutel died on 8 May 2019 , at the age of 72 .",0.6175,0.6175,0.25,0.0,0.0
A1,A2,1,1.0,0.6,ok,UniversalCEFR/readme_en,UniversalCEFR/readme_en,Set alarm for 7 am tomorrow,Set my alarm to let me know when the game ends.,0.6173,0.6173,0.927,0.0,6.0
A1,A2,1,1.0,0.6,ok,UniversalCEFR/readme_en,UniversalCEFR/readme_en,cancel the alarm for 4:30am,When is the next alarm set for?,0.617,0.617,0.821,0.0,3.0
A1,A2,1,1.0,0.6,ok,UniversalCEFR/elg_cefr_en,UniversalCEFR/elg_cefr_en,"Brian and some other people were with Mike. 'There was some glass on the beach - I didn't see it,' Mike said. 'He's going to the doctor,' Brian said to Janelle. Then he looked at Nick.
'You can go - we don't want you here,' he said. Nick started to answer angrily, but Janelle put her hand on his arm. 'I'm sorry about your foot, Mike,' he said. Mike smiled. 'Thanks, Nick. I know that.' After Mike's accident Brian didn't talk to Nick. Nick was right. That evening his father was not happy. You're asking us for money,' he said. 'Only the money for the plane to Australia, Dad. I have eight hundred pounds in the bank, and I can win the prize money from the competition this weekend  that's a thousand pounds - I'll have one thousand, eight hundred .'I don't know about this, Nick,' his father said. 'I'll talk to your mother about it.'  The day of the surfing competition was hot and sunny. In the morning all the surfers tried to catch the good waves. The judges watched from the beach. Nick and Brian surfed well all morning. Nick did not have time to talk to Janelle in the morning but she waited for him before the afternoon competition. 'You're doing well,' she said. There are only four very good surfers in the competition and you're number two, after Brian. Good luck!'In the afternoon the waves were very big but Nick was a strong swimmer. 
","Plates were filled, and coffee and tea were poured. They talked about news from abroad and the world of sport. Nobody spoke about the island. 
When breakfast ended, Dr Armstrong moved his chair back a little. 'I have a sad piece of news. Mrs Rogers is dead. She died in her sleep.' There were cries of surprise around the table.
'Oh no! That's terrible!' said Vera, 'Two deaths on the island!' 'What happened?' asked Mr Justice Wargrave. 'I'm not sure,' said Armstrong.
'She seemed very nervous,' Vera said. 'Perhaps her heart failed?'
Suddenly Emily Brent's voice filled the room.
'Fear! She died of fear! You all saw her yesterday. She was accused of murdering that old lady, with her husband. I think that accusation was true. She was judged - and then she died!' Everyone looked at Emily Brent in surprise. She looked back at them with shining eyes. 'It's what I believe,' she said.
'My dear lady,' said the judge quietly, 'a court of law is where we judge criminals. Your suggestion is impossible.'
Emily Brent turned away. Blore said, 'What did she eat and drink before bed last night? A cup of tea?
Water?' 'Rogers says that she had nothing,' answered Dr Armstrong.
'Ah!' said Blore 'Rogers says that, does he?'
The doctor looked at him and Philip Lombard said, 'So, that's your idea?'
'Why not?' said Blore. 'We all heard that accusation last night. Maybe it was a lie, but maybe not. Maybe it was true. Rogers and his wife killed the old lady and they've felt quite safe and happy about it. 
",0.6169,0.6169,0.086,0.085,19.0
A1,A2,1,1.0,0.6,very_short_text,UniversalCEFR/readme_en,UniversalCEFR/readme_en,Stop the alarm.,cancel all alarms this week while I'm on vacation,0.6163,0.6163,0.556,0.0,6.0
A1,A2,1,1.0,0.6,ok,UniversalCEFR/readme_en,UniversalCEFR/cefr_sp_en,set an alarm for 6pm,The alarm will ring in a second .,0.616,0.616,0.321,0.0,3.0
A1,A2,1,1.0,0.6,ok,UniversalCEFR/cefr_sp_en,UniversalCEFR/cefr_sp_en,"Long died on January 15 , 2017 , at the age of 63 .",She died after long illness on 6 April 2014 .,0.6156,0.6156,0.911,0.0,1.0
A1,A2,1,1.0,0.6,"very_short_text,similar_complexity",UniversalCEFR/readme_en,UniversalCEFR/readme_en,Stop alarm.,cancel all alarms this week while I'm on vacation,0.615,0.615,0.056,0.0,7.0
A1,A2,1,1.0,0.6,ok,UniversalCEFR/readme_en,UniversalCEFR/readme_en,How long before my alarm goes off?,Set my alarm to let me know when the game ends.,0.615,0.615,0.584,0.0,4.0
A1,A2,1,1.0,0.6,ok,UniversalCEFR/readme_en,UniversalCEFR/readme_en,how much longer until my alarm goes off,When is the next alarm set for?,0.6149,0.6149,0.571,0.0,1.0
A1,A2,1,1.0,0.6,ok,UniversalCEFR/readme_en,UniversalCEFR/readme_en,Set alarm for 7 am tomorrow,cancel all alarms this week while I'm on vacation,0.6147,0.6147,0.356,0.0,4.0
A1,A2,1,1.0,0.6,ok,UniversalCEFR/readme_en,UniversalCEFR/readme_en,cancel the alarm for 4:30am,Set my alarm to let me know when the game ends.,0.6146,0.6146,0.977,0.0,7.0
A1,A2,1,1.0,0.6,ok,UniversalCEFR/readme_en,UniversalCEFR/readme_en,Set an alarm for 6am tomorrow,Set my alarm to let me know when the game ends.,0.6145,0.6145,0.927,0.0,6.0
A1,A2,1,1.0,0.6,similar_complexity,UniversalCEFR/readme_en,UniversalCEFR/cefr_sp_en,What did the boss say ?,May I speak with your boss ?,0.6145,0.6145,0.1,0.0,1.0
A1,A2,1,1.0,0.6,ok,UniversalCEFR/cefr_sp_en,UniversalCEFR/cefr_sp_en,He died on 18 October 2017 .,"He died in 2005 at the age of 87 in New York City , after suffering from cancer .",0.6142,0.6142,0.083,0.067,11.0
A1,A2,1,1.0,0.6,ok,UniversalCEFR/readme_en,UniversalCEFR/readme_en,cancel alarm for tomorrow morning,When is the next alarm set for?,0.614,0.614,2.371,0.0,2.0
A1,A2,1,1.0,0.6,similar_complexity,UniversalCEFR/readme_en,UniversalCEFR/readme_en,Set off alarm in 5 minutes,What time is my alarm set for tomorrow?,0.6129,0.6129,0.125,0.0,3.0
A1,A2,1,1.0,0.6,similar_complexity,UniversalCEFR/readme_en,UniversalCEFR/readme_en,cancel the alarm for 4:30am,set alarm every 15 minutes for one hour,0.6128,0.6128,0.036,0.0,3.0
A1,A2,1,1.0,0.6,similar_complexity,UniversalCEFR/readme_en,UniversalCEFR/readme_en,Can I take your order ?,"Are you ready to order now , sir ?",0.6126,0.6126,0.029,0.0,2.0
A1,A2,1,1.0,0.6,ok,UniversalCEFR/readme_en,UniversalCEFR/readme_en,Set an alarm for 6pm today,Set my alarm to let me know when the game ends.,0.6126,0.6126,0.327,0.0,6.0
A1,A2,1,1.0,0.6,ok,UniversalCEFR/readme_en,UniversalCEFR/cefr_sp_en,cancel the alarm for 4:30am,The alarm will ring in a second .,0.6125,0.6125,0.679,0.0,3.0
A1,A2,1,1.0,0.6,ok,UniversalCEFR/readme_en,UniversalCEFR/cefr_sp_en,What did the boss say ?,Did you have a chance to speak to your boss ?,0.6123,0.6123,0.0,0.1,5.0
A1,A2,1,1.0,0.6,ok,UniversalCEFR/cefr_sp_en,UniversalCEFR/cefr_sp_en,He died on 12 May 2019 at the age of 80 .,"Beutel died on 8 May 2019 , at the age of 72 .",0.6116,0.6116,0.5,0.0,0.0
A1,A2,1,1.0,0.6,very_short_text,UniversalCEFR/readme_en,UniversalCEFR/readme_en,show all alarms,cancel all alarms this week while I'm on vacation,0.6114,0.6114,0.222,0.0,6.0
A1,A2,1,1.0,0.6,ok,UniversalCEFR/cefr_sp_en,UniversalCEFR/cefr_sp_en,Lamarck died in Paris in 1829 .,He died in Paris .,0.611,0.611,0.75,0.2,1.0
A1,A2,1,1.0,0.6,ok,UniversalCEFR/readme_en,UniversalCEFR/readme_en,Set an alarm for 6pm today,set alarm every 15 minutes for one hour,0.6108,0.6108,0.686,0.0,2.0
A1,A2,1,1.0,0.6,ok,UniversalCEFR/cefr_sp_en,UniversalCEFR/cefr_sp_en,"Long died on January 15 , 2017 , at the age of 63 .",He died 23 December 2018 at the age of 86 after a brief illness .,0.61,0.61,0.443,0.0,3.0
A1,A2,1,1.0,0.6,ok,UniversalCEFR/readme_en,UniversalCEFR/cefr_sp_en,Set alarm for 8 pm tonight,The alarm will ring in a second .,0.61,0.61,0.429,0.0,2.0
A1,A2,1,1.0,0.6,ok,UniversalCEFR/readme_en,UniversalCEFR/readme_en,Set off alarm in 5 minutes,Set my alarm to let me know when the game ends.,0.6098,0.6098,0.727,0.0,6.0
A1,A2,1,1.0,0.6,ok,UniversalCEFR/cefr_sp_en,UniversalCEFR/cefr_sp_en,She may leave early .,She will do it as soon as she comes back from lunch .,0.6095,0.6095,0.667,0.167,8.0
A1,A2,1,1.0,0.6,"very_short_text,similar_complexity",UniversalCEFR/readme_en,UniversalCEFR/readme_en,Show all alarms please,set alarm for 8:45am tomorrow,0.6093,0.6093,0.0,0.0,0.0
A1,A2,1,1.0,0.6,ok,UniversalCEFR/readme_en,UniversalCEFR/cefr_sp_en,show my alarms for tomorrow,The alarm will ring in a second .,0.6091,0.6091,1.029,0.0,2.0
A1,A2,1,1.0,0.6,very_short_text,UniversalCEFR/readme_en,UniversalCEFR/readme_en,Cancel alarms,set alarm for 8:45am tomorrow,0.6091,0.6091,1.25,0.0,2.0
A1,A2,1,1.0,0.6,similar_complexity,UniversalCEFR/readme_en,UniversalCEFR/readme_en,how much longer until my alarm goes off,What time is my alarm set for tomorrow?,0.6091,0.6091,0.125,0.0,0.0
A1,A2,1,1.0,0.6,ok,UniversalCEFR/readme_en,UniversalCEFR/cefr_sp_en,Set an alarm for 10pm tonight,The alarm will ring in a second .,0.6087,0.6087,0.429,0.0,2.0
A1,A2,1,1.0,0.6,ok,UniversalCEFR/cefr_sp_en,UniversalCEFR/cefr_sp_en,He died on 12 May 2019 at the age of 80 .,Hovey died on 6 January 2015 at the age of 82 .,0.6081,0.6081,0.875,0.0,0.0
A1,A2,1,1.0,0.6,ok,UniversalCEFR/readme_en,UniversalCEFR/cefr_sp_en,I simply can't learn French !,Have you been studying French ?,0.608,0.608,0.4,0.0,0.0
A1,A2,1,1.0,0.6,ok,UniversalCEFR/cefr_sp_en,UniversalCEFR/cefr_sp_en,Sometimes I sleep until noon .,Have you been staying up late ?,0.6079,0.6079,0.8,0.0,1.0
A1,A2,1,1.0,0.6,ok,UniversalCEFR/readme_en,UniversalCEFR/readme_en,set alarm every 5 minutes for 15 minutes,Set an alarm for tomorrow at 2am,0.6074,0.6074,1.167,0.167,0.0
A1,A2,1,1.0,0.6,ok,UniversalCEFR/readme_en,UniversalCEFR/readme_en,Turn off all of my alarms today.,set alarm for 8:45am tomorrow,0.6069,0.6069,1.179,0.0,3.0
A1,A2,1,1.0,0.6,ok,UniversalCEFR/readme_en,UniversalCEFR/readme_en,Set the alarm for 8 pm central time.,cancel all alarms this week while I'm on vacation,0.6068,0.6068,0.698,0.0,2.0
A1,A2,1,1.0,0.6,very_short_text,UniversalCEFR/readme_en,UniversalCEFR/readme_en,Stop the alarm.,Set my alarm to let me know when the game ends.,0.6064,0.6064,0.727,0.0,8.0
A1,A2,1,1.0,0.6,very_short_text,UniversalCEFR/readme_en,UniversalCEFR/readme_en,Stop the alarm.,set alarm for 8:45am tomorrow,0.6062,0.6062,0.75,0.0,1.0
A1,A2,1,1.0,0.6,similar_complexity,UniversalCEFR/cefr_sp_en,UniversalCEFR/cefr_sp_en,He painted the house next to ours .,He painted his room blue .,0.6061,0.6061,0.143,0.0,2.0
A1,A2,1,1.0,0.6,ok,UniversalCEFR/cefr_sp_en,UniversalCEFR/cefr_sp_en,They put the food in bags .,The food is usually good there .,0.6057,0.6057,0.833,0.0,0.0
A1,A2,1,1.0,0.6,ok,UniversalCEFR/readme_en,UniversalCEFR/cefr_sp_en,set alarm every 5 minutes,The alarm will ring in a second .,0.6056,0.6056,1.429,0.0,3.0
A1,A2,1,1.0,0.6,ok,UniversalCEFR/readme_en,UniversalCEFR/readme_en,Set alarm for 9am every Friday,How much time before my alarm goes off?,0.6054,0.6054,0.525,0.0,3.0
A1,A2,1,1.0,0.6,ok,UniversalCEFR/readme_en,UniversalCEFR/readme_en,cancel alarm for tomorrow morning,Set my alarm to let me know when the game ends.,0.6053,0.6053,2.527,0.0,6.0
A1,A2,1,1.0,0.6,ok,UniversalCEFR/readme_en,UniversalCEFR/readme_en,cancel alarm for tomorrow morning,How much time before my alarm goes off?,0.605,0.605,1.925,0.0,3.0
A1,A2,1,1.0,0.6,similar_complexity,UniversalCEFR/elg_cefr_en,UniversalCEFR/elg_cefr_en,"One afternoon, Ali is carrying a heavy bag for an old man. 'There's a man behind us,' the old man says. 'Do you know him?' Ali looks at the man behind them. He is big and strong. 'No, I don't know him. He doesn't work in the market.' 'Watch my bag!' the old man says.  Perhaps he's a thief.' Ali thinks of the money in his pocket. 'Let's walk quickly,' he tells the old man. 'I can't walk quickly. You're young, but I'm not!' 
Suddenly, the big man takes the bag from Ali's hand and starts to run away. Ali runs after him. The man hits Ali. Ali falls down, and his money falls out of his pocket. The man puts down the bag. Then he takes Ali's money
and runs away. Ali gives the bag to the old man. 'Thank you very much,' the old man says. 'You're a very good young man.' Ali is unhappy, but he does not talk about the money. That evening, he does not tell his mother and father about it. 'I can start again,' he thinks. The day after that, Ali is at the market. People are making a lot of noise. Ali is standing and waiting for work. Suddenly, an old woman comes to him and says, 'Can you carry my two heavy bags? I live near the statue of Ataturk.' Ali carries them for her
 'Are they very heavy?' she asks. 'Not for me. I'm very strong,' Ali says. 
","Faisal was a rich young man of Baghdad. He lived in a large house with many servants. But he didn't have a wife. He wasn't interested in love.
One day Faisal went for a walk in the streets of the city. He saw a lot of young girls in front of him. He didn't want to meet them, so he turned into a small street. He looked up and saw a beautiful young girl at a window. From that minute, Faisal was in love.
Then a man on a horse came into the street. He had many servants with him. He stopped outside the girl's house and went inside.
'Is that her father?' Faisal thought.
He went home, but he couldn't eat or sleep. He thought about the girl. Who was she? He had to know.
An old woman worked in Faisal's house. She asked, 'What's wrong with you, sir? Are you ill?'
'No,' answered Faisal.' But I'm in love.' He told the old woman about the girl at the window.
'I know that girl,' said the old woman.' She's the daughter of a judge. Her father is a very important man.'
'How can I meet her?' asked Faisal.
'Listen,' said the old woman. 'I know the people in the girl's house. I'll speak to the girl about you. She'll listen to me.'
The old woman went to the house and spoke to the girl about Faisal. The girl listened. She was very interested.
'I would like to meet this young man,' she said. 

",0.6047,0.6047,0.093,0.011,6.0
A1,A2,1,1.0,0.6,ok,UniversalCEFR/cefr_sp_en,UniversalCEFR/cefr_sp_en,We went by metro .,Many cities have metros .,0.6046,0.6046,1.75,0.0,0.0
A1,A2,1,1.0,0.6,ok,UniversalCEFR/cefr_sp_en,UniversalCEFR/cefr_sp_en,"He died , aged 80 on 23 July , 2014 .","Elders died after a long illness on 3 May 2015 , aged 84 .",0.6044,0.6044,0.8,0.0,4.0
A1,A2,1,1.0,0.6,ok,UniversalCEFR/cefr_sp_en,UniversalCEFR/cefr_sp_en,"He died , aged 80 on 23 July , 2014 .","Grosics died on 13 June 2014 , aged 88 .",0.6042,0.6042,1.0,0.0,0.0
A1,A2,1,1.0,0.6,"very_short_text,similar_complexity",UniversalCEFR/readme_en,UniversalCEFR/readme_en,Turn off all alarms,How much time before my alarm goes off?,0.6039,0.6039,0.125,0.0,4.0
A1,A2,1,1.0,0.6,ok,UniversalCEFR/cefr_sp_en,UniversalCEFR/cefr_sp_en,"Long died on January 15 , 2017 , at the age of 63 .","Elders died after a long illness on 3 May 2015 , aged 84 .",0.6039,0.6039,0.625,0.0,1.0
A1,A2,1,1.0,0.6,ok,UniversalCEFR/readme_en,UniversalCEFR/readme_en,"Use cookie cutters with spooky shapes, like ghosts, bats, or moons.",Make simple shape cutouts with cookie cutters and a rubber mallet.,0.6038,0.6038,0.182,0.0,0.0
A1,A2,1,1.0,0.6,ok,UniversalCEFR/readme_en,UniversalCEFR/readme_en,Turn off all of my alarms today.,i need to set my alarm for tomorrow at 7 am,0.6037,0.6037,0.371,0.0,3.0
A1,A2,1,1.0,0.6,similar_complexity,UniversalCEFR/cefr_sp_en,UniversalCEFR/cefr_sp_en,Alsop died on 12 May 2018 at the age of 70 .,"Beutel died on 8 May 2019 , at the age of 72 .",0.6035,0.6035,0.125,0.0,0.0
A1,A2,1,1.0,0.6,ok,UniversalCEFR/cefr_sp_en,UniversalCEFR/cefr_sp_en,"He died , aged 80 on 23 July , 2014 .","Peoples died on 4 August 2018 , aged 70 .",0.6034,0.6034,1.4,0.0,0.0
A1,A2,1,1.0,0.6,very_short_text,UniversalCEFR/readme_en,UniversalCEFR/readme_en,Stop alarm.,set alarm for 8:45am tomorrow,0.6028,0.6028,0.25,0.0,2.0
A1,A2,1,1.0,0.6,ok,UniversalCEFR/cefr_sp_en,UniversalCEFR/cefr_sp_en,Glucksmann died in Paris on 10 November 2015 at the age of 78 .,He died in Paris .,0.6025,0.6025,0.85,0.0,6.0
A1,A2,1,1.0,0.6,similar_complexity,UniversalCEFR/cefr_sp_en,UniversalCEFR/cefr_sp_en,"Bopp died on January 6 , 2018 at the age of 68 .",Hovey died on 6 January 2015 at the age of 82 .,0.6025,0.6025,0.125,0.0,0.0
A1,A2,1,1.0,0.6,ok,UniversalCEFR/cefr_sp_en,UniversalCEFR/cefr_sp_en,He died on 12 May 2019 at the age of 80 .,"Thomas died on April 30 , 2016 of natural causes at the age of 91 .",0.6025,0.6025,1.193,0.091,3.0
A1,A2,1,1.0,0.6,very_short_text,UniversalCEFR/readme_en,UniversalCEFR/readme_en,Cancel alarms,Set an alarm for tomorrow at 2am,0.6022,0.6022,2.167,0.0,4.0
A1,A2,1,1.0,0.6,ok,UniversalCEFR/cefr_sp_en,UniversalCEFR/cefr_sp_en,He died on 12 May 2019 at the age of 80 .,"Trass died on 14 February 2017 , aged 88 .",0.6019,0.6019,1.975,0.0,3.0
A1,A2,1,1.0,0.6,ok,UniversalCEFR/cefr_sp_en,UniversalCEFR/cefr_sp_en,"Moody died in hospital on 11 June 2015 , aged 91 .",He died 23 December 2018 at the age of 86 after a brief illness .,0.6019,0.6019,0.325,0.0,4.0
A1,A2,1,1.0,0.6,ok,UniversalCEFR/cefr_sp_en,UniversalCEFR/cefr_sp_en,She wanted the grey coat .,She got what she wanted .,0.6018,0.6018,0.2,0.2,0.0
A1,A2,1,1.0,0.6,very_short_text,UniversalCEFR/readme_en,UniversalCEFR/cefr_sp_en,snooze alarm,The alarm will ring in a second .,0.6016,0.6016,1.929,0.0,5.0
A1,A2,1,1.0,0.6,ok,UniversalCEFR/cefr_sp_en,UniversalCEFR/cefr_sp_en,He gave her a loving look .,Her eyes were as kind as ever .,0.6011,0.6011,0.048,0.143,1.0
A1,A2,1,1.0,0.6,ok,UniversalCEFR/readme_en,UniversalCEFR/readme_en,Turn off all of my alarms today.,How much time before my alarm goes off?,0.6008,0.6008,0.304,0.0,1.0
A1,A2,1,1.0,0.6,similar_complexity,UniversalCEFR/readme_en,UniversalCEFR/cefr_sp_en,Set an alarm for 6pm today,The alarm will ring in a second .,0.6008,0.6008,0.029,0.0,2.0
A1,A2,1,1.0,0.6,ok,UniversalCEFR/cefr_sp_en,UniversalCEFR/cefr_sp_en,Skiing is a winter sport .,Freestyle snowboarding is now an Olympic sport .,0.6006,0.6006,1.714,0.0,2.0
A1,A2,1,1.0,0.6,very_short_text,UniversalCEFR/readme_en,UniversalCEFR/readme_en,Turn on all alarms,i need to set my alarm for tomorrow at 7 am,0.6005,0.6005,0.55,0.0,6.0
A1,A2,1,1.0,0.6,similar_complexity,UniversalCEFR/cefr_sp_en,UniversalCEFR/cefr_sp_en,"Bopp died on January 6 , 2018 at the age of 68 .","Ryman died on February 8 , 2019 in New York City at the age of 88 .",0.6005,0.6005,0.125,0.0,4.0
A1,A2,1,1.0,0.6,ok,UniversalCEFR/cefr_sp_en,UniversalCEFR/cefr_sp_en,"He died on 3 May 2015 , aged 84 , after a long illness .",Large died on 3 November 2018 from a heart attack at the age of 75 .,0.6004,0.6004,0.194,0.0,3.0
A1,A2,1,1.0,0.6,very_short_text,UniversalCEFR/readme_en,UniversalCEFR/cefr_sp_en,Add salt and pepper.,There 's not enough salt .,0.6002,0.6002,0.2,0.0,1.0
